time,counts_left,counts_right,laterality,r,l
2019-11-15 16:31:16,31,33,0.03125,1.0,1.0
2019-11-15 16:31:17,33,36,0.043478260869565216,1.0,1.0
2019-11-15 16:31:18,18,19,0.02702702702702703,1.0,1.0
2019-11-15 16:31:19,12,14,0.07692307692307693,1.0,1.0
2019-11-15 16:31:20,10,7,-0.17647058823529413,1.0,1.0
2019-11-15 16:31:21,7,16,0.391304347826087,1.0,1.0
2019-11-15 16:31:22,3,7,0.4,1.0,1.0
2019-11-15 16:31:23,2,2,0.0,1.0,1.0
2019-11-15 16:31:24,0,1,1.0,1.0,0.0
2019-11-15 16:31:25,1,6,0.7142857142857143,1.0,1.0
2019-11-15 16:31:26,1,7,0.75,1.0,1.0
2019-11-15 16:31:27,0,6,1.0,1.0,0.0
2019-11-15 16:31:28,0,8,1.0,1.0,0.0
2019-11-15 16:31:29,0,5,1.0,1.0,0.0
2019-11-15 16:31:30,1,4,0.6,1.0,1.0
2019-11-15 16:31:31,1,6,0.7142857142857143,1.0,1.0
2019-11-15 16:31:32,0,5,1.0,1.0,0.0
2019-11-15 16:31:33,1,7,0.75,1.0,1.0
2019-11-15 16:31:34,3,5,0.25,1.0,1.0
2019-11-15 16:31:35,7,1,-0.75,1.0,1.0
2019-11-15 16:31:36,10,0,-1.0,0.0,1.0
2019-11-15 16:31:37,7,0,-1.0,0.0,1.0
2019-11-15 16:31:38,4,0,-1.0,0.0,1.0
2019-11-15 16:31:39,6,1,-0.7142857142857143,1.0,1.0
2019-11-15 16:31:40,7,4,-0.2727272727272727,1.0,1.0
2019-11-15 16:31:41,8,5,-0.23076923076923078,1.0,1.0
2019-11-15 16:31:42,5,2,-0.42857142857142855,1.0,1.0
2019-11-15 16:31:43,2,1,-0.3333333333333333,1.0,1.0
2019-11-15 16:31:44,1,3,0.5,1.0,1.0
2019-11-15 16:31:45,3,5,0.25,1.0,1.0
2019-11-15 16:31:46,2,3,0.2,1.0,1.0
2019-11-15 16:31:47,2,6,0.5,1.0,1.0
2019-11-15 16:31:48,5,9,0.2857142857142857,1.0,1.0
2019-11-15 16:31:49,11,4,-0.4666666666666667,1.0,1.0
2019-11-15 16:31:50,5,5,0.0,1.0,1.0
2019-11-15 16:31:51,1,2,0.3333333333333333,1.0,1.0
2019-11-15 16:31:52,1,2,0.3333333333333333,1.0,1.0
2019-11-15 16:31:53,1,3,0.5,1.0,1.0
2019-11-15 16:31:54,1,4,0.6,1.0,1.0
2019-11-15 16:31:55,1,11,0.8333333333333334,1.0,1.0
2019-11-15 16:31:56,1,9,0.8,1.0,1.0
2019-11-15 16:31:57,4,4,0.0,1.0,1.0
2019-11-15 16:31:58,7,7,0.0,1.0,1.0
2019-11-15 16:31:59,5,3,-0.25,1.0,1.0
2019-11-15 16:32:00,2,5,0.42857142857142855,1.0,1.0
2019-11-15 16:32:01,2,6,0.5,1.0,1.0
2019-11-15 16:32:02,1,3,0.5,1.0,1.0
2019-11-15 16:32:03,2,6,0.5,1.0,1.0
2019-11-15 16:32:04,0,4,1.0,1.0,0.0
2019-11-15 16:32:05,1,8,0.7777777777777778,1.0,1.0
2019-11-15 16:32:06,1,7,0.75,1.0,1.0
2019-11-15 16:32:07,1,2,0.3333333333333333,1.0,1.0
2019-11-15 16:32:08,0,2,1.0,1.0,0.0
2019-11-15 16:32:09,0,5,1.0,1.0,0.0
2019-11-15 16:32:10,0,6,1.0,1.0,0.0
2019-11-15 16:32:11,0,5,1.0,1.0,0.0
2019-11-15 16:32:12,0,4,1.0,1.0,0.0
2019-11-15 16:32:13,0,8,1.0,1.0,0.0
2019-11-15 16:32:14,0,7,1.0,1.0,0.0
2019-11-15 16:32:15,0,6,1.0,1.0,0.0
2019-11-15 16:32:16,1,8,0.7777777777777778,1.0,1.0
2019-11-15 16:32:17,2,6,0.5,1.0,1.0
2019-11-15 16:32:18,3,8,0.45454545454545453,1.0,1.0
2019-11-15 16:32:19,1,3,0.5,1.0,1.0
2019-11-15 16:32:20,6,5,-0.09090909090909091,1.0,1.0
2019-11-15 16:32:21,7,6,-0.07692307692307693,1.0,1.0
2019-11-15 16:32:22,4,6,0.2,1.0,1.0
2019-11-15 16:32:23,3,5,0.25,1.0,1.0
2019-11-15 16:32:24,2,3,0.2,1.0,1.0
2019-11-15 16:32:25,5,3,-0.25,1.0,1.0
2019-11-15 16:32:26,3,4,0.14285714285714285,1.0,1.0
2019-11-15 16:32:27,1,3,0.5,1.0,1.0
2019-11-15 16:32:28,1,6,0.7142857142857143,1.0,1.0
2019-11-15 16:32:29,0,4,1.0,1.0,0.0
2019-11-15 16:32:30,1,4,0.6,1.0,1.0
2019-11-15 16:32:31,0,4,1.0,1.0,0.0
2019-11-15 16:32:32,1,6,0.7142857142857143,1.0,1.0
2019-11-15 16:32:33,1,6,0.7142857142857143,1.0,1.0
2019-11-15 16:32:34,1,4,0.6,1.0,1.0
2019-11-15 16:32:35,0,3,1.0,1.0,0.0
2019-11-15 16:32:36,1,6,0.7142857142857143,1.0,1.0
2019-11-15 16:32:37,1,4,0.6,1.0,1.0
2019-11-15 16:32:38,1,9,0.8,1.0,1.0
2019-11-15 16:32:39,2,4,0.3333333333333333,1.0,1.0
2019-11-15 16:32:40,2,5,0.42857142857142855,1.0,1.0
2019-11-15 16:32:41,3,10,0.5384615384615384,1.0,1.0
2019-11-15 16:32:42,5,9,0.2857142857142857,1.0,1.0
2019-11-15 16:32:43,10,9,-0.05263157894736842,1.0,1.0
2019-11-15 16:32:44,4,4,0.0,1.0,1.0
2019-11-15 16:32:45,3,6,0.3333333333333333,1.0,1.0
2019-11-15 16:32:46,3,3,0.0,1.0,1.0
2019-11-15 16:32:47,4,2,-0.3333333333333333,1.0,1.0
2019-11-15 16:32:48,2,1,-0.3333333333333333,1.0,1.0
2019-11-15 16:32:49,1,0,-1.0,0.0,1.0
2019-11-15 16:32:50,1,1,0.0,1.0,1.0
2019-11-15 16:32:51,1,1,0.0,1.0,1.0
2019-11-15 16:32:52,2,0,-1.0,0.0,1.0
2019-11-15 16:32:53,1,1,0.0,1.0,1.0
2019-11-15 16:32:54,1,1,0.0,1.0,1.0
2019-11-15 16:32:55,2,1,-0.3333333333333333,1.0,1.0
2019-11-15 16:32:56,1,1,0.0,1.0,1.0
2019-11-15 16:32:57,3,1,-0.5,1.0,1.0
2019-11-15 16:32:58,2,2,0.0,1.0,1.0
2019-11-15 16:32:59,1,1,0.0,1.0,1.0
2019-11-15 16:33:00,2,0,-1.0,0.0,1.0
2019-11-15 16:33:01,1,0,-1.0,0.0,1.0
2019-11-15 16:33:02,2,0,-1.0,0.0,1.0
2019-11-15 16:33:03,1,0,-1.0,0.0,1.0
2019-11-15 16:33:04,2,0,-1.0,0.0,1.0
2019-11-15 16:33:05,2,0,-1.0,0.0,1.0
2019-11-15 16:33:06,1,0,-1.0,0.0,1.0
2019-11-15 16:33:07,0,0,,0.0,0.0
2019-11-15 16:33:08,0,0,,0.0,0.0
2019-11-15 16:33:09,0,0,,0.0,0.0
2019-11-15 16:33:10,0,0,,0.0,0.0
2019-11-15 16:33:11,0,0,,0.0,0.0
2019-11-15 16:33:12,0,0,,0.0,0.0
2019-11-15 16:33:13,0,0,,0.0,0.0
2019-11-15 16:33:14,0,0,,0.0,0.0
2019-11-15 16:33:15,1,13,0.8571428571428571,1.0,1.0
2019-11-15 16:33:16,2,11,0.6923076923076923,1.0,1.0
2019-11-15 16:33:17,0,7,1.0,1.0,0.0
2019-11-15 16:33:18,1,6,0.7142857142857143,1.0,1.0
2019-11-15 16:33:19,1,6,0.7142857142857143,1.0,1.0
2019-11-15 16:33:20,0,3,1.0,1.0,0.0
2019-11-15 16:33:21,0,3,1.0,1.0,0.0
2019-11-15 16:33:22,0,2,1.0,1.0,0.0
2019-11-15 16:33:23,0,4,1.0,1.0,0.0
2019-11-15 16:33:24,0,4,1.0,1.0,0.0
2019-11-15 16:33:25,0,2,1.0,1.0,0.0
2019-11-15 16:33:26,1,2,0.3333333333333333,1.0,1.0
2019-11-15 16:33:27,2,3,0.2,1.0,1.0
2019-11-15 16:33:28,2,6,0.5,1.0,1.0
2019-11-15 16:33:29,2,5,0.42857142857142855,1.0,1.0
2019-11-15 16:33:30,0,4,1.0,1.0,0.0
2019-11-15 16:33:31,0,0,,0.0,0.0
2019-11-15 16:33:32,0,5,1.0,1.0,0.0
2019-11-15 16:33:33,0,6,1.0,1.0,0.0
2019-11-15 16:33:34,0,3,1.0,1.0,0.0
2019-11-15 16:33:35,0,1,1.0,1.0,0.0
2019-11-15 16:33:36,0,2,1.0,1.0,0.0
2019-11-15 16:33:37,0,3,1.0,1.0,0.0
2019-11-15 16:33:38,0,2,1.0,1.0,0.0
2019-11-15 16:33:39,0,1,1.0,1.0,0.0
2019-11-15 16:33:40,0,0,,0.0,0.0
2019-11-15 16:33:41,2,0,-1.0,0.0,1.0
2019-11-15 16:33:42,1,1,0.0,1.0,1.0
2019-11-15 16:33:43,1,3,0.5,1.0,1.0
2019-11-15 16:33:44,2,6,0.5,1.0,1.0
2019-11-15 16:33:45,1,7,0.75,1.0,1.0
2019-11-15 16:33:46,0,4,1.0,1.0,0.0
2019-11-15 16:33:47,1,1,0.0,1.0,1.0
2019-11-15 16:33:48,1,0,-1.0,0.0,1.0
2019-11-15 16:33:49,2,0,-1.0,0.0,1.0
2019-11-15 16:33:50,4,0,-1.0,0.0,1.0
2019-11-15 16:33:51,2,0,-1.0,0.0,1.0
2019-11-15 16:33:52,1,0,-1.0,0.0,1.0
2019-11-15 16:33:53,3,0,-1.0,0.0,1.0
2019-11-15 16:33:54,2,0,-1.0,0.0,1.0
2019-11-15 16:33:55,2,0,-1.0,0.0,1.0
2019-11-15 16:33:56,2,0,-1.0,0.0,1.0
2019-11-15 16:33:57,2,0,-1.0,0.0,1.0
2019-11-15 16:33:58,1,0,-1.0,0.0,1.0
2019-11-15 16:33:59,3,0,-1.0,0.0,1.0
2019-11-15 16:34:00,2,2,0.0,1.0,1.0
2019-11-15 16:34:01,6,3,-0.3333333333333333,1.0,1.0
2019-11-15 16:34:02,2,3,0.2,1.0,1.0
2019-11-15 16:34:03,0,0,,0.0,0.0
2019-11-15 16:34:04,0,0,,0.0,0.0
2019-11-15 16:34:05,0,0,,0.0,0.0
2019-11-15 16:34:06,4,15,0.5789473684210527,1.0,1.0
2019-11-15 16:34:07,1,12,0.8461538461538461,1.0,1.0
2019-11-15 16:34:08,2,9,0.6363636363636364,1.0,1.0
2019-11-15 16:34:09,1,18,0.8947368421052632,1.0,1.0
2019-11-15 16:34:10,2,8,0.6,1.0,1.0
2019-11-15 16:34:11,5,6,0.09090909090909091,1.0,1.0
2019-11-15 16:34:12,3,7,0.4,1.0,1.0
2019-11-15 16:34:13,1,13,0.8571428571428571,1.0,1.0
2019-11-15 16:34:14,1,8,0.7777777777777778,1.0,1.0
2019-11-15 16:34:15,1,4,0.6,1.0,1.0
2019-11-15 16:34:16,1,1,0.0,1.0,1.0
2019-11-15 16:34:17,2,1,-0.3333333333333333,1.0,1.0
2019-11-15 16:34:18,1,0,-1.0,0.0,1.0
2019-11-15 16:34:19,1,0,-1.0,0.0,1.0
2019-11-15 16:34:20,2,0,-1.0,0.0,1.0
2019-11-15 16:34:21,5,0,-1.0,0.0,1.0
2019-11-15 16:34:22,2,0,-1.0,0.0,1.0
2019-11-15 16:34:23,2,0,-1.0,0.0,1.0
2019-11-15 16:34:24,1,0,-1.0,0.0,1.0
2019-11-15 16:34:25,1,0,-1.0,0.0,1.0
2019-11-15 16:34:26,2,0,-1.0,0.0,1.0
2019-11-15 16:34:27,2,0,-1.0,0.0,1.0
2019-11-15 16:34:28,1,0,-1.0,0.0,1.0
2019-11-15 16:34:29,2,0,-1.0,0.0,1.0
2019-11-15 16:34:30,2,0,-1.0,0.0,1.0
2019-11-15 16:34:31,1,0,-1.0,0.0,1.0
2019-11-15 16:34:32,0,0,,0.0,0.0
2019-11-15 16:34:33,0,0,,0.0,0.0
2019-11-15 16:34:34,0,0,,0.0,0.0
2019-11-15 16:34:35,0,0,,0.0,0.0
2019-11-15 16:34:36,0,0,,0.0,0.0
2019-11-15 16:34:37,1,0,-1.0,0.0,1.0
2019-11-15 16:34:38,5,0,-1.0,0.0,1.0
2019-11-15 16:34:39,3,0,-1.0,0.0,1.0
2019-11-15 16:34:40,1,0,-1.0,0.0,1.0
2019-11-15 16:34:41,0,2,1.0,1.0,0.0
2019-11-15 16:34:42,0,5,1.0,1.0,0.0
2019-11-15 16:34:43,0,3,1.0,1.0,0.0
2019-11-15 16:34:44,0,3,1.0,1.0,0.0
2019-11-15 16:34:45,0,5,1.0,1.0,0.0
2019-11-15 16:34:46,0,3,1.0,1.0,0.0
2019-11-15 16:34:47,0,2,1.0,1.0,0.0
2019-11-15 16:34:48,1,1,0.0,1.0,1.0
2019-11-15 16:34:49,2,2,0.0,1.0,1.0
2019-11-15 16:34:50,1,2,0.3333333333333333,1.0,1.0
2019-11-15 16:34:51,4,2,-0.3333333333333333,1.0,1.0
2019-11-15 16:34:52,3,1,-0.5,1.0,1.0
2019-11-15 16:34:53,3,2,-0.2,1.0,1.0
2019-11-15 16:34:54,1,1,0.0,1.0,1.0
2019-11-15 16:34:55,2,8,0.6,1.0,1.0
2019-11-15 16:34:56,0,6,1.0,1.0,0.0
2019-11-15 16:34:57,1,4,0.6,1.0,1.0
2019-11-15 16:34:58,2,6,0.5,1.0,1.0
2019-11-15 16:34:59,3,4,0.14285714285714285,1.0,1.0
2019-11-15 16:35:00,4,4,0.0,1.0,1.0
2019-11-15 16:35:01,1,2,0.3333333333333333,1.0,1.0
2019-11-15 16:35:02,1,6,0.7142857142857143,1.0,1.0
2019-11-15 16:35:03,0,8,1.0,1.0,0.0
2019-11-15 16:35:04,0,9,1.0,1.0,0.0
2019-11-15 16:35:05,1,4,0.6,1.0,1.0
2019-11-15 16:35:06,0,5,1.0,1.0,0.0
2019-11-15 16:35:07,1,3,0.5,1.0,1.0
2019-11-15 16:35:08,6,6,0.0,1.0,1.0
2019-11-15 16:35:09,3,4,0.14285714285714285,1.0,1.0
2019-11-15 16:35:10,4,1,-0.6,1.0,1.0
2019-11-15 16:35:11,2,0,-1.0,0.0,1.0
2019-11-15 16:35:12,0,0,,0.0,0.0
2019-11-15 16:35:13,0,0,,0.0,0.0
2019-11-15 16:35:14,0,0,,0.0,0.0
2019-11-15 16:35:15,0,0,,0.0,0.0
2019-11-15 16:35:16,0,0,,0.0,0.0
2019-11-15 16:35:17,0,0,,0.0,0.0
2019-11-15 16:35:18,0,0,,0.0,0.0
2019-11-15 16:35:19,0,0,,0.0,0.0
2019-11-15 16:35:20,0,0,,0.0,0.0
2019-11-15 16:35:21,0,0,,0.0,0.0
2019-11-15 16:35:22,0,0,,0.0,0.0
2019-11-15 16:35:23,0,0,,0.0,0.0
2019-11-15 16:35:24,0,0,,0.0,0.0
2019-11-15 16:35:25,0,0,,0.0,0.0
2019-11-15 16:35:26,0,0,,0.0,0.0
2019-11-15 16:35:27,0,0,,0.0,0.0
2019-11-15 16:35:28,0,0,,0.0,0.0
2019-11-15 16:35:29,0,0,,0.0,0.0
2019-11-15 16:35:30,7,0,-1.0,0.0,1.0
2019-11-15 16:35:31,7,13,0.3,1.0,1.0
2019-11-15 16:35:32,7,5,-0.16666666666666666,1.0,1.0
2019-11-15 16:35:33,2,3,0.2,1.0,1.0
2019-11-15 16:35:34,3,2,-0.2,1.0,1.0
2019-11-15 16:35:35,1,1,0.0,1.0,1.0
2019-11-15 16:35:36,3,0,-1.0,0.0,1.0
2019-11-15 16:35:37,2,0,-1.0,0.0,1.0
2019-11-15 16:35:38,2,0,-1.0,0.0,1.0
2019-11-15 16:35:39,2,0,-1.0,0.0,1.0
2019-11-15 16:35:40,1,0,-1.0,0.0,1.0
2019-11-15 16:35:41,3,0,-1.0,0.0,1.0
2019-11-15 16:35:42,1,0,-1.0,0.0,1.0
2019-11-15 16:35:43,1,0,-1.0,0.0,1.0
2019-11-15 16:35:44,3,9,0.5,1.0,1.0
2019-11-15 16:35:45,3,12,0.6,1.0,1.0
2019-11-15 16:35:46,4,10,0.42857142857142855,1.0,1.0
2019-11-15 16:35:47,1,4,0.6,1.0,1.0
2019-11-15 16:35:48,1,6,0.7142857142857143,1.0,1.0
2019-11-15 16:35:49,0,1,1.0,1.0,0.0
2019-11-15 16:35:50,1,2,0.3333333333333333,1.0,1.0
2019-11-25 16:47:00,21,15,-0.16666666666666666,1.0,1.0
2019-11-25 16:47:01,23,10,-0.3939393939393939,1.0,1.0
2019-11-25 16:47:02,17,11,-0.21428571428571427,1.0,1.0
2019-11-25 16:47:03,7,5,-0.16666666666666666,1.0,1.0
2019-11-25 16:47:04,9,4,-0.38461538461538464,1.0,1.0
2019-11-25 16:47:05,3,2,-0.2,1.0,1.0
2019-11-25 16:47:06,3,2,-0.2,1.0,1.0
2019-11-25 16:47:07,1,1,0.0,1.0,1.0
2019-11-25 16:47:08,1,18,0.8947368421052632,1.0,1.0
2019-11-25 16:47:09,0,19,1.0,1.0,0.0
2019-11-25 16:47:10,0,12,1.0,1.0,0.0
2019-11-25 16:47:11,0,23,1.0,1.0,0.0
2019-11-25 16:47:12,0,20,1.0,1.0,0.0
2019-11-25 16:47:13,0,16,1.0,1.0,0.0
2019-11-25 16:47:14,0,11,1.0,1.0,0.0
2019-11-25 16:47:15,0,5,1.0,1.0,0.0
2019-11-25 16:47:16,0,5,1.0,1.0,0.0
2019-11-25 16:47:17,0,9,1.0,1.0,0.0
2019-11-25 16:47:18,0,9,1.0,1.0,0.0
2019-11-25 16:47:19,0,11,1.0,1.0,0.0
2019-11-25 16:47:20,0,6,1.0,1.0,0.0
2019-11-25 16:47:21,0,16,1.0,1.0,0.0
2019-11-25 16:47:22,2,16,0.7777777777777778,1.0,1.0
2019-11-25 16:47:23,3,5,0.25,1.0,1.0
2019-11-25 16:47:24,5,6,0.09090909090909091,1.0,1.0
2019-11-25 16:47:25,5,8,0.23076923076923078,1.0,1.0
2019-11-25 16:47:26,6,11,0.29411764705882354,1.0,1.0
2019-11-25 16:47:27,2,5,0.42857142857142855,1.0,1.0
2019-11-25 16:47:28,1,4,0.6,1.0,1.0
2019-11-25 16:47:29,0,5,1.0,1.0,0.0
2019-11-25 16:47:30,0,7,1.0,1.0,0.0
2019-11-25 16:47:31,0,4,1.0,1.0,0.0
2019-11-25 16:47:32,0,3,1.0,1.0,0.0
2019-11-25 16:47:33,0,8,1.0,1.0,0.0
2019-11-25 16:47:34,0,5,1.0,1.0,0.0
2019-11-25 16:47:35,0,8,1.0,1.0,0.0
2019-11-25 16:47:36,0,8,1.0,1.0,0.0
2019-11-25 16:47:37,0,9,1.0,1.0,0.0
2019-11-25 16:47:38,0,4,1.0,1.0,0.0
2019-11-25 16:47:39,0,10,1.0,1.0,0.0
2019-11-25 16:47:40,0,7,1.0,1.0,0.0
2019-11-25 16:47:41,0,5,1.0,1.0,0.0
2019-11-25 16:47:42,0,5,1.0,1.0,0.0
2019-11-25 16:47:43,1,3,0.5,1.0,1.0
2019-11-25 16:47:44,3,8,0.45454545454545453,1.0,1.0
2019-11-25 16:47:45,4,6,0.2,1.0,1.0
2019-11-25 16:47:46,2,7,0.5555555555555556,1.0,1.0
2019-11-25 16:47:47,2,5,0.42857142857142855,1.0,1.0
2019-11-25 16:47:48,1,1,0.0,1.0,1.0
2019-11-25 16:47:49,1,1,0.0,1.0,1.0
2019-11-25 16:47:50,1,1,0.0,1.0,1.0
2019-11-25 16:47:51,1,0,-1.0,0.0,1.0
2019-11-25 16:47:52,4,0,-1.0,0.0,1.0
2019-11-25 16:47:53,1,1,0.0,1.0,1.0
2019-11-25 16:47:54,0,1,1.0,1.0,0.0
2019-11-25 16:47:55,1,0,-1.0,0.0,1.0
2019-11-25 16:47:56,8,0,-1.0,0.0,1.0
2019-11-25 16:47:57,15,0,-1.0,0.0,1.0
2019-11-25 16:47:58,11,0,-1.0,0.0,1.0
2019-11-25 16:47:59,3,0,-1.0,0.0,1.0
2019-11-25 16:48:00,4,0,-1.0,0.0,1.0
2019-11-25 16:48:01,4,0,-1.0,0.0,1.0
2019-11-25 16:48:02,5,0,-1.0,0.0,1.0
2019-11-25 16:48:03,4,0,-1.0,0.0,1.0
2019-11-25 16:48:04,6,0,-1.0,0.0,1.0
2019-11-25 16:48:05,7,0,-1.0,0.0,1.0
2019-11-25 16:48:06,4,0,-1.0,0.0,1.0
2019-11-25 16:48:07,1,0,-1.0,0.0,1.0
2019-11-25 16:48:08,5,0,-1.0,0.0,1.0
2019-11-25 16:48:09,3,0,-1.0,0.0,1.0
2019-11-25 16:48:10,5,9,0.2857142857142857,1.0,1.0
2019-11-25 16:48:11,7,11,0.2222222222222222,1.0,1.0
2019-11-25 16:48:12,2,5,0.42857142857142855,1.0,1.0
2019-11-25 16:48:13,5,1,-0.6666666666666666,1.0,1.0
2019-11-25 16:48:14,1,1,0.0,1.0,1.0
2019-11-25 16:48:15,2,0,-1.0,0.0,1.0
2019-11-25 16:48:16,0,0,,0.0,0.0
2019-11-25 16:48:17,1,0,-1.0,0.0,1.0
2019-11-25 16:48:18,0,0,,0.0,0.0
2019-11-25 16:48:19,0,4,1.0,1.0,0.0
2019-11-25 16:48:20,0,5,1.0,1.0,0.0
2019-11-25 16:48:21,1,6,0.7142857142857143,1.0,1.0
2019-11-25 16:48:22,3,5,0.25,1.0,1.0
2019-11-25 16:48:23,3,4,0.14285714285714285,1.0,1.0
2019-11-25 16:48:24,4,5,0.1111111111111111,1.0,1.0
2019-11-25 16:48:25,16,10,-0.23076923076923078,1.0,1.0
2019-11-25 16:48:26,7,4,-0.2727272727272727,1.0,1.0
2019-11-25 16:48:27,7,10,0.17647058823529413,1.0,1.0
2019-11-25 16:48:28,3,10,0.5384615384615384,1.0,1.0
2019-11-25 16:48:29,3,5,0.25,1.0,1.0
2019-11-25 16:48:30,4,7,0.2727272727272727,1.0,1.0
2019-11-25 16:48:31,5,2,-0.42857142857142855,1.0,1.0
2019-11-25 16:48:32,5,3,-0.25,1.0,1.0
2019-11-25 16:48:33,5,3,-0.25,1.0,1.0
2019-11-25 16:48:34,1,4,0.6,1.0,1.0
2019-11-25 16:48:35,1,4,0.6,1.0,1.0
2019-11-25 16:48:36,2,5,0.42857142857142855,1.0,1.0
2019-11-25 16:48:37,1,8,0.7777777777777778,1.0,1.0
2019-11-25 16:48:38,2,9,0.6363636363636364,1.0,1.0
2019-11-25 16:48:39,0,8,1.0,1.0,0.0
2019-11-25 16:48:40,0,5,1.0,1.0,0.0
2019-11-25 16:48:41,0,4,1.0,1.0,0.0
2019-11-25 16:48:42,0,1,1.0,1.0,0.0
2019-11-25 16:48:43,0,2,1.0,1.0,0.0
2019-11-25 16:48:44,0,3,1.0,1.0,0.0
2019-11-25 16:48:45,6,8,0.14285714285714285,1.0,1.0
2019-11-25 16:48:46,6,9,0.2,1.0,1.0
2019-11-25 16:48:47,5,4,-0.1111111111111111,1.0,1.0
2019-11-25 16:48:48,2,3,0.2,1.0,1.0
2019-11-25 16:48:49,2,1,-0.3333333333333333,1.0,1.0
2019-11-25 16:48:50,1,2,0.3333333333333333,1.0,1.0
2019-11-25 16:48:51,1,2,0.3333333333333333,1.0,1.0
2019-11-25 16:48:52,4,2,-0.3333333333333333,1.0,1.0
2019-11-25 16:48:53,2,6,0.5,1.0,1.0
2019-11-25 16:48:54,1,2,0.3333333333333333,1.0,1.0
2019-11-25 16:48:55,0,1,1.0,1.0,0.0
2019-11-25 16:48:56,1,0,-1.0,0.0,1.0
2019-11-25 16:48:57,0,0,,0.0,0.0
2019-11-25 16:48:58,0,0,,0.0,0.0
2019-11-25 16:48:59,0,0,,0.0,0.0
2019-11-25 16:49:00,0,0,,0.0,0.0
2019-11-25 16:49:01,0,0,,0.0,0.0
2019-11-25 16:49:02,0,0,,0.0,0.0
2019-11-25 16:49:03,0,0,,0.0,0.0
2019-11-25 16:49:04,0,0,,0.0,0.0
2019-11-25 16:49:05,0,0,,0.0,0.0
2019-11-25 16:49:06,1,0,-1.0,0.0,1.0
2019-11-25 16:49:07,5,0,-1.0,0.0,1.0
2019-11-25 16:49:08,5,6,0.09090909090909091,1.0,1.0
2019-11-25 16:49:09,6,15,0.42857142857142855,1.0,1.0
2019-11-25 16:49:10,2,12,0.7142857142857143,1.0,1.0
2019-11-25 16:49:11,3,20,0.7391304347826086,1.0,1.0
2019-11-25 16:49:12,2,11,0.6923076923076923,1.0,1.0
2019-11-25 16:49:13,2,4,0.3333333333333333,1.0,1.0
2019-11-25 16:49:14,0,3,1.0,1.0,0.0
2019-11-25 16:49:15,0,3,1.0,1.0,0.0
2019-11-25 16:49:16,0,5,1.0,1.0,0.0
2019-11-25 16:49:17,0,5,1.0,1.0,0.0
2019-11-25 16:49:18,1,5,0.6666666666666666,1.0,1.0
2019-11-25 16:49:19,7,4,-0.2727272727272727,1.0,1.0
2019-11-25 16:49:20,6,6,0.0,1.0,1.0
2019-11-25 16:49:21,5,3,-0.25,1.0,1.0
2019-11-25 16:49:22,1,2,0.3333333333333333,1.0,1.0
2019-11-25 16:49:23,4,1,-0.6,1.0,1.0
2019-11-25 16:49:24,1,0,-1.0,0.0,1.0
2019-11-25 16:49:25,0,0,,0.0,0.0
2019-11-25 16:49:26,1,0,-1.0,0.0,1.0
2019-11-25 16:49:27,0,0,,0.0,0.0
2019-11-25 16:49:28,7,0,-1.0,0.0,1.0
2019-11-25 16:49:29,7,0,-1.0,0.0,1.0
2019-11-25 16:49:30,8,0,-1.0,0.0,1.0
2019-11-25 16:49:31,8,0,-1.0,0.0,1.0
2019-11-25 16:49:32,0,0,,0.0,0.0
2019-11-25 16:49:33,5,0,-1.0,0.0,1.0
2019-11-25 16:49:34,6,0,-1.0,0.0,1.0
2019-11-25 16:49:35,6,15,0.42857142857142855,1.0,1.0
2019-11-25 16:49:36,6,15,0.42857142857142855,1.0,1.0
2019-11-25 16:49:37,6,8,0.14285714285714285,1.0,1.0
2019-11-25 16:49:38,3,1,-0.5,1.0,1.0
2019-11-25 16:49:39,5,2,-0.42857142857142855,1.0,1.0
2019-11-25 16:49:40,9,1,-0.8,1.0,1.0
2019-11-25 16:49:41,14,2,-0.75,1.0,1.0
2019-11-25 16:49:42,12,2,-0.7142857142857143,1.0,1.0
2019-11-25 16:49:43,9,4,-0.38461538461538464,1.0,1.0
2019-11-25 16:49:44,5,5,0.0,1.0,1.0
2019-11-25 16:49:45,7,7,0.0,1.0,1.0
2019-11-25 16:49:46,7,9,0.125,1.0,1.0
2019-11-25 16:49:47,4,2,-0.3333333333333333,1.0,1.0
2019-11-25 16:49:48,2,2,0.0,1.0,1.0
2019-11-25 16:49:49,4,1,-0.6,1.0,1.0
2019-11-25 16:49:50,3,2,-0.2,1.0,1.0
2019-11-25 16:49:51,5,3,-0.25,1.0,1.0
2019-11-25 16:49:52,3,4,0.14285714285714285,1.0,1.0
2019-11-25 16:49:53,4,2,-0.3333333333333333,1.0,1.0
2019-11-25 16:49:54,3,5,0.25,1.0,1.0
2019-11-25 16:49:55,4,7,0.2727272727272727,1.0,1.0
2019-11-25 16:49:56,4,10,0.42857142857142855,1.0,1.0
2019-11-25 16:49:57,5,6,0.09090909090909091,1.0,1.0
2019-11-25 16:49:58,1,5,0.6666666666666666,1.0,1.0
2019-11-25 16:49:59,5,4,-0.1111111111111111,1.0,1.0
2019-11-25 16:50:00,4,6,0.2,1.0,1.0
2019-11-25 16:50:01,4,4,0.0,1.0,1.0
2019-11-25 16:50:02,5,4,-0.1111111111111111,1.0,1.0
2019-11-25 16:50:03,4,7,0.2727272727272727,1.0,1.0
2019-11-25 16:50:04,3,6,0.3333333333333333,1.0,1.0
2019-11-25 16:50:05,3,10,0.5384615384615384,1.0,1.0
2019-11-25 16:50:06,3,10,0.5384615384615384,1.0,1.0
2019-11-25 16:50:07,5,14,0.47368421052631576,1.0,1.0
2019-11-25 16:50:08,4,11,0.4666666666666667,1.0,1.0
2019-11-25 16:50:09,3,4,0.14285714285714285,1.0,1.0
2019-11-25 16:50:10,4,2,-0.3333333333333333,1.0,1.0
2019-11-25 16:50:11,3,1,-0.5,1.0,1.0
2019-11-25 16:50:12,7,1,-0.75,1.0,1.0
2019-11-25 16:50:13,14,1,-0.8666666666666667,1.0,1.0
2019-11-25 16:50:14,10,2,-0.6666666666666666,1.0,1.0
2019-11-25 16:50:15,4,4,0.0,1.0,1.0
2019-11-25 16:50:16,3,3,0.0,1.0,1.0
2019-11-25 16:50:17,4,6,0.2,1.0,1.0
2019-11-25 16:50:18,3,19,0.7272727272727273,1.0,1.0
2019-11-25 16:50:19,2,7,0.5555555555555556,1.0,1.0
2019-11-25 16:50:20,1,12,0.8461538461538461,1.0,1.0
2019-11-25 16:50:21,1,9,0.8,1.0,1.0
2019-11-25 16:50:22,2,5,0.42857142857142855,1.0,1.0
2019-11-25 16:50:23,5,7,0.16666666666666666,1.0,1.0
2019-11-25 16:50:24,5,17,0.5454545454545454,1.0,1.0
2019-11-25 16:50:25,6,13,0.3684210526315789,1.0,1.0
2019-11-25 16:50:26,3,14,0.6470588235294118,1.0,1.0
2019-11-25 16:50:27,2,12,0.7142857142857143,1.0,1.0
2019-11-25 16:50:28,1,7,0.75,1.0,1.0
2019-11-25 16:50:29,4,14,0.5555555555555556,1.0,1.0
2019-11-25 16:50:30,23,9,-0.4375,1.0,1.0
2019-11-25 16:50:31,14,9,-0.21739130434782608,1.0,1.0
2019-11-25 16:50:32,4,4,0.0,1.0,1.0
2019-11-25 16:50:33,3,1,-0.5,1.0,1.0
2019-11-25 16:50:34,10,4,-0.42857142857142855,1.0,1.0
2019-11-25 16:50:35,15,11,-0.15384615384615385,1.0,1.0
2019-11-25 16:50:36,8,10,0.1111111111111111,1.0,1.0
2019-11-25 16:50:37,4,3,-0.14285714285714285,1.0,1.0
2019-11-25 16:50:38,6,2,-0.5,1.0,1.0
2019-11-25 16:50:39,3,2,-0.2,1.0,1.0
2019-11-25 16:50:40,4,1,-0.6,1.0,1.0
2019-11-25 16:50:41,3,1,-0.5,1.0,1.0
2019-11-25 16:50:42,1,1,0.0,1.0,1.0
2019-11-25 16:50:43,2,1,-0.3333333333333333,1.0,1.0
2019-11-25 16:50:44,1,1,0.0,1.0,1.0
2019-11-25 16:50:45,0,3,1.0,1.0,0.0
2019-11-25 16:50:46,4,5,0.1111111111111111,1.0,1.0
2019-11-25 16:50:47,3,6,0.3333333333333333,1.0,1.0
2019-11-25 16:50:48,3,5,0.25,1.0,1.0
2019-11-25 16:50:49,3,2,-0.2,1.0,1.0
2019-11-25 16:50:50,4,6,0.2,1.0,1.0
2019-11-25 16:50:51,8,11,0.15789473684210525,1.0,1.0
2019-11-25 16:50:52,6,14,0.4,1.0,1.0
2019-11-25 16:50:53,4,6,0.2,1.0,1.0
2019-11-25 16:50:54,2,8,0.6,1.0,1.0
2019-11-25 16:50:55,2,8,0.6,1.0,1.0
2019-11-25 16:50:56,7,3,-0.4,1.0,1.0
2019-11-25 16:50:57,4,5,0.1111111111111111,1.0,1.0
2019-11-25 16:50:58,8,1,-0.7777777777777778,1.0,1.0
2019-11-25 16:50:59,10,5,-0.3333333333333333,1.0,1.0
2019-11-25 16:51:00,10,3,-0.5384615384615384,1.0,1.0
2019-11-25 16:51:01,12,2,-0.7142857142857143,1.0,1.0
2019-11-25 16:51:02,7,1,-0.75,1.0,1.0
2019-11-25 16:51:03,4,0,-1.0,0.0,1.0
2019-11-25 16:51:04,7,2,-0.5555555555555556,1.0,1.0
2019-11-25 16:51:05,4,3,-0.14285714285714285,1.0,1.0
2019-11-25 16:51:06,1,4,0.6,1.0,1.0
2019-11-25 16:51:07,0,0,,0.0,0.0
2019-11-25 16:51:08,1,1,0.0,1.0,1.0
2019-11-25 16:51:09,1,0,-1.0,0.0,1.0
2019-11-25 16:51:10,3,4,0.14285714285714285,1.0,1.0
2019-11-25 16:51:11,4,4,0.0,1.0,1.0
2019-11-25 16:51:12,6,2,-0.5,1.0,1.0
2019-11-25 16:51:13,2,2,0.0,1.0,1.0
2019-11-25 16:51:14,2,4,0.3333333333333333,1.0,1.0
2019-11-25 16:51:15,6,4,-0.2,1.0,1.0
2019-11-25 16:51:16,1,5,0.6666666666666666,1.0,1.0
2019-11-25 16:51:17,2,3,0.2,1.0,1.0
2019-11-25 16:51:18,2,3,0.2,1.0,1.0
2019-11-25 16:51:19,2,1,-0.3333333333333333,1.0,1.0
2019-11-25 16:51:20,10,2,-0.6666666666666666,1.0,1.0
2019-11-25 16:51:21,9,1,-0.8,1.0,1.0
2019-11-25 16:51:22,5,3,-0.25,1.0,1.0
2019-11-25 16:51:23,7,2,-0.5555555555555556,1.0,1.0
2019-11-25 16:51:24,3,4,0.14285714285714285,1.0,1.0
2019-11-25 16:51:25,3,7,0.4,1.0,1.0
2019-11-25 16:51:26,2,7,0.5555555555555556,1.0,1.0
2019-11-25 16:51:27,3,5,0.25,1.0,1.0
2019-11-25 16:51:28,2,4,0.3333333333333333,1.0,1.0
2019-11-25 16:51:29,1,1,0.0,1.0,1.0
2019-11-25 16:51:30,4,2,-0.3333333333333333,1.0,1.0
2019-11-25 16:51:31,5,2,-0.42857142857142855,1.0,1.0
2019-11-25 16:51:32,3,2,-0.2,1.0,1.0
2019-11-25 16:51:33,4,4,0.0,1.0,1.0
2019-11-25 16:51:34,9,2,-0.6363636363636364,1.0,1.0
2019-11-25 16:51:35,7,0,-1.0,0.0,1.0
2019-11-25 16:51:36,7,1,-0.75,1.0,1.0
2019-11-25 16:51:37,3,3,0.0,1.0,1.0
2019-11-25 16:51:38,0,0,,0.0,0.0
2019-11-25 16:51:39,0,0,,0.0,0.0
2019-11-25 16:51:40,0,0,,0.0,0.0
2019-11-25 16:51:41,0,0,,0.0,0.0
2019-11-25 16:51:42,0,0,,0.0,0.0
2019-11-25 16:51:43,0,0,,0.0,0.0
2019-11-25 16:51:44,0,0,,0.0,0.0
2019-11-25 16:51:45,2,0,-1.0,0.0,1.0
2019-11-25 16:51:46,11,1,-0.8333333333333334,1.0,1.0
2019-11-25 16:51:47,8,0,-1.0,0.0,1.0
2019-11-25 16:51:48,6,1,-0.7142857142857143,1.0,1.0
2019-11-25 16:51:49,8,3,-0.45454545454545453,1.0,1.0
2019-11-25 16:51:50,3,2,-0.2,1.0,1.0
2019-11-25 16:51:51,2,5,0.42857142857142855,1.0,1.0
2019-11-25 16:51:52,3,4,0.14285714285714285,1.0,1.0
2019-11-25 16:51:53,5,7,0.16666666666666666,1.0,1.0
2019-11-25 16:51:54,5,4,-0.1111111111111111,1.0,1.0
2019-11-25 16:51:55,2,3,0.2,1.0,1.0
2019-11-25 16:51:56,28,1,-0.9310344827586207,1.0,1.0
2019-11-25 16:51:57,11,4,-0.4666666666666667,1.0,1.0
2019-11-25 16:51:58,2,6,0.5,1.0,1.0
2019-11-25 16:51:59,2,5,0.42857142857142855,1.0,1.0
2019-11-25 16:52:00,3,2,-0.2,1.0,1.0
2019-11-25 16:52:01,4,8,0.3333333333333333,1.0,1.0
2019-11-25 16:52:02,5,6,0.09090909090909091,1.0,1.0
2019-11-25 16:52:03,4,6,0.2,1.0,1.0
2019-11-25 16:52:04,2,3,0.2,1.0,1.0
2019-11-25 16:52:05,0,5,1.0,1.0,0.0
2019-11-25 16:52:06,1,8,0.7777777777777778,1.0,1.0
2019-11-25 16:52:07,0,4,1.0,1.0,0.0
2019-11-25 16:52:08,3,4,0.14285714285714285,1.0,1.0
2019-11-25 16:52:09,2,8,0.6,1.0,1.0
2019-11-25 16:52:10,1,18,0.8947368421052632,1.0,1.0
2019-11-25 16:52:11,6,13,0.3684210526315789,1.0,1.0
2019-11-25 16:52:12,2,7,0.5555555555555556,1.0,1.0
2019-11-25 16:52:13,1,8,0.7777777777777778,1.0,1.0
2019-11-25 16:52:14,0,2,1.0,1.0,0.0
2019-11-25 16:52:15,1,4,0.6,1.0,1.0
2019-11-25 16:52:16,0,5,1.0,1.0,0.0
2019-11-25 16:52:17,8,10,0.1111111111111111,1.0,1.0
2019-11-25 16:52:18,8,8,0.0,1.0,1.0
2019-11-25 16:52:19,10,7,-0.17647058823529413,1.0,1.0
2019-11-25 16:52:20,6,8,0.14285714285714285,1.0,1.0
2019-11-25 16:52:21,10,11,0.047619047619047616,1.0,1.0
2019-11-25 16:52:22,7,13,0.3,1.0,1.0
2019-11-25 16:52:23,2,3,0.2,1.0,1.0
2019-11-25 16:52:24,8,3,-0.45454545454545453,1.0,1.0
2019-11-25 16:52:25,11,3,-0.5714285714285714,1.0,1.0
2019-11-25 16:52:26,8,2,-0.6,1.0,1.0
2019-11-25 16:52:27,3,2,-0.2,1.0,1.0
2019-11-25 16:52:28,6,1,-0.7142857142857143,1.0,1.0
2019-11-25 16:52:29,6,2,-0.5,1.0,1.0
2019-11-25 16:52:30,10,1,-0.8181818181818182,1.0,1.0
2019-11-25 16:52:31,8,2,-0.6,1.0,1.0
2019-11-25 16:52:32,3,4,0.14285714285714285,1.0,1.0
2019-11-25 16:52:33,2,9,0.6363636363636364,1.0,1.0
2019-11-25 16:52:34,1,9,0.8,1.0,1.0
2019-11-25 16:52:35,2,2,0.0,1.0,1.0
2019-11-25 16:52:36,4,3,-0.14285714285714285,1.0,1.0
2019-11-25 16:52:37,5,5,0.0,1.0,1.0
2019-11-25 16:52:38,6,1,-0.7142857142857143,1.0,1.0
2019-11-25 16:52:39,3,4,0.14285714285714285,1.0,1.0
2019-11-25 16:52:40,1,3,0.5,1.0,1.0
2019-11-25 16:52:41,1,4,0.6,1.0,1.0
2019-11-25 16:52:42,2,9,0.6363636363636364,1.0,1.0
2019-11-25 16:52:43,2,4,0.3333333333333333,1.0,1.0
2019-11-25 16:52:44,6,3,-0.3333333333333333,1.0,1.0
2019-11-25 16:52:45,5,3,-0.25,1.0,1.0
2019-11-25 16:52:46,5,0,-1.0,0.0,1.0
2019-11-25 16:52:47,5,0,-1.0,0.0,1.0
2019-11-25 16:52:48,3,0,-1.0,0.0,1.0
2019-11-25 16:52:49,2,0,-1.0,0.0,1.0
2019-11-25 16:52:50,1,0,-1.0,0.0,1.0
2019-11-25 16:52:51,1,0,-1.0,0.0,1.0
2019-11-25 16:52:52,7,0,-1.0,0.0,1.0
2019-11-25 16:52:53,3,0,-1.0,0.0,1.0
2019-11-25 16:52:54,3,0,-1.0,0.0,1.0
2019-11-25 16:52:55,7,0,-1.0,0.0,1.0
2019-11-25 16:52:56,4,0,-1.0,0.0,1.0
2019-11-25 16:52:57,7,0,-1.0,0.0,1.0
2019-11-25 16:52:58,4,0,-1.0,0.0,1.0
2019-11-25 16:52:59,3,0,-1.0,0.0,1.0
2019-11-25 16:53:00,6,0,-1.0,0.0,1.0
2019-11-25 16:53:01,9,0,-1.0,0.0,1.0
2019-11-25 16:53:02,5,0,-1.0,0.0,1.0
2019-11-25 16:53:03,1,0,-1.0,0.0,1.0
2019-11-25 16:53:04,2,0,-1.0,0.0,1.0
2019-11-25 16:53:05,1,0,-1.0,0.0,1.0
2019-11-25 16:53:06,1,3,0.5,1.0,1.0
2019-11-25 16:53:07,2,5,0.42857142857142855,1.0,1.0
2019-11-25 16:53:08,1,17,0.8888888888888888,1.0,1.0
2019-11-25 16:53:09,1,10,0.8181818181818182,1.0,1.0
2019-11-25 16:53:10,1,10,0.8181818181818182,1.0,1.0
2019-11-25 16:53:11,2,8,0.6,1.0,1.0
2019-11-25 16:53:12,6,4,-0.2,1.0,1.0
2019-11-25 16:53:13,5,1,-0.6666666666666666,1.0,1.0
2019-11-25 16:53:14,5,2,-0.42857142857142855,1.0,1.0
2019-11-25 16:53:15,2,0,-1.0,0.0,1.0
2019-11-25 16:53:16,2,1,-0.3333333333333333,1.0,1.0
2019-11-25 16:53:17,0,3,1.0,1.0,0.0
2019-11-25 16:53:18,2,7,0.5555555555555556,1.0,1.0
2019-11-25 16:53:19,3,8,0.45454545454545453,1.0,1.0
2019-11-25 16:53:20,5,4,-0.1111111111111111,1.0,1.0
2019-11-25 16:53:21,6,5,-0.09090909090909091,1.0,1.0
2019-11-25 16:53:22,11,4,-0.4666666666666667,1.0,1.0
2019-11-25 16:53:23,5,3,-0.25,1.0,1.0
2019-11-25 16:53:24,7,3,-0.4,1.0,1.0
2019-11-25 16:53:25,9,5,-0.2857142857142857,1.0,1.0
2019-11-25 16:53:26,6,4,-0.2,1.0,1.0
2019-11-25 16:53:27,2,3,0.2,1.0,1.0
2019-11-25 16:53:28,1,3,0.5,1.0,1.0
2019-11-25 16:53:29,2,11,0.6923076923076923,1.0,1.0
2019-11-25 16:53:30,2,11,0.6923076923076923,1.0,1.0
2019-11-25 16:53:31,13,8,-0.23809523809523808,1.0,1.0
2019-11-25 16:53:32,11,18,0.2413793103448276,1.0,1.0
2019-11-25 16:53:33,15,8,-0.30434782608695654,1.0,1.0
2019-11-25 16:53:34,5,11,0.375,1.0,1.0
2019-11-25 16:53:35,7,14,0.3333333333333333,1.0,1.0
2019-11-25 16:53:36,4,15,0.5789473684210527,1.0,1.0
2019-11-25 16:53:37,2,25,0.8518518518518519,1.0,1.0
2019-11-25 16:53:38,1,19,0.9,1.0,1.0
2019-11-25 16:53:39,1,20,0.9047619047619048,1.0,1.0
2019-11-25 16:53:40,5,6,0.09090909090909091,1.0,1.0
2019-11-25 16:53:41,7,16,0.391304347826087,1.0,1.0
2019-11-25 16:53:42,6,14,0.4,1.0,1.0
2019-11-25 16:53:43,4,9,0.38461538461538464,1.0,1.0
2019-11-25 16:53:44,7,10,0.17647058823529413,1.0,1.0
2019-11-25 16:53:45,2,3,0.2,1.0,1.0
2019-11-25 16:53:46,0,2,1.0,1.0,0.0
2019-11-25 16:53:47,2,0,-1.0,0.0,1.0
2019-11-25 16:53:48,0,3,1.0,1.0,0.0
2019-11-25 16:53:49,1,9,0.8,1.0,1.0
2019-11-25 16:53:50,0,4,1.0,1.0,0.0
2019-11-25 16:53:51,0,1,1.0,1.0,0.0
2019-11-25 16:53:52,0,2,1.0,1.0,0.0
2019-11-25 16:53:53,0,1,1.0,1.0,0.0
2019-11-25 16:53:54,0,1,1.0,1.0,0.0
2019-11-25 16:53:55,0,1,1.0,1.0,0.0
2019-11-25 16:53:56,1,1,0.0,1.0,1.0
2019-11-25 16:53:57,0,3,1.0,1.0,0.0
2019-11-25 16:53:58,0,5,1.0,1.0,0.0
2019-11-25 16:53:59,0,3,1.0,1.0,0.0
2019-11-25 16:54:00,0,9,1.0,1.0,0.0
2019-11-25 16:54:01,0,7,1.0,1.0,0.0
2019-11-25 16:54:02,0,4,1.0,1.0,0.0
2019-11-25 16:54:03,0,1,1.0,1.0,0.0
2019-11-25 16:54:04,0,1,1.0,1.0,0.0
2019-11-25 16:54:05,0,0,,0.0,0.0
2019-11-25 16:54:06,0,0,,0.0,0.0
2019-11-25 16:54:07,0,0,,0.0,0.0
2019-11-25 16:54:08,0,0,,0.0,0.0
2019-11-25 16:54:09,0,0,,0.0,0.0
2019-11-25 16:54:10,0,0,,0.0,0.0
2019-11-25 16:54:11,0,0,,0.0,0.0
2019-11-25 16:54:12,0,0,,0.0,0.0
2019-11-25 16:54:13,2,24,0.8461538461538461,1.0,1.0
2019-11-25 16:54:14,1,8,0.7777777777777778,1.0,1.0
2019-11-25 16:54:15,1,15,0.875,1.0,1.0
2019-11-25 16:54:16,3,11,0.5714285714285714,1.0,1.0
2019-11-25 16:54:17,6,24,0.6,1.0,1.0
2019-11-25 16:54:18,5,5,0.0,1.0,1.0
2019-11-25 16:54:19,7,13,0.3,1.0,1.0
2019-11-25 16:54:20,19,13,-0.1875,1.0,1.0
2019-11-25 16:54:21,14,13,-0.037037037037037035,1.0,1.0
2019-11-25 16:54:22,13,5,-0.4444444444444444,1.0,1.0
2019-11-25 16:54:23,19,5,-0.5833333333333334,1.0,1.0
2019-11-25 16:54:24,17,9,-0.3076923076923077,1.0,1.0
2019-11-25 16:54:25,6,8,0.14285714285714285,1.0,1.0
2019-11-25 16:54:26,4,6,0.2,1.0,1.0
2019-11-25 16:54:27,6,12,0.3333333333333333,1.0,1.0
2019-11-25 16:54:28,4,16,0.6,1.0,1.0
2019-11-25 16:54:29,9,15,0.25,1.0,1.0
2019-11-25 16:54:30,6,9,0.2,1.0,1.0
2019-11-25 16:54:31,5,4,-0.1111111111111111,1.0,1.0
2019-11-25 16:54:32,10,5,-0.3333333333333333,1.0,1.0
2019-11-25 16:54:33,5,12,0.4117647058823529,1.0,1.0
2019-11-25 16:54:34,4,10,0.42857142857142855,1.0,1.0
2019-11-25 16:54:35,2,8,0.6,1.0,1.0
2019-11-25 16:54:36,7,3,-0.4,1.0,1.0
2019-11-25 16:54:37,5,3,-0.25,1.0,1.0
2019-11-25 16:54:38,6,7,0.07692307692307693,1.0,1.0
2019-11-25 16:54:39,5,13,0.4444444444444444,1.0,1.0
2019-11-25 16:54:40,6,7,0.07692307692307693,1.0,1.0
2019-11-25 16:54:41,7,10,0.17647058823529413,1.0,1.0
2019-11-25 16:54:42,8,8,0.0,1.0,1.0
2019-11-25 16:54:43,11,8,-0.15789473684210525,1.0,1.0
2019-11-25 16:54:44,1,19,0.9,1.0,1.0
2019-11-25 16:54:45,2,8,0.6,1.0,1.0
2019-11-25 16:54:46,4,25,0.7241379310344828,1.0,1.0
2019-11-25 16:54:47,3,8,0.45454545454545453,1.0,1.0
2019-11-25 16:54:48,3,14,0.6470588235294118,1.0,1.0
2019-11-25 16:54:49,11,15,0.15384615384615385,1.0,1.0
2019-11-25 16:54:50,6,13,0.3684210526315789,1.0,1.0
2019-11-25 16:54:51,6,12,0.3333333333333333,1.0,1.0
2019-11-25 16:54:52,5,13,0.4444444444444444,1.0,1.0
2019-11-25 16:54:53,10,9,-0.05263157894736842,1.0,1.0
2019-11-25 16:54:54,6,6,0.0,1.0,1.0
2019-11-25 16:54:55,3,8,0.45454545454545453,1.0,1.0
2019-11-25 16:54:56,2,7,0.5555555555555556,1.0,1.0
2019-11-25 16:54:57,6,11,0.29411764705882354,1.0,1.0
2019-11-25 16:54:58,4,20,0.6666666666666666,1.0,1.0
2019-11-25 16:54:59,7,17,0.4166666666666667,1.0,1.0
2019-11-25 16:55:00,5,11,0.375,1.0,1.0
2019-11-25 16:55:01,3,5,0.25,1.0,1.0
2019-11-25 16:55:02,5,7,0.16666666666666666,1.0,1.0
2019-11-25 16:55:03,8,7,-0.06666666666666667,1.0,1.0
2019-11-25 16:55:04,5,23,0.6428571428571429,1.0,1.0
2019-11-25 16:55:05,8,19,0.4074074074074074,1.0,1.0
2019-11-25 16:55:06,4,10,0.42857142857142855,1.0,1.0
2019-11-25 16:55:07,5,15,0.5,1.0,1.0
2019-11-25 16:55:08,5,13,0.4444444444444444,1.0,1.0
2019-11-25 16:55:09,6,11,0.29411764705882354,1.0,1.0
2019-11-25 16:55:10,4,15,0.5789473684210527,1.0,1.0
2019-11-25 16:55:11,2,15,0.7647058823529411,1.0,1.0
2019-11-25 16:55:12,3,8,0.45454545454545453,1.0,1.0
2019-11-25 16:55:13,3,7,0.4,1.0,1.0
2019-11-25 16:55:14,7,6,-0.07692307692307693,1.0,1.0
2019-11-25 16:55:15,13,16,0.10344827586206896,1.0,1.0
2019-11-25 16:55:16,8,14,0.2727272727272727,1.0,1.0
2019-11-25 16:55:17,5,8,0.23076923076923078,1.0,1.0
2019-11-25 16:55:18,5,30,0.7142857142857143,1.0,1.0
2019-11-25 16:55:19,10,8,-0.1111111111111111,1.0,1.0
2019-11-25 16:55:20,12,11,-0.043478260869565216,1.0,1.0
2019-11-25 16:55:21,8,19,0.4074074074074074,1.0,1.0
2019-11-25 16:55:22,8,10,0.1111111111111111,1.0,1.0
2019-11-25 16:55:23,9,4,-0.38461538461538464,1.0,1.0
2019-11-25 16:55:24,14,9,-0.21739130434782608,1.0,1.0
2019-11-25 16:55:25,8,17,0.36,1.0,1.0
2019-11-25 16:55:26,17,10,-0.25925925925925924,1.0,1.0
2019-11-25 16:55:27,7,9,0.125,1.0,1.0
2019-11-25 16:55:28,7,18,0.44,1.0,1.0
2019-11-25 16:55:29,5,13,0.4444444444444444,1.0,1.0
2019-11-25 16:55:30,4,21,0.68,1.0,1.0
2019-11-25 16:55:31,3,14,0.6470588235294118,1.0,1.0
2019-11-25 16:55:32,4,15,0.5789473684210527,1.0,1.0
2019-11-25 16:55:33,4,10,0.42857142857142855,1.0,1.0
2019-11-25 16:55:34,4,16,0.6,1.0,1.0
2019-11-25 16:55:35,4,14,0.5555555555555556,1.0,1.0
2019-11-25 16:55:36,11,7,-0.2222222222222222,1.0,1.0
2019-11-25 16:55:37,11,10,-0.047619047619047616,1.0,1.0
2019-11-25 16:55:38,9,6,-0.2,1.0,1.0
2019-11-25 16:55:39,3,6,0.3333333333333333,1.0,1.0
2019-11-25 16:55:40,3,21,0.75,1.0,1.0
2019-11-25 16:55:41,2,9,0.6363636363636364,1.0,1.0
2019-11-25 16:55:42,2,11,0.6923076923076923,1.0,1.0
2019-11-25 16:55:43,3,21,0.75,1.0,1.0
2019-11-25 16:55:44,22,11,-0.3333333333333333,1.0,1.0
2019-11-25 16:55:45,11,41,0.5769230769230769,1.0,1.0
2019-11-25 16:55:46,6,22,0.5714285714285714,1.0,1.0
2019-11-25 16:55:47,13,13,0.0,1.0,1.0
2019-11-25 16:55:48,8,28,0.5555555555555556,1.0,1.0
2019-11-25 16:55:49,4,8,0.3333333333333333,1.0,1.0
2019-11-25 16:55:50,7,12,0.2631578947368421,1.0,1.0
2019-11-25 16:55:51,5,4,-0.1111111111111111,1.0,1.0
2019-11-25 16:55:52,4,6,0.2,1.0,1.0
2019-11-25 16:55:53,3,11,0.5714285714285714,1.0,1.0
2019-11-25 16:55:54,7,8,0.06666666666666667,1.0,1.0
2019-11-25 16:55:55,4,14,0.5555555555555556,1.0,1.0
2019-11-25 16:55:56,4,11,0.4666666666666667,1.0,1.0
2019-11-25 16:55:57,4,21,0.68,1.0,1.0
2019-11-25 16:55:58,11,17,0.21428571428571427,1.0,1.0
2019-11-25 16:55:59,12,18,0.2,1.0,1.0
2019-11-25 16:56:00,10,19,0.3103448275862069,1.0,1.0
2019-11-25 16:56:01,7,10,0.17647058823529413,1.0,1.0
2019-11-25 16:56:02,6,11,0.29411764705882354,1.0,1.0
2019-11-25 16:56:03,9,7,-0.125,1.0,1.0
2019-11-25 16:56:04,7,3,-0.4,1.0,1.0
2019-11-25 16:56:05,7,11,0.2222222222222222,1.0,1.0
2019-11-25 16:56:06,15,14,-0.034482758620689655,1.0,1.0
2019-11-25 16:56:07,9,8,-0.058823529411764705,1.0,1.0
2019-11-25 16:56:08,7,10,0.17647058823529413,1.0,1.0
2019-11-25 16:56:09,4,18,0.6363636363636364,1.0,1.0
2019-11-25 16:56:10,4,7,0.2727272727272727,1.0,1.0
2019-11-25 16:56:11,2,8,0.6,1.0,1.0
2019-11-25 16:56:12,6,7,0.07692307692307693,1.0,1.0
2019-11-25 16:56:13,3,10,0.5384615384615384,1.0,1.0
2019-11-25 16:56:14,4,10,0.42857142857142855,1.0,1.0
2019-11-25 16:56:15,4,6,0.2,1.0,1.0
2019-11-25 16:56:16,3,13,0.625,1.0,1.0
2019-11-25 16:56:17,3,20,0.7391304347826086,1.0,1.0
2019-11-25 16:56:18,3,18,0.7142857142857143,1.0,1.0
2019-11-25 16:56:19,10,15,0.2,1.0,1.0
2019-11-25 16:56:20,7,6,-0.07692307692307693,1.0,1.0
2019-11-25 16:56:21,7,9,0.125,1.0,1.0
2019-11-25 16:56:22,5,9,0.2857142857142857,1.0,1.0
2019-11-25 16:56:23,9,15,0.25,1.0,1.0
2019-11-25 16:56:24,1,21,0.9090909090909091,1.0,1.0
2019-11-25 16:56:25,3,7,0.4,1.0,1.0
2019-11-25 16:56:26,3,8,0.45454545454545453,1.0,1.0
2019-11-25 16:56:27,6,13,0.3684210526315789,1.0,1.0
2019-11-25 16:56:28,12,6,-0.3333333333333333,1.0,1.0
2019-11-25 16:56:29,8,13,0.23809523809523808,1.0,1.0
2019-11-25 16:56:30,9,2,-0.6363636363636364,1.0,1.0
2019-11-25 16:56:31,6,13,0.3684210526315789,1.0,1.0
2019-11-25 16:56:32,9,11,0.1,1.0,1.0
2019-11-25 16:56:33,8,13,0.23809523809523808,1.0,1.0
2019-11-25 16:56:34,7,10,0.17647058823529413,1.0,1.0
2019-11-25 16:56:35,9,5,-0.2857142857142857,1.0,1.0
2019-11-25 16:56:36,21,12,-0.2727272727272727,1.0,1.0
2019-11-25 16:56:37,18,17,-0.02857142857142857,1.0,1.0
2019-11-25 16:56:38,9,19,0.35714285714285715,1.0,1.0
2019-11-25 16:56:39,7,12,0.2631578947368421,1.0,1.0
2019-11-25 16:56:40,8,5,-0.23076923076923078,1.0,1.0
2019-11-25 16:56:41,10,11,0.047619047619047616,1.0,1.0
2019-11-25 16:56:42,11,12,0.043478260869565216,1.0,1.0
2019-11-25 16:56:43,22,27,0.10204081632653061,1.0,1.0
2019-11-25 16:56:44,10,39,0.5918367346938775,1.0,1.0
2019-11-25 16:56:45,7,16,0.391304347826087,1.0,1.0
2019-11-25 16:56:46,13,16,0.10344827586206896,1.0,1.0
2019-11-25 16:56:47,10,6,-0.25,1.0,1.0
2019-11-25 16:56:48,7,13,0.3,1.0,1.0
2019-11-25 16:56:49,12,5,-0.4117647058823529,1.0,1.0
2019-11-25 16:56:50,7,6,-0.07692307692307693,1.0,1.0
2019-11-25 16:56:51,5,5,0.0,1.0,1.0
2019-11-25 16:56:52,4,3,-0.14285714285714285,1.0,1.0
2019-11-25 16:56:53,10,5,-0.3333333333333333,1.0,1.0
2019-11-25 16:56:54,8,6,-0.14285714285714285,1.0,1.0
2019-11-25 16:56:55,7,11,0.2222222222222222,1.0,1.0
2019-11-25 16:56:56,8,10,0.1111111111111111,1.0,1.0
2019-11-25 16:56:57,6,8,0.14285714285714285,1.0,1.0
2019-11-25 16:56:58,6,17,0.4782608695652174,1.0,1.0
2019-11-25 16:56:59,4,19,0.6521739130434783,1.0,1.0
2019-11-25 16:57:00,5,15,0.5,1.0,1.0
2019-11-25 16:57:01,3,28,0.8064516129032258,1.0,1.0
2019-11-25 16:57:02,4,14,0.5555555555555556,1.0,1.0
2019-11-25 16:57:03,6,14,0.4,1.0,1.0
2019-11-25 16:57:04,7,4,-0.2727272727272727,1.0,1.0
2019-11-25 16:57:05,4,16,0.6,1.0,1.0
2019-11-25 16:57:06,4,9,0.38461538461538464,1.0,1.0
2019-11-25 16:57:07,6,14,0.4,1.0,1.0
2019-11-25 16:57:08,21,6,-0.5555555555555556,1.0,1.0
2019-11-25 16:57:09,15,4,-0.5789473684210527,1.0,1.0
2019-11-25 16:57:10,12,4,-0.5,1.0,1.0
2019-11-25 16:57:11,6,13,0.3684210526315789,1.0,1.0
2019-11-25 16:57:12,9,10,0.05263157894736842,1.0,1.0
2019-11-25 16:57:13,7,6,-0.07692307692307693,1.0,1.0
2019-11-25 16:57:14,9,14,0.21739130434782608,1.0,1.0
2019-11-25 16:57:15,8,18,0.38461538461538464,1.0,1.0
2019-11-25 16:57:16,3,13,0.625,1.0,1.0
2019-11-25 16:57:17,7,10,0.17647058823529413,1.0,1.0
2019-11-25 16:57:18,4,9,0.38461538461538464,1.0,1.0
2019-11-25 16:57:19,7,8,0.06666666666666667,1.0,1.0
2019-11-25 16:57:20,1,16,0.8823529411764706,1.0,1.0
2019-11-25 16:57:21,3,11,0.5714285714285714,1.0,1.0
2019-11-25 16:57:22,2,7,0.5555555555555556,1.0,1.0
2019-11-25 16:57:23,2,5,0.42857142857142855,1.0,1.0
2019-11-25 16:57:24,5,6,0.09090909090909091,1.0,1.0
2019-11-25 16:57:25,4,8,0.3333333333333333,1.0,1.0
2019-11-25 16:57:26,2,12,0.7142857142857143,1.0,1.0
2019-11-25 16:57:27,5,16,0.5238095238095238,1.0,1.0
2019-11-25 16:57:28,4,11,0.4666666666666667,1.0,1.0
2019-11-25 16:57:29,6,10,0.25,1.0,1.0
2019-11-25 16:57:30,9,5,-0.2857142857142857,1.0,1.0
2019-11-25 16:57:31,3,4,0.14285714285714285,1.0,1.0
2019-11-25 16:57:32,9,9,0.0,1.0,1.0
2019-11-25 16:57:33,7,3,-0.4,1.0,1.0
2019-11-25 16:57:34,6,11,0.29411764705882354,1.0,1.0
2019-11-25 16:57:35,5,18,0.5652173913043478,1.0,1.0
2019-11-25 16:57:36,5,12,0.4117647058823529,1.0,1.0
2019-11-25 16:57:37,3,14,0.6470588235294118,1.0,1.0
2019-11-25 16:57:38,8,15,0.30434782608695654,1.0,1.0
2019-11-25 16:57:39,9,12,0.14285714285714285,1.0,1.0
2019-11-25 16:57:40,7,11,0.2222222222222222,1.0,1.0
2019-11-25 16:57:41,5,12,0.4117647058823529,1.0,1.0
2019-11-25 16:57:42,3,12,0.6,1.0,1.0
2019-11-25 16:57:43,3,18,0.7142857142857143,1.0,1.0
2019-11-25 16:57:44,5,11,0.375,1.0,1.0
2019-11-25 16:57:45,8,9,0.058823529411764705,1.0,1.0
2019-11-25 16:57:46,11,6,-0.29411764705882354,1.0,1.0
2019-11-25 16:57:47,3,7,0.4,1.0,1.0
2019-11-25 16:57:48,4,3,-0.14285714285714285,1.0,1.0
2019-11-25 16:57:49,4,6,0.2,1.0,1.0
2019-11-25 16:57:50,2,8,0.6,1.0,1.0
2019-11-25 16:57:51,1,9,0.8,1.0,1.0
2019-11-25 16:57:52,11,6,-0.29411764705882354,1.0,1.0
2019-11-25 16:57:53,10,7,-0.17647058823529413,1.0,1.0
2019-11-25 16:57:54,7,12,0.2631578947368421,1.0,1.0
2019-11-25 16:57:55,8,10,0.1111111111111111,1.0,1.0
2019-11-25 16:57:56,9,8,-0.058823529411764705,1.0,1.0
2019-11-25 16:57:57,13,27,0.35,1.0,1.0
2019-11-25 16:57:58,10,23,0.3939393939393939,1.0,1.0
2019-11-25 16:57:59,11,9,-0.1,1.0,1.0
2019-11-25 16:58:00,10,15,0.2,1.0,1.0
2019-11-25 16:58:01,10,17,0.25925925925925924,1.0,1.0
2019-11-25 16:58:02,4,9,0.38461538461538464,1.0,1.0
2019-11-25 16:58:03,7,18,0.44,1.0,1.0
2019-11-25 16:58:04,8,12,0.2,1.0,1.0
2019-11-25 16:58:05,19,24,0.11627906976744186,1.0,1.0
2019-11-25 16:58:06,8,4,-0.3333333333333333,1.0,1.0
2019-11-25 16:58:07,14,14,0.0,1.0,1.0
2019-11-25 16:58:08,7,7,0.0,1.0,1.0
2019-11-25 16:58:09,10,8,-0.1111111111111111,1.0,1.0
2019-11-25 16:58:10,6,4,-0.2,1.0,1.0
2019-11-25 16:58:11,4,13,0.5294117647058824,1.0,1.0
2019-11-25 16:58:12,6,22,0.5714285714285714,1.0,1.0
2019-11-25 16:58:13,2,18,0.8,1.0,1.0
2019-11-25 16:58:14,3,15,0.6666666666666666,1.0,1.0
2019-11-25 16:58:15,4,8,0.3333333333333333,1.0,1.0
2019-11-25 16:58:16,3,15,0.6666666666666666,1.0,1.0
2019-11-25 16:58:17,2,6,0.5,1.0,1.0
2019-11-25 16:58:18,2,6,0.5,1.0,1.0
2019-11-25 16:58:19,1,15,0.875,1.0,1.0
2019-11-25 16:58:20,2,12,0.7142857142857143,1.0,1.0
2019-11-25 16:58:21,5,12,0.4117647058823529,1.0,1.0
2019-11-25 16:58:22,9,17,0.3076923076923077,1.0,1.0
2019-11-25 16:58:23,18,12,-0.2,1.0,1.0
2019-11-25 16:58:24,13,16,0.10344827586206896,1.0,1.0
2019-11-25 16:58:25,7,9,0.125,1.0,1.0
2019-11-25 16:58:26,5,5,0.0,1.0,1.0
2019-11-25 16:58:27,16,14,-0.06666666666666667,1.0,1.0
2019-11-25 16:58:28,10,6,-0.25,1.0,1.0
2019-11-25 16:58:29,9,9,0.0,1.0,1.0
2019-11-25 16:58:30,10,9,-0.05263157894736842,1.0,1.0
2019-11-25 16:58:31,10,13,0.13043478260869565,1.0,1.0
2019-11-25 16:58:32,5,9,0.2857142857142857,1.0,1.0
2019-11-25 16:58:33,4,14,0.5555555555555556,1.0,1.0
2019-11-25 16:58:34,6,8,0.14285714285714285,1.0,1.0
2019-11-25 16:58:35,3,10,0.5384615384615384,1.0,1.0
2019-11-25 16:58:36,4,19,0.6521739130434783,1.0,1.0
2019-11-25 16:58:37,4,8,0.3333333333333333,1.0,1.0
2019-11-25 16:58:38,11,7,-0.2222222222222222,1.0,1.0
2019-11-25 16:58:39,8,6,-0.14285714285714285,1.0,1.0
2019-11-25 16:58:40,5,3,-0.25,1.0,1.0
2019-11-25 16:58:41,4,22,0.6923076923076923,1.0,1.0
2019-11-25 16:58:42,18,13,-0.16129032258064516,1.0,1.0
2019-11-25 16:58:43,15,7,-0.36363636363636365,1.0,1.0
2019-11-25 16:58:44,6,23,0.5862068965517241,1.0,1.0
2019-11-25 16:58:45,11,12,0.043478260869565216,1.0,1.0
2019-11-25 16:58:46,8,14,0.2727272727272727,1.0,1.0
2019-11-25 16:58:47,3,9,0.5,1.0,1.0
2019-11-25 16:58:48,7,15,0.36363636363636365,1.0,1.0
2019-11-25 16:58:49,3,14,0.6470588235294118,1.0,1.0
2019-11-25 16:58:50,4,14,0.5555555555555556,1.0,1.0
2019-11-25 16:58:51,4,22,0.6923076923076923,1.0,1.0
2019-11-25 16:58:52,4,10,0.42857142857142855,1.0,1.0
2019-11-25 16:58:53,6,8,0.14285714285714285,1.0,1.0
2019-11-25 16:58:54,13,6,-0.3684210526315789,1.0,1.0
2019-11-25 16:58:55,0,0,,0.0,0.0
2019-11-25 16:58:56,0,0,,0.0,0.0
2019-11-25 16:58:57,0,0,,0.0,0.0
2019-11-25 16:58:58,0,0,,0.0,0.0
2019-11-25 16:58:59,0,0,,0.0,0.0
2019-11-25 16:59:00,0,0,,0.0,0.0
2019-11-25 16:59:01,0,0,,0.0,0.0
2019-11-25 16:59:02,0,0,,0.0,0.0
2019-11-25 16:59:03,0,0,,0.0,0.0
2019-11-25 16:59:04,0,0,,0.0,0.0
2019-11-25 16:59:05,0,0,,0.0,0.0
2019-11-25 16:59:06,0,0,,0.0,0.0
2019-11-25 16:59:07,0,0,,0.0,0.0
2019-11-25 16:59:08,0,0,,0.0,0.0
2019-11-25 16:59:09,0,0,,0.0,0.0
2019-11-25 16:59:10,0,1,1.0,1.0,0.0
2019-11-25 16:59:11,4,6,0.2,1.0,1.0
2019-11-25 16:59:12,6,1,-0.7142857142857143,1.0,1.0
2019-11-25 16:59:13,4,5,0.1111111111111111,1.0,1.0
2019-11-25 16:59:14,3,4,0.14285714285714285,1.0,1.0
2019-11-25 16:59:15,1,11,0.8333333333333334,1.0,1.0
2019-11-25 16:59:16,0,8,1.0,1.0,0.0
2019-11-25 16:59:17,3,13,0.625,1.0,1.0
2019-11-25 16:59:18,2,16,0.7777777777777778,1.0,1.0
2019-11-25 16:59:19,1,12,0.8461538461538461,1.0,1.0
2019-11-25 16:59:20,1,8,0.7777777777777778,1.0,1.0
2019-11-25 16:59:21,1,9,0.8,1.0,1.0
2019-11-25 16:59:22,4,6,0.2,1.0,1.0
2019-11-25 16:59:23,8,7,-0.06666666666666667,1.0,1.0
2019-11-25 16:59:24,9,7,-0.125,1.0,1.0
2019-11-25 16:59:25,6,9,0.2,1.0,1.0
2019-11-25 16:59:26,5,10,0.3333333333333333,1.0,1.0
2019-11-25 16:59:27,4,7,0.2727272727272727,1.0,1.0
2019-11-25 16:59:28,4,11,0.4666666666666667,1.0,1.0
2019-11-25 16:59:29,2,7,0.5555555555555556,1.0,1.0
2019-11-25 16:59:30,5,3,-0.25,1.0,1.0
2019-11-25 16:59:31,4,5,0.1111111111111111,1.0,1.0
2019-11-25 16:59:32,7,11,0.2222222222222222,1.0,1.0
2019-11-25 16:59:33,7,18,0.44,1.0,1.0
2019-11-25 16:59:34,10,59,0.7101449275362319,1.0,1.0
2019-11-25 16:59:35,15,41,0.4642857142857143,1.0,1.0
2019-11-25 16:59:36,11,27,0.42105263157894735,1.0,1.0
2019-11-25 16:59:37,19,5,-0.5833333333333334,1.0,1.0
2019-11-25 16:59:38,5,11,0.375,1.0,1.0
2019-11-25 16:59:39,6,7,0.07692307692307693,1.0,1.0
2019-11-25 16:59:40,9,5,-0.2857142857142857,1.0,1.0
2019-11-25 16:59:41,7,8,0.06666666666666667,1.0,1.0
2019-11-25 16:59:42,2,9,0.6363636363636364,1.0,1.0
2019-11-25 16:59:43,9,14,0.21739130434782608,1.0,1.0
2019-11-25 16:59:44,11,16,0.18518518518518517,1.0,1.0
2019-11-25 16:59:45,17,13,-0.13333333333333333,1.0,1.0
2019-11-25 16:59:46,14,11,-0.12,1.0,1.0
2019-11-25 16:59:47,5,11,0.375,1.0,1.0
2019-11-25 16:59:48,10,13,0.13043478260869565,1.0,1.0
2019-11-25 16:59:49,3,8,0.45454545454545453,1.0,1.0
2019-11-25 16:59:50,3,13,0.625,1.0,1.0
2019-11-25 16:59:51,0,6,1.0,1.0,0.0
2019-11-25 16:59:52,1,7,0.75,1.0,1.0
2019-11-25 16:59:53,1,6,0.7142857142857143,1.0,1.0
2019-11-25 16:59:54,1,4,0.6,1.0,1.0
2019-11-25 16:59:55,1,14,0.8666666666666667,1.0,1.0
2019-11-25 16:59:56,4,7,0.2727272727272727,1.0,1.0
2019-11-25 16:59:57,2,9,0.6363636363636364,1.0,1.0
2019-11-25 16:59:58,2,15,0.7647058823529411,1.0,1.0
2019-11-25 16:59:59,1,20,0.9047619047619048,1.0,1.0
2019-11-25 17:00:00,1,20,0.9047619047619048,1.0,1.0
2019-11-25 17:00:01,1,13,0.8571428571428571,1.0,1.0
2019-11-25 17:00:02,5,11,0.375,1.0,1.0
2019-11-25 17:00:03,10,16,0.23076923076923078,1.0,1.0
2019-11-25 17:00:04,5,8,0.23076923076923078,1.0,1.0
2019-11-25 17:00:05,9,6,-0.2,1.0,1.0
2019-11-25 17:00:06,7,6,-0.07692307692307693,1.0,1.0
2019-11-25 17:00:07,8,4,-0.3333333333333333,1.0,1.0
2019-11-25 17:00:08,10,7,-0.17647058823529413,1.0,1.0
2019-11-25 17:00:09,7,9,0.125,1.0,1.0
2019-11-25 17:00:10,3,11,0.5714285714285714,1.0,1.0
2019-11-25 17:00:11,15,14,-0.034482758620689655,1.0,1.0
2019-11-25 17:00:12,3,5,0.25,1.0,1.0
2019-11-25 17:00:13,3,11,0.5714285714285714,1.0,1.0
2019-11-25 17:00:14,1,14,0.8666666666666667,1.0,1.0
2019-11-25 17:00:15,15,14,-0.034482758620689655,1.0,1.0
2019-11-25 17:00:16,18,13,-0.16129032258064516,1.0,1.0
2019-11-25 17:00:17,16,9,-0.28,1.0,1.0
2019-11-25 17:00:18,4,9,0.38461538461538464,1.0,1.0
2019-11-25 17:00:19,5,19,0.5833333333333334,1.0,1.0
2019-11-25 17:00:20,10,15,0.2,1.0,1.0
2019-11-25 17:00:21,10,16,0.23076923076923078,1.0,1.0
2019-11-25 17:00:22,5,13,0.4444444444444444,1.0,1.0
2019-11-25 17:00:23,8,4,-0.3333333333333333,1.0,1.0
2019-11-25 17:00:24,5,11,0.375,1.0,1.0
2019-11-25 17:00:25,14,18,0.125,1.0,1.0
2019-11-25 17:00:26,12,11,-0.043478260869565216,1.0,1.0
2019-11-25 17:00:27,10,15,0.2,1.0,1.0
2019-11-25 17:00:28,6,17,0.4782608695652174,1.0,1.0
2019-11-25 17:00:29,5,4,-0.1111111111111111,1.0,1.0
2019-11-25 17:00:30,6,9,0.2,1.0,1.0
2019-11-25 17:00:31,3,9,0.5,1.0,1.0
2019-11-25 17:00:32,2,7,0.5555555555555556,1.0,1.0
2019-11-25 17:00:33,1,8,0.7777777777777778,1.0,1.0
2019-11-25 17:00:34,1,14,0.8666666666666667,1.0,1.0
2019-11-25 17:00:35,1,16,0.8823529411764706,1.0,1.0
2019-11-25 17:00:36,1,6,0.7142857142857143,1.0,1.0
2019-11-25 17:00:37,1,20,0.9047619047619048,1.0,1.0
2019-11-25 17:00:38,2,17,0.7894736842105263,1.0,1.0
2019-11-25 17:00:39,1,20,0.9047619047619048,1.0,1.0
2019-11-25 17:00:40,13,19,0.1875,1.0,1.0
2019-11-25 17:00:41,9,14,0.21739130434782608,1.0,1.0
2019-11-25 17:00:42,5,15,0.5,1.0,1.0
2019-11-25 17:00:43,10,18,0.2857142857142857,1.0,1.0
2019-11-25 17:00:44,9,5,-0.2857142857142857,1.0,1.0
2019-11-25 17:00:45,3,11,0.5714285714285714,1.0,1.0
2019-11-25 17:00:46,1,6,0.7142857142857143,1.0,1.0
2019-11-25 17:00:47,2,7,0.5555555555555556,1.0,1.0
2019-11-25 17:00:48,1,7,0.75,1.0,1.0
2019-11-25 17:00:49,1,4,0.6,1.0,1.0
2019-11-25 17:00:50,1,12,0.8461538461538461,1.0,1.0
2019-11-25 17:00:51,1,20,0.9047619047619048,1.0,1.0
2019-11-25 17:00:52,1,9,0.8,1.0,1.0
2019-11-25 17:00:53,7,8,0.06666666666666667,1.0,1.0
2019-11-26 16:50:52,16,22,0.15789473684210525,1.0,1.0
2019-11-26 16:50:53,11,7,-0.2222222222222222,1.0,1.0
2019-11-26 16:50:54,17,4,-0.6190476190476191,1.0,1.0
2019-11-26 16:50:55,6,5,-0.09090909090909091,1.0,1.0
2019-11-26 16:50:56,11,2,-0.6923076923076923,1.0,1.0
2019-11-26 16:50:57,3,1,-0.5,1.0,1.0
2019-11-26 16:50:58,5,1,-0.6666666666666666,1.0,1.0
2019-11-26 16:50:59,1,2,0.3333333333333333,1.0,1.0
2019-11-26 16:51:00,2,2,0.0,1.0,1.0
2019-11-26 16:51:01,1,1,0.0,1.0,1.0
2019-11-26 16:51:02,3,1,-0.5,1.0,1.0
2019-11-26 16:51:03,3,1,-0.5,1.0,1.0
2019-11-26 16:51:04,1,0,-1.0,0.0,1.0
2019-11-26 16:51:05,3,0,-1.0,0.0,1.0
2019-11-26 16:51:06,4,0,-1.0,0.0,1.0
2019-11-26 16:51:07,5,0,-1.0,0.0,1.0
2019-11-26 16:51:08,4,0,-1.0,0.0,1.0
2019-11-26 16:51:09,3,0,-1.0,0.0,1.0
2019-11-26 16:51:10,2,0,-1.0,0.0,1.0
2019-11-26 16:51:11,2,0,-1.0,0.0,1.0
2019-11-26 16:51:12,3,0,-1.0,0.0,1.0
2019-11-26 16:51:13,4,0,-1.0,0.0,1.0
2019-11-26 16:51:14,2,0,-1.0,0.0,1.0
2019-11-26 16:51:15,2,0,-1.0,0.0,1.0
2019-11-26 16:51:16,2,0,-1.0,0.0,1.0
2019-11-26 16:51:17,3,0,-1.0,0.0,1.0
2019-11-26 16:51:18,2,0,-1.0,0.0,1.0
2019-11-26 16:51:19,1,0,-1.0,0.0,1.0
2019-11-26 16:51:20,7,0,-1.0,0.0,1.0
2019-11-26 16:51:21,3,0,-1.0,0.0,1.0
2019-11-26 16:51:22,2,0,-1.0,0.0,1.0
2019-11-26 16:51:23,1,0,-1.0,0.0,1.0
2019-11-26 16:51:24,6,0,-1.0,0.0,1.0
2019-11-26 16:51:25,1,0,-1.0,0.0,1.0
2019-11-26 16:51:26,3,0,-1.0,0.0,1.0
2019-11-26 16:51:27,3,0,-1.0,0.0,1.0
2019-11-26 16:51:28,2,0,-1.0,0.0,1.0
2019-11-26 16:51:29,6,0,-1.0,0.0,1.0
2019-11-26 16:51:30,4,0,-1.0,0.0,1.0
2019-11-26 16:51:31,3,0,-1.0,0.0,1.0
2019-11-26 16:51:32,2,0,-1.0,0.0,1.0
2019-11-26 16:51:33,2,0,-1.0,0.0,1.0
2019-11-26 16:51:34,4,0,-1.0,0.0,1.0
2019-11-26 16:51:35,4,0,-1.0,0.0,1.0
2019-11-26 16:51:36,2,0,-1.0,0.0,1.0
2019-11-26 16:51:37,1,0,-1.0,0.0,1.0
2019-11-26 16:51:38,4,0,-1.0,0.0,1.0
2019-11-26 16:51:39,2,0,-1.0,0.0,1.0
2019-11-26 16:51:40,2,1,-0.3333333333333333,1.0,1.0
2019-11-26 16:51:41,1,0,-1.0,0.0,1.0
2019-11-26 16:51:42,1,0,-1.0,0.0,1.0
2019-11-26 16:51:43,1,0,-1.0,0.0,1.0
2019-11-26 16:51:44,1,0,-1.0,0.0,1.0
2019-11-26 16:51:45,1,0,-1.0,0.0,1.0
2019-11-26 16:51:46,3,2,-0.2,1.0,1.0
2019-11-26 16:51:47,1,3,0.5,1.0,1.0
2019-11-26 16:51:48,1,2,0.3333333333333333,1.0,1.0
2019-11-26 16:51:49,1,3,0.5,1.0,1.0
2019-11-26 16:51:50,0,2,1.0,1.0,0.0
2019-11-26 16:51:51,1,3,0.5,1.0,1.0
2019-11-26 16:51:52,1,8,0.7777777777777778,1.0,1.0
2019-11-26 16:51:53,1,7,0.75,1.0,1.0
2019-11-26 16:51:54,1,3,0.5,1.0,1.0
2019-11-26 16:51:55,4,1,-0.6,1.0,1.0
2019-11-26 16:51:56,2,0,-1.0,0.0,1.0
2019-11-26 16:51:57,2,1,-0.3333333333333333,1.0,1.0
2019-11-26 16:51:58,3,1,-0.5,1.0,1.0
2019-11-26 16:51:59,2,3,0.2,1.0,1.0
2019-11-26 16:52:00,2,3,0.2,1.0,1.0
2019-11-26 16:52:01,5,1,-0.6666666666666666,1.0,1.0
2019-11-26 16:52:02,2,2,0.0,1.0,1.0
2019-11-26 16:52:03,3,0,-1.0,0.0,1.0
2019-11-26 16:52:04,1,0,-1.0,0.0,1.0
2019-11-26 16:52:05,3,0,-1.0,0.0,1.0
2019-11-26 16:52:06,2,0,-1.0,0.0,1.0
2019-11-26 16:52:07,1,0,-1.0,0.0,1.0
2019-11-26 16:52:08,1,0,-1.0,0.0,1.0
2019-11-26 16:52:09,2,0,-1.0,0.0,1.0
2019-11-26 16:52:10,3,0,-1.0,0.0,1.0
2019-11-26 16:52:11,2,0,-1.0,0.0,1.0
2019-11-26 16:52:12,5,0,-1.0,0.0,1.0
2019-11-26 16:52:13,1,0,-1.0,0.0,1.0
2019-11-26 16:52:14,2,0,-1.0,0.0,1.0
2019-11-26 16:52:15,2,0,-1.0,0.0,1.0
2019-11-26 16:52:16,1,1,0.0,1.0,1.0
2019-11-26 16:52:17,1,3,0.5,1.0,1.0
2019-11-26 16:52:18,3,7,0.4,1.0,1.0
2019-11-26 16:52:19,2,7,0.5555555555555556,1.0,1.0
2019-11-26 16:52:20,4,6,0.2,1.0,1.0
2019-11-26 16:52:21,2,3,0.2,1.0,1.0
2019-11-26 16:52:22,1,2,0.3333333333333333,1.0,1.0
2019-11-26 16:52:23,0,3,1.0,1.0,0.0
2019-11-26 16:52:24,1,10,0.8181818181818182,1.0,1.0
2019-11-26 16:52:25,1,6,0.7142857142857143,1.0,1.0
2019-11-26 16:52:26,0,1,1.0,1.0,0.0
2019-11-26 16:52:27,0,8,1.0,1.0,0.0
2019-11-26 16:52:28,0,12,1.0,1.0,0.0
2019-11-26 16:52:29,0,11,1.0,1.0,0.0
2019-11-26 16:52:30,0,2,1.0,1.0,0.0
2019-11-26 16:52:31,0,4,1.0,1.0,0.0
2019-11-26 16:52:32,0,3,1.0,1.0,0.0
2019-11-26 16:52:33,0,2,1.0,1.0,0.0
2019-11-26 16:52:34,0,2,1.0,1.0,0.0
2019-11-26 16:52:35,0,2,1.0,1.0,0.0
2019-11-26 16:52:36,0,1,1.0,1.0,0.0
2019-11-26 16:52:37,0,1,1.0,1.0,0.0
2019-11-26 16:52:38,0,1,1.0,1.0,0.0
2019-11-26 16:52:39,0,0,,0.0,0.0
2019-11-26 16:52:40,0,1,1.0,1.0,0.0
2019-11-26 16:52:41,0,6,1.0,1.0,0.0
2019-11-26 16:52:42,0,3,1.0,1.0,0.0
2019-11-26 16:52:43,0,4,1.0,1.0,0.0
2019-11-26 16:52:44,0,2,1.0,1.0,0.0
2019-11-26 16:52:45,0,2,1.0,1.0,0.0
2019-11-26 16:52:46,0,1,1.0,1.0,0.0
2019-11-26 16:52:47,2,3,0.2,1.0,1.0
2019-11-26 16:52:48,1,5,0.6666666666666666,1.0,1.0
2019-11-26 16:52:49,2,2,0.0,1.0,1.0
2019-11-26 16:52:50,2,0,-1.0,0.0,1.0
2019-11-26 16:52:51,1,0,-1.0,0.0,1.0
2019-11-26 16:52:52,1,0,-1.0,0.0,1.0
2019-11-26 16:52:53,0,0,,0.0,0.0
2019-11-26 16:52:54,2,0,-1.0,0.0,1.0
2019-11-26 16:52:55,1,0,-1.0,0.0,1.0
2019-11-26 16:52:56,1,0,-1.0,0.0,1.0
2019-11-26 16:52:57,1,0,-1.0,0.0,1.0
2019-11-26 16:52:58,0,0,,0.0,0.0
2019-11-26 16:52:59,1,0,-1.0,0.0,1.0
2019-11-26 16:53:00,0,0,,0.0,0.0
2019-11-26 16:53:01,1,0,-1.0,0.0,1.0
2019-11-26 16:53:02,5,0,-1.0,0.0,1.0
2019-11-26 16:53:03,5,1,-0.6666666666666666,1.0,1.0
2019-11-26 16:53:04,9,3,-0.5,1.0,1.0
2019-11-26 16:53:05,2,3,0.2,1.0,1.0
2019-11-26 16:53:06,2,8,0.6,1.0,1.0
2019-11-26 16:53:07,6,16,0.45454545454545453,1.0,1.0
2019-11-26 16:53:08,2,10,0.6666666666666666,1.0,1.0
2019-11-26 16:53:09,1,6,0.7142857142857143,1.0,1.0
2019-11-26 16:53:10,0,2,1.0,1.0,0.0
2019-11-26 16:53:11,1,3,0.5,1.0,1.0
2019-11-26 16:53:12,0,2,1.0,1.0,0.0
2019-11-26 16:53:13,0,2,1.0,1.0,0.0
2019-11-26 16:53:14,0,2,1.0,1.0,0.0
2019-11-26 16:53:15,0,3,1.0,1.0,0.0
2019-11-26 16:53:16,1,4,0.6,1.0,1.0
2019-11-26 16:53:17,1,5,0.6666666666666666,1.0,1.0
2019-11-26 16:53:18,0,6,1.0,1.0,0.0
2019-11-26 16:53:19,1,2,0.3333333333333333,1.0,1.0
2019-11-26 16:53:20,1,2,0.3333333333333333,1.0,1.0
2019-11-26 16:53:21,2,1,-0.3333333333333333,1.0,1.0
2019-11-26 16:53:22,2,4,0.3333333333333333,1.0,1.0
2019-11-26 16:53:23,2,9,0.6363636363636364,1.0,1.0
2019-11-26 16:53:24,0,4,1.0,1.0,0.0
2019-11-26 16:53:25,1,1,0.0,1.0,1.0
2019-11-26 16:53:26,4,0,-1.0,0.0,1.0
2019-11-26 16:53:27,2,0,-1.0,0.0,1.0
2019-11-26 16:53:28,1,0,-1.0,0.0,1.0
2019-11-26 16:53:29,1,0,-1.0,0.0,1.0
2019-11-26 16:53:30,3,0,-1.0,0.0,1.0
2019-11-26 16:53:31,3,0,-1.0,0.0,1.0
2019-11-26 16:53:32,3,1,-0.5,1.0,1.0
2019-11-26 16:53:33,2,0,-1.0,0.0,1.0
2019-11-26 16:53:34,2,0,-1.0,0.0,1.0
2019-11-26 16:53:35,2,1,-0.3333333333333333,1.0,1.0
2019-11-26 16:53:36,1,3,0.5,1.0,1.0
2019-11-26 16:53:37,4,1,-0.6,1.0,1.0
2019-11-26 16:53:38,5,4,-0.1111111111111111,1.0,1.0
2019-11-26 16:53:39,4,5,0.1111111111111111,1.0,1.0
2019-11-26 16:53:40,2,2,0.0,1.0,1.0
2019-11-26 16:53:41,1,2,0.3333333333333333,1.0,1.0
2019-11-26 16:53:42,1,0,-1.0,0.0,1.0
2019-11-26 16:53:43,1,1,0.0,1.0,1.0
2019-11-26 16:53:44,1,5,0.6666666666666666,1.0,1.0
2019-11-26 16:53:45,1,4,0.6,1.0,1.0
2019-11-26 16:53:46,0,1,1.0,1.0,0.0
2019-11-26 16:53:47,0,2,1.0,1.0,0.0
2019-11-26 16:53:48,0,0,,0.0,0.0
2019-11-26 16:53:49,0,0,,0.0,0.0
2019-11-26 16:53:50,0,0,,0.0,0.0
2019-11-26 16:53:51,0,0,,0.0,0.0
2019-11-26 16:53:52,0,0,,0.0,0.0
2019-11-26 16:53:53,0,0,,0.0,0.0
2019-11-26 16:53:54,0,0,,0.0,0.0
2019-11-26 16:53:55,1,0,-1.0,0.0,1.0
2019-11-26 16:53:56,3,4,0.14285714285714285,1.0,1.0
2019-11-26 16:53:57,4,4,0.0,1.0,1.0
2019-11-26 16:53:58,4,2,-0.3333333333333333,1.0,1.0
2019-11-26 16:53:59,4,2,-0.3333333333333333,1.0,1.0
2019-11-26 16:54:00,8,2,-0.6,1.0,1.0
2019-11-26 16:54:01,9,2,-0.6363636363636364,1.0,1.0
2019-11-26 16:54:02,7,7,0.0,1.0,1.0
2019-11-26 16:54:03,3,4,0.14285714285714285,1.0,1.0
2019-11-26 16:54:04,2,2,0.0,1.0,1.0
2019-11-26 16:54:05,6,2,-0.5,1.0,1.0
2019-11-26 16:54:06,3,7,0.4,1.0,1.0
2019-11-26 16:54:07,2,6,0.5,1.0,1.0
2019-11-26 16:54:08,1,11,0.8333333333333334,1.0,1.0
2019-11-26 16:54:09,3,6,0.3333333333333333,1.0,1.0
2019-11-26 16:54:10,4,4,0.0,1.0,1.0
2019-11-26 16:54:11,3,3,0.0,1.0,1.0
2019-11-26 16:54:12,2,1,-0.3333333333333333,1.0,1.0
2019-11-26 16:54:13,2,3,0.2,1.0,1.0
2019-11-26 16:54:14,4,3,-0.14285714285714285,1.0,1.0
2019-11-26 16:54:15,4,0,-1.0,0.0,1.0
2019-11-26 16:54:16,5,1,-0.6666666666666666,1.0,1.0
2019-11-26 16:54:17,2,0,-1.0,0.0,1.0
2019-11-26 16:54:18,4,0,-1.0,0.0,1.0
2019-11-26 16:54:19,3,0,-1.0,0.0,1.0
2019-11-26 16:54:20,1,8,0.7777777777777778,1.0,1.0
2019-11-26 16:54:21,1,5,0.6666666666666666,1.0,1.0
2019-11-26 16:54:22,4,3,-0.14285714285714285,1.0,1.0
2019-11-26 16:54:23,2,0,-1.0,0.0,1.0
2019-11-26 16:54:24,0,0,,0.0,0.0
2019-11-26 16:54:25,1,0,-1.0,0.0,1.0
2019-11-26 16:54:26,2,2,0.0,1.0,1.0
2019-11-26 16:54:27,2,3,0.2,1.0,1.0
2019-11-26 16:54:28,1,3,0.5,1.0,1.0
2019-11-26 16:54:29,1,2,0.3333333333333333,1.0,1.0
2019-11-26 16:54:30,3,2,-0.2,1.0,1.0
2019-11-26 16:54:31,2,3,0.2,1.0,1.0
2019-11-26 16:54:32,3,1,-0.5,1.0,1.0
2019-11-26 16:54:33,4,1,-0.6,1.0,1.0
2019-11-26 16:54:34,1,2,0.3333333333333333,1.0,1.0
2019-11-26 16:54:35,2,1,-0.3333333333333333,1.0,1.0
2019-11-26 16:54:36,2,1,-0.3333333333333333,1.0,1.0
2019-11-26 16:54:37,3,1,-0.5,1.0,1.0
2019-11-26 16:54:38,1,1,0.0,1.0,1.0
2019-11-26 16:54:39,2,2,0.0,1.0,1.0
2019-11-26 16:54:40,1,2,0.3333333333333333,1.0,1.0
2019-11-26 16:54:41,1,2,0.3333333333333333,1.0,1.0
2019-11-26 16:54:42,0,1,1.0,1.0,0.0
2019-11-26 16:54:43,0,0,,0.0,0.0
2019-11-26 16:54:44,0,1,1.0,1.0,0.0
2019-11-26 16:54:45,1,0,-1.0,0.0,1.0
2019-11-26 16:54:46,0,0,,0.0,0.0
2019-11-26 16:54:47,0,0,,0.0,0.0
2019-11-26 16:54:48,0,0,,0.0,0.0
2019-11-26 16:54:49,2,1,-0.3333333333333333,1.0,1.0
2019-11-26 16:54:50,1,1,0.0,1.0,1.0
2019-11-26 16:54:51,1,1,0.0,1.0,1.0
2019-11-26 16:54:52,0,0,,0.0,0.0
2019-11-26 16:54:53,0,0,,0.0,0.0
2019-11-26 16:54:54,0,0,,0.0,0.0
2019-11-26 16:54:55,0,0,,0.0,0.0
2019-11-26 16:54:56,1,0,-1.0,0.0,1.0
2019-11-26 16:54:57,1,2,0.3333333333333333,1.0,1.0
2019-11-26 16:54:58,3,3,0.0,1.0,1.0
2019-11-26 16:54:59,6,3,-0.3333333333333333,1.0,1.0
2019-11-26 16:55:00,1,1,0.0,1.0,1.0
2019-11-26 16:55:01,4,3,-0.14285714285714285,1.0,1.0
2019-11-26 16:55:02,3,1,-0.5,1.0,1.0
2019-11-26 16:55:03,4,1,-0.6,1.0,1.0
2019-11-26 16:55:04,7,1,-0.75,1.0,1.0
2019-11-26 16:55:05,4,1,-0.6,1.0,1.0
2019-11-26 16:55:06,2,1,-0.3333333333333333,1.0,1.0
2019-11-26 16:55:07,2,0,-1.0,0.0,1.0
2019-11-26 16:55:08,2,1,-0.3333333333333333,1.0,1.0
2019-11-26 16:55:09,1,0,-1.0,0.0,1.0
2019-11-26 16:55:10,1,1,0.0,1.0,1.0
2019-11-26 16:55:11,1,1,0.0,1.0,1.0
2019-11-26 16:55:12,1,1,0.0,1.0,1.0
2019-11-26 16:55:13,1,0,-1.0,0.0,1.0
2019-11-26 16:55:14,2,0,-1.0,0.0,1.0
2019-11-26 16:55:15,2,1,-0.3333333333333333,1.0,1.0
2019-11-26 16:55:16,6,2,-0.5,1.0,1.0
2019-11-26 16:55:17,4,3,-0.14285714285714285,1.0,1.0
2019-11-26 16:55:18,2,8,0.6,1.0,1.0
2019-11-26 16:55:19,1,4,0.6,1.0,1.0
2019-11-26 16:55:20,1,12,0.8461538461538461,1.0,1.0
2019-11-26 16:55:21,3,4,0.14285714285714285,1.0,1.0
2019-11-26 16:55:22,3,2,-0.2,1.0,1.0
2019-11-26 16:55:23,5,8,0.23076923076923078,1.0,1.0
2019-11-26 16:55:24,1,3,0.5,1.0,1.0
2019-11-26 16:55:25,1,2,0.3333333333333333,1.0,1.0
2019-11-26 16:55:26,3,2,-0.2,1.0,1.0
2019-11-26 16:55:27,3,1,-0.5,1.0,1.0
2019-11-26 16:55:28,2,2,0.0,1.0,1.0
2019-11-26 16:55:29,1,2,0.3333333333333333,1.0,1.0
2019-11-26 16:55:30,1,7,0.75,1.0,1.0
2019-11-26 16:55:31,3,6,0.3333333333333333,1.0,1.0
2019-11-26 16:55:32,3,11,0.5714285714285714,1.0,1.0
2019-11-26 16:55:33,4,5,0.1111111111111111,1.0,1.0
2019-11-26 16:55:34,4,4,0.0,1.0,1.0
2019-11-26 16:55:35,2,2,0.0,1.0,1.0
2019-11-26 16:55:36,0,3,1.0,1.0,0.0
2019-11-26 16:55:37,0,0,,0.0,0.0
2019-11-26 16:55:38,0,0,,0.0,0.0
2019-11-26 16:55:39,0,0,,0.0,0.0
2019-11-26 16:55:40,0,0,,0.0,0.0
2019-11-26 16:55:41,0,0,,0.0,0.0
2019-11-26 16:55:42,0,0,,0.0,0.0
2019-11-26 16:55:43,0,0,,0.0,0.0
2019-11-26 16:55:44,4,3,-0.14285714285714285,1.0,1.0
2019-11-26 16:55:45,6,3,-0.3333333333333333,1.0,1.0
2019-11-26 16:55:46,3,2,-0.2,1.0,1.0
2019-11-26 16:55:47,1,1,0.0,1.0,1.0
2019-11-26 16:55:48,1,1,0.0,1.0,1.0
2019-11-26 16:55:49,0,0,,0.0,0.0
2019-11-26 16:55:50,0,0,,0.0,0.0
2019-11-26 16:55:51,0,0,,0.0,0.0
2019-11-26 16:55:52,0,0,,0.0,0.0
2019-11-26 16:55:53,0,0,,0.0,0.0
2019-11-26 16:55:54,0,0,,0.0,0.0
2019-11-26 16:55:55,0,0,,0.0,0.0
2019-11-26 16:55:56,0,0,,0.0,0.0
2019-11-26 16:55:57,0,0,,0.0,0.0
2019-11-26 16:55:58,0,0,,0.0,0.0
2019-11-26 16:55:59,0,0,,0.0,0.0
2019-11-26 16:56:00,0,0,,0.0,0.0
2019-11-26 16:56:01,0,0,,0.0,0.0
2019-11-26 16:56:02,0,0,,0.0,0.0
2019-11-26 16:56:03,0,0,,0.0,0.0
2019-11-26 16:56:04,0,0,,0.0,0.0
2019-11-26 16:56:05,0,0,,0.0,0.0
2019-11-26 16:56:06,0,0,,0.0,0.0
2019-11-26 16:56:07,0,1,1.0,1.0,0.0
2019-11-26 16:56:08,1,2,0.3333333333333333,1.0,1.0
2019-11-26 16:56:09,1,3,0.5,1.0,1.0
2019-11-26 16:56:10,0,1,1.0,1.0,0.0
2019-11-26 16:56:11,3,6,0.3333333333333333,1.0,1.0
2019-11-26 16:56:12,3,3,0.0,1.0,1.0
2019-11-26 16:56:13,5,3,-0.25,1.0,1.0
2019-11-26 16:56:14,4,3,-0.14285714285714285,1.0,1.0
2019-11-26 16:56:15,8,3,-0.45454545454545453,1.0,1.0
2019-11-26 16:56:16,3,5,0.25,1.0,1.0
2019-11-26 16:56:17,2,7,0.5555555555555556,1.0,1.0
2019-11-26 16:56:18,1,9,0.8,1.0,1.0
2019-11-26 16:56:19,1,7,0.75,1.0,1.0
2019-11-26 16:56:20,2,7,0.5555555555555556,1.0,1.0
2019-11-26 16:56:21,1,4,0.6,1.0,1.0
2019-11-26 16:56:22,0,4,1.0,1.0,0.0
2019-11-26 16:56:23,1,5,0.6666666666666666,1.0,1.0
2019-11-26 16:56:24,1,8,0.7777777777777778,1.0,1.0
2019-11-26 16:56:25,0,3,1.0,1.0,0.0
2019-11-26 16:56:26,1,4,0.6,1.0,1.0
2019-11-26 16:56:27,1,8,0.7777777777777778,1.0,1.0
2019-11-26 16:56:28,2,4,0.3333333333333333,1.0,1.0
2019-11-26 16:56:29,2,13,0.7333333333333333,1.0,1.0
2019-11-26 16:56:30,1,19,0.9,1.0,1.0
2019-11-26 16:56:31,1,8,0.7777777777777778,1.0,1.0
2019-11-26 16:56:32,0,10,1.0,1.0,0.0
2019-11-26 16:56:33,1,6,0.7142857142857143,1.0,1.0
2019-11-26 16:56:34,1,16,0.8823529411764706,1.0,1.0
2019-11-26 16:56:35,0,10,1.0,1.0,0.0
2019-11-26 16:56:36,0,10,1.0,1.0,0.0
2019-11-26 16:56:37,2,5,0.42857142857142855,1.0,1.0
2019-11-26 16:56:38,0,3,1.0,1.0,0.0
2019-11-26 16:56:39,1,2,0.3333333333333333,1.0,1.0
2019-11-26 16:56:40,2,4,0.3333333333333333,1.0,1.0
2019-11-26 16:56:41,2,5,0.42857142857142855,1.0,1.0
2019-11-26 16:56:42,1,6,0.7142857142857143,1.0,1.0
2019-11-26 16:56:43,1,9,0.8,1.0,1.0
2019-11-26 16:56:44,4,4,0.0,1.0,1.0
2019-11-26 16:56:45,2,6,0.5,1.0,1.0
2019-11-26 16:56:46,2,7,0.5555555555555556,1.0,1.0
2019-11-26 16:56:47,3,4,0.14285714285714285,1.0,1.0
2019-11-26 16:56:48,8,3,-0.45454545454545453,1.0,1.0
2019-11-26 16:56:49,5,5,0.0,1.0,1.0
2019-11-26 16:56:50,3,5,0.25,1.0,1.0
2019-11-26 16:56:51,2,3,0.2,1.0,1.0
2019-11-26 16:56:52,3,2,-0.2,1.0,1.0
2019-11-26 16:56:53,2,4,0.3333333333333333,1.0,1.0
2019-11-26 16:56:54,6,3,-0.3333333333333333,1.0,1.0
2019-11-26 16:56:55,5,6,0.09090909090909091,1.0,1.0
2019-11-26 16:56:56,7,8,0.06666666666666667,1.0,1.0
2019-11-26 16:56:57,3,10,0.5384615384615384,1.0,1.0
2019-11-26 16:56:58,4,12,0.5,1.0,1.0
2019-11-26 16:56:59,4,11,0.4666666666666667,1.0,1.0
2019-11-26 16:57:00,4,3,-0.14285714285714285,1.0,1.0
2019-11-26 16:57:01,2,1,-0.3333333333333333,1.0,1.0
2019-11-26 16:57:02,7,4,-0.2727272727272727,1.0,1.0
2019-11-26 16:57:03,7,4,-0.2727272727272727,1.0,1.0
2019-11-26 16:57:04,4,3,-0.14285714285714285,1.0,1.0
2019-11-26 16:57:05,5,3,-0.25,1.0,1.0
2019-11-26 16:57:06,3,5,0.25,1.0,1.0
2019-11-26 16:57:07,2,6,0.5,1.0,1.0
2019-11-26 16:57:08,1,5,0.6666666666666666,1.0,1.0
2019-11-26 16:57:09,0,7,1.0,1.0,0.0
2019-11-26 16:57:10,0,6,1.0,1.0,0.0
2019-11-26 16:57:11,0,4,1.0,1.0,0.0
2019-11-26 16:57:12,0,3,1.0,1.0,0.0
2019-11-26 16:57:13,0,9,1.0,1.0,0.0
2019-11-26 16:57:14,0,5,1.0,1.0,0.0
2019-11-26 16:57:15,0,5,1.0,1.0,0.0
2019-11-26 16:57:16,0,6,1.0,1.0,0.0
2019-11-26 16:57:17,1,3,0.5,1.0,1.0
2019-11-26 16:57:18,0,5,1.0,1.0,0.0
2019-11-26 16:57:19,0,11,1.0,1.0,0.0
2019-11-26 16:57:20,1,7,0.75,1.0,1.0
2019-11-26 16:57:21,7,8,0.06666666666666667,1.0,1.0
2019-11-26 16:57:22,6,9,0.2,1.0,1.0
2019-11-26 16:57:23,3,3,0.0,1.0,1.0
2019-11-26 16:57:24,2,13,0.7333333333333333,1.0,1.0
2019-11-26 16:57:25,12,6,-0.3333333333333333,1.0,1.0
2019-11-26 16:57:26,4,10,0.42857142857142855,1.0,1.0
2019-11-26 16:57:27,5,6,0.09090909090909091,1.0,1.0
2019-11-26 16:57:28,4,9,0.38461538461538464,1.0,1.0
2019-11-26 16:57:29,6,8,0.14285714285714285,1.0,1.0
2019-11-26 16:57:30,2,4,0.3333333333333333,1.0,1.0
2019-11-26 16:57:31,2,11,0.6923076923076923,1.0,1.0
2019-11-26 16:57:32,3,10,0.5384615384615384,1.0,1.0
2019-11-26 16:57:33,5,9,0.2857142857142857,1.0,1.0
2019-11-26 16:57:34,6,5,-0.09090909090909091,1.0,1.0
2019-11-26 16:57:35,2,7,0.5555555555555556,1.0,1.0
2019-11-26 16:57:36,3,5,0.25,1.0,1.0
2019-11-26 16:57:37,5,8,0.23076923076923078,1.0,1.0
2019-11-26 16:57:38,5,8,0.23076923076923078,1.0,1.0
2019-11-26 16:57:39,6,7,0.07692307692307693,1.0,1.0
2019-11-26 16:57:40,7,4,-0.2727272727272727,1.0,1.0
2019-11-26 16:57:41,2,3,0.2,1.0,1.0
2019-11-26 16:57:42,3,1,-0.5,1.0,1.0
2019-11-26 16:57:43,3,3,0.0,1.0,1.0
2019-11-26 16:57:44,4,5,0.1111111111111111,1.0,1.0
2019-11-26 16:57:45,5,7,0.16666666666666666,1.0,1.0
2019-11-26 16:57:46,3,6,0.3333333333333333,1.0,1.0
2020-01-03 16:14:59,10,11,0.047619047619047616,1.0,1.0
2020-01-03 16:15:00,1,8,0.7777777777777778,1.0,1.0
2020-01-03 16:15:01,2,10,0.6666666666666666,1.0,1.0
2020-01-03 16:15:02,2,8,0.6,1.0,1.0
2020-01-03 16:15:03,11,7,-0.2222222222222222,1.0,1.0
2020-01-03 16:15:04,3,5,0.25,1.0,1.0
2020-01-03 16:15:05,3,3,0.0,1.0,1.0
2020-01-03 16:15:06,0,2,1.0,1.0,0.0
2020-01-03 16:15:07,1,4,0.6,1.0,1.0
2020-01-03 16:15:08,1,4,0.6,1.0,1.0
2020-01-03 16:15:09,6,7,0.07692307692307693,1.0,1.0
2020-01-03 16:15:10,6,3,-0.3333333333333333,1.0,1.0
2020-01-03 16:15:11,6,2,-0.5,1.0,1.0
2020-01-03 16:15:12,2,1,-0.3333333333333333,1.0,1.0
2020-01-03 16:15:13,1,0,-1.0,0.0,1.0
2020-01-03 16:15:14,2,0,-1.0,0.0,1.0
2020-01-03 16:15:15,3,0,-1.0,0.0,1.0
2020-01-03 16:15:16,2,0,-1.0,0.0,1.0
2020-01-03 16:15:17,2,0,-1.0,0.0,1.0
2020-01-03 16:15:18,1,0,-1.0,0.0,1.0
2020-01-03 16:15:19,5,0,-1.0,0.0,1.0
2020-01-03 16:15:20,3,0,-1.0,0.0,1.0
2020-01-03 16:15:21,3,0,-1.0,0.0,1.0
2020-01-03 16:15:22,3,0,-1.0,0.0,1.0
2020-01-03 16:15:23,5,0,-1.0,0.0,1.0
2020-01-03 16:15:24,7,2,-0.5555555555555556,1.0,1.0
2020-01-03 16:15:25,4,9,0.38461538461538464,1.0,1.0
2020-01-03 16:15:26,1,7,0.75,1.0,1.0
2020-01-03 16:15:27,0,6,1.0,1.0,0.0
2020-01-03 16:15:28,1,3,0.5,1.0,1.0
2020-01-03 16:15:29,1,10,0.8181818181818182,1.0,1.0
2020-01-03 16:15:30,1,9,0.8,1.0,1.0
2020-01-03 16:15:31,0,4,1.0,1.0,0.0
2020-01-03 16:15:32,0,7,1.0,1.0,0.0
2020-01-03 16:15:33,0,11,1.0,1.0,0.0
2020-01-03 16:15:34,0,26,1.0,1.0,0.0
2020-01-03 16:15:35,0,22,1.0,1.0,0.0
2020-01-03 16:15:36,8,23,0.4838709677419355,1.0,1.0
2020-01-03 16:15:37,8,11,0.15789473684210525,1.0,1.0
2020-01-03 16:15:38,9,4,-0.38461538461538464,1.0,1.0
2020-01-03 16:15:39,10,2,-0.6666666666666666,1.0,1.0
2020-01-03 16:15:40,9,1,-0.8,1.0,1.0
2020-01-03 16:15:41,6,3,-0.3333333333333333,1.0,1.0
2020-01-03 16:15:42,3,6,0.3333333333333333,1.0,1.0
2020-01-03 16:15:43,1,5,0.6666666666666666,1.0,1.0
2020-01-03 16:15:44,0,2,1.0,1.0,0.0
2020-01-03 16:15:45,5,4,-0.1111111111111111,1.0,1.0
2020-01-03 16:15:46,8,9,0.058823529411764705,1.0,1.0
2020-01-03 16:15:47,9,18,0.3333333333333333,1.0,1.0
2020-01-03 16:15:48,12,9,-0.14285714285714285,1.0,1.0
2020-01-03 16:15:49,4,3,-0.14285714285714285,1.0,1.0
2020-01-03 16:15:50,7,2,-0.5555555555555556,1.0,1.0
2020-01-03 16:15:51,2,7,0.5555555555555556,1.0,1.0
2020-01-03 16:15:52,3,4,0.14285714285714285,1.0,1.0
2020-01-03 16:15:53,5,8,0.23076923076923078,1.0,1.0
2020-01-03 16:15:54,7,5,-0.16666666666666666,1.0,1.0
2020-01-03 16:15:55,16,2,-0.7777777777777778,1.0,1.0
2020-01-03 16:15:56,10,2,-0.6666666666666666,1.0,1.0
2020-01-03 16:15:57,6,0,-1.0,0.0,1.0
2020-01-03 16:15:58,6,0,-1.0,0.0,1.0
2020-01-03 16:15:59,10,0,-1.0,0.0,1.0
2020-01-03 16:16:00,6,0,-1.0,0.0,1.0
2020-01-03 16:16:01,3,0,-1.0,0.0,1.0
2020-01-03 16:16:02,5,0,-1.0,0.0,1.0
2020-01-03 16:16:03,1,0,-1.0,0.0,1.0
2020-01-03 16:16:04,1,0,-1.0,0.0,1.0
2020-01-03 16:16:05,1,0,-1.0,0.0,1.0
2020-01-03 16:16:06,7,0,-1.0,0.0,1.0
2020-01-03 16:16:07,12,0,-1.0,0.0,1.0
2020-01-03 16:16:08,6,0,-1.0,0.0,1.0
2020-01-03 16:16:09,4,0,-1.0,0.0,1.0
2020-01-03 16:16:10,16,0,-1.0,0.0,1.0
2020-01-03 16:16:11,4,0,-1.0,0.0,1.0
2020-01-03 16:16:12,4,1,-0.6,1.0,1.0
2020-01-03 16:16:13,2,1,-0.3333333333333333,1.0,1.0
2020-01-03 16:16:14,1,0,-1.0,0.0,1.0
2020-01-03 16:16:15,1,1,0.0,1.0,1.0
2020-01-03 16:16:16,0,0,,0.0,0.0
2020-01-03 16:16:17,0,0,,0.0,0.0
2020-01-03 16:16:18,0,0,,0.0,0.0
2020-01-03 16:16:19,1,1,0.0,1.0,1.0
2020-01-03 16:16:20,2,1,-0.3333333333333333,1.0,1.0
2020-01-03 16:16:21,4,1,-0.6,1.0,1.0
2020-01-03 16:16:22,1,6,0.7142857142857143,1.0,1.0
2020-01-03 16:16:23,1,7,0.75,1.0,1.0
2020-01-03 16:16:24,2,4,0.3333333333333333,1.0,1.0
2020-01-03 16:16:25,3,7,0.4,1.0,1.0
2020-01-03 16:16:26,2,3,0.2,1.0,1.0
2020-01-03 16:16:27,4,3,-0.14285714285714285,1.0,1.0
2020-01-03 16:16:28,4,4,0.0,1.0,1.0
2020-01-03 16:16:29,4,6,0.2,1.0,1.0
2020-01-03 16:16:30,2,8,0.6,1.0,1.0
2020-01-03 16:16:31,3,6,0.3333333333333333,1.0,1.0
2020-01-03 16:16:32,4,13,0.5294117647058824,1.0,1.0
2020-01-03 16:16:33,1,10,0.8181818181818182,1.0,1.0
2020-01-03 16:16:34,0,6,1.0,1.0,0.0
2020-01-03 16:16:35,0,11,1.0,1.0,0.0
2020-01-03 16:16:36,0,7,1.0,1.0,0.0
2020-01-03 16:16:37,0,8,1.0,1.0,0.0
2020-01-03 16:16:38,0,13,1.0,1.0,0.0
2020-01-03 16:16:39,5,12,0.4117647058823529,1.0,1.0
2020-01-03 16:16:40,3,10,0.5384615384615384,1.0,1.0
2020-01-03 16:16:41,3,6,0.3333333333333333,1.0,1.0
2020-01-03 16:16:42,1,3,0.5,1.0,1.0
2020-01-03 16:16:43,1,1,0.0,1.0,1.0
2020-01-03 16:16:44,0,1,1.0,1.0,0.0
2020-01-03 16:16:45,1,2,0.3333333333333333,1.0,1.0
2020-01-03 16:16:46,3,4,0.14285714285714285,1.0,1.0
2020-01-03 16:16:47,12,6,-0.3333333333333333,1.0,1.0
2020-01-03 16:16:48,7,8,0.06666666666666667,1.0,1.0
2020-01-03 16:16:49,5,6,0.09090909090909091,1.0,1.0
2020-01-03 16:16:50,7,7,0.0,1.0,1.0
2020-01-03 16:16:51,12,2,-0.7142857142857143,1.0,1.0
2020-01-03 16:16:52,8,2,-0.6,1.0,1.0
2020-01-03 16:16:53,6,1,-0.7142857142857143,1.0,1.0
2020-01-03 16:16:54,7,2,-0.5555555555555556,1.0,1.0
2020-01-03 16:16:55,3,1,-0.5,1.0,1.0
2020-01-03 16:16:56,2,0,-1.0,0.0,1.0
2020-01-03 16:16:57,4,3,-0.14285714285714285,1.0,1.0
2020-01-03 16:16:58,7,8,0.06666666666666667,1.0,1.0
2020-01-03 16:16:59,3,12,0.6,1.0,1.0
2020-01-03 16:17:00,4,7,0.2727272727272727,1.0,1.0
2020-01-03 16:17:01,4,2,-0.3333333333333333,1.0,1.0
2020-01-03 16:17:02,2,7,0.5555555555555556,1.0,1.0
2020-01-03 16:17:03,5,6,0.09090909090909091,1.0,1.0
2020-01-03 16:17:04,5,8,0.23076923076923078,1.0,1.0
2020-01-03 16:17:05,3,8,0.45454545454545453,1.0,1.0
2020-01-03 16:17:06,2,6,0.5,1.0,1.0
2020-01-03 16:17:07,5,3,-0.25,1.0,1.0
2020-01-03 16:17:08,5,2,-0.42857142857142855,1.0,1.0
2020-01-03 16:17:09,3,2,-0.2,1.0,1.0
2020-01-03 16:17:10,5,1,-0.6666666666666666,1.0,1.0
2020-01-03 16:17:11,7,5,-0.16666666666666666,1.0,1.0
2020-01-03 16:17:12,2,8,0.6,1.0,1.0
2020-01-03 16:17:13,1,4,0.6,1.0,1.0
2020-01-03 16:17:14,2,1,-0.3333333333333333,1.0,1.0
2020-01-03 16:17:15,3,2,-0.2,1.0,1.0
2020-01-03 16:17:16,2,2,0.0,1.0,1.0
2020-01-03 16:17:17,3,3,0.0,1.0,1.0
2020-01-03 16:17:18,4,1,-0.6,1.0,1.0
2020-01-03 16:17:19,10,1,-0.8181818181818182,1.0,1.0
2020-01-03 16:17:20,11,0,-1.0,0.0,1.0
2020-01-03 16:17:21,8,0,-1.0,0.0,1.0
2020-01-03 16:17:22,10,0,-1.0,0.0,1.0
2020-01-03 16:17:23,4,0,-1.0,0.0,1.0
2020-01-03 16:17:24,3,1,-0.5,1.0,1.0
2020-01-03 16:17:25,5,2,-0.42857142857142855,1.0,1.0
2020-01-03 16:17:26,3,5,0.25,1.0,1.0
2020-01-03 16:17:27,3,0,-1.0,0.0,1.0
2020-01-03 16:20:10,19,17,-0.05555555555555555,1.0,1.0
2020-01-03 16:20:11,16,16,0.0,1.0,1.0
2020-01-03 16:20:12,7,13,0.3,1.0,1.0
2020-01-03 16:20:13,6,7,0.07692307692307693,1.0,1.0
2020-01-03 16:20:14,5,11,0.375,1.0,1.0
2020-01-03 16:20:15,8,5,-0.23076923076923078,1.0,1.0
2020-01-03 16:20:16,3,5,0.25,1.0,1.0
2020-01-03 16:20:17,1,3,0.5,1.0,1.0
2020-01-03 16:20:18,1,3,0.5,1.0,1.0
2020-01-03 16:20:19,3,4,0.14285714285714285,1.0,1.0
2020-01-03 16:20:20,2,5,0.42857142857142855,1.0,1.0
2020-01-03 16:20:21,1,29,0.9333333333333333,1.0,1.0
2020-01-03 16:20:22,4,22,0.6923076923076923,1.0,1.0
2020-01-03 16:20:23,5,6,0.09090909090909091,1.0,1.0
2020-01-03 16:20:24,4,9,0.38461538461538464,1.0,1.0
2020-01-03 16:20:25,3,14,0.6470588235294118,1.0,1.0
2020-01-03 16:20:26,2,16,0.7777777777777778,1.0,1.0
2020-01-03 16:20:27,3,8,0.45454545454545453,1.0,1.0
2020-01-03 16:20:28,5,21,0.6153846153846154,1.0,1.0
2020-01-03 16:20:29,16,11,-0.18518518518518517,1.0,1.0
2020-01-03 16:20:30,3,12,0.6,1.0,1.0
2020-01-03 16:20:31,4,9,0.38461538461538464,1.0,1.0
2020-01-03 16:20:32,2,2,0.0,1.0,1.0
2020-01-03 16:20:33,2,1,-0.3333333333333333,1.0,1.0
2020-01-03 16:20:34,2,1,-0.3333333333333333,1.0,1.0
2020-01-03 16:20:35,2,1,-0.3333333333333333,1.0,1.0
2020-01-03 16:20:36,1,0,-1.0,0.0,1.0
2020-01-03 16:20:37,1,0,-1.0,0.0,1.0
2020-01-03 16:20:38,1,0,-1.0,0.0,1.0
2020-01-03 16:20:39,1,2,0.3333333333333333,1.0,1.0
2020-01-03 16:20:40,1,1,0.0,1.0,1.0
2020-01-03 16:20:41,1,0,-1.0,0.0,1.0
2020-01-03 16:20:42,0,0,,0.0,0.0
2020-01-03 16:20:43,0,0,,0.0,0.0
2020-01-03 16:20:44,0,0,,0.0,0.0
2020-01-03 16:20:45,1,2,0.3333333333333333,1.0,1.0
2020-01-03 16:20:46,5,11,0.375,1.0,1.0
2020-01-03 16:20:47,3,17,0.7,1.0,1.0
2020-01-03 16:20:48,2,13,0.7333333333333333,1.0,1.0
2020-01-03 16:20:49,2,6,0.5,1.0,1.0
2020-01-03 16:20:50,1,10,0.8181818181818182,1.0,1.0
2020-01-03 16:20:51,1,10,0.8181818181818182,1.0,1.0
2020-01-03 16:20:52,0,4,1.0,1.0,0.0
2020-01-03 16:20:53,1,5,0.6666666666666666,1.0,1.0
2020-01-03 16:20:54,2,2,0.0,1.0,1.0
2020-01-03 16:20:55,1,5,0.6666666666666666,1.0,1.0
2020-01-03 16:20:56,1,2,0.3333333333333333,1.0,1.0
2020-01-03 16:20:57,2,0,-1.0,0.0,1.0
2020-01-03 16:20:58,1,0,-1.0,0.0,1.0
2020-01-03 16:20:59,1,1,0.0,1.0,1.0
2020-01-03 16:21:00,2,0,-1.0,0.0,1.0
2020-01-03 16:21:01,4,0,-1.0,0.0,1.0
2020-01-03 16:21:02,17,1,-0.8888888888888888,1.0,1.0
2020-01-03 16:21:03,14,1,-0.8666666666666667,1.0,1.0
2020-01-03 16:21:04,5,0,-1.0,0.0,1.0
2020-01-03 16:21:05,10,1,-0.8181818181818182,1.0,1.0
2020-01-03 16:21:06,8,1,-0.7777777777777778,1.0,1.0
2020-01-03 16:21:07,10,1,-0.8181818181818182,1.0,1.0
2020-01-03 16:21:08,7,1,-0.75,1.0,1.0
2020-01-03 16:21:09,5,2,-0.42857142857142855,1.0,1.0
2020-01-03 16:21:10,5,1,-0.6666666666666666,1.0,1.0
2020-01-03 16:21:11,3,2,-0.2,1.0,1.0
2020-01-03 16:21:12,4,5,0.1111111111111111,1.0,1.0
2020-01-03 16:21:13,7,5,-0.16666666666666666,1.0,1.0
2020-01-03 16:21:14,4,5,0.1111111111111111,1.0,1.0
2020-01-03 16:21:15,1,3,0.5,1.0,1.0
2020-01-03 16:21:16,3,1,-0.5,1.0,1.0
2020-01-03 16:21:17,7,3,-0.4,1.0,1.0
2020-01-03 16:21:18,6,5,-0.09090909090909091,1.0,1.0
2020-01-03 16:21:19,3,10,0.5384615384615384,1.0,1.0
2020-01-03 16:21:20,2,11,0.6923076923076923,1.0,1.0
2020-01-03 16:21:21,3,26,0.7931034482758621,1.0,1.0
2020-01-03 16:21:22,2,15,0.7647058823529411,1.0,1.0
2020-01-03 16:21:23,2,11,0.6923076923076923,1.0,1.0
2020-01-03 16:21:24,2,11,0.6923076923076923,1.0,1.0
2020-01-03 16:21:25,3,11,0.5714285714285714,1.0,1.0
2020-01-03 16:21:26,3,11,0.5714285714285714,1.0,1.0
2020-01-03 16:21:27,3,6,0.3333333333333333,1.0,1.0
2020-01-03 16:21:28,7,9,0.125,1.0,1.0
2020-01-16 12:23:35,17,0,-1.0,0.0,1.0
2020-01-16 12:23:36,20,0,-1.0,0.0,1.0
2020-01-16 12:23:37,16,0,-1.0,0.0,1.0
2020-01-16 12:23:38,6,0,-1.0,0.0,1.0
2020-01-16 12:23:39,8,0,-1.0,0.0,1.0
2020-01-16 12:23:40,2,0,-1.0,0.0,1.0
2020-01-16 12:23:41,3,0,-1.0,0.0,1.0
2020-01-16 12:23:42,1,0,-1.0,0.0,1.0
2020-01-16 12:23:43,1,0,-1.0,0.0,1.0
2020-01-16 12:23:44,0,0,,0.0,0.0
2020-01-16 12:23:45,0,0,,0.0,0.0
2020-01-16 12:23:46,0,0,,0.0,0.0
2020-01-16 12:23:47,0,0,,0.0,0.0
2020-01-16 12:23:48,0,1,1.0,1.0,0.0
2020-01-16 12:23:49,1,3,0.5,1.0,1.0
2020-01-16 12:23:50,0,1,1.0,1.0,0.0
2020-01-16 12:23:51,0,0,,0.0,0.0
2020-01-16 12:23:52,0,1,1.0,1.0,0.0
2020-01-16 12:23:53,0,0,,0.0,0.0
2020-01-16 12:23:54,0,0,,0.0,0.0
2020-01-16 12:23:55,0,0,,0.0,0.0
2020-01-16 12:23:56,0,0,,0.0,0.0
2020-01-16 12:23:57,0,0,,0.0,0.0
2020-01-16 12:23:58,0,0,,0.0,0.0
2020-01-16 12:23:59,0,2,1.0,1.0,0.0
2020-01-16 12:24:00,0,3,1.0,1.0,0.0
2020-01-16 12:24:01,0,2,1.0,1.0,0.0
2020-01-16 12:24:02,1,3,0.5,1.0,1.0
2020-01-16 12:24:03,0,5,1.0,1.0,0.0
2020-01-16 12:24:04,0,3,1.0,1.0,0.0
2020-01-16 12:24:05,0,5,1.0,1.0,0.0
2020-01-16 12:24:06,0,0,,0.0,0.0
2020-01-16 12:24:07,0,0,,0.0,0.0
2020-01-16 12:24:08,0,0,,0.0,0.0
2020-01-16 12:24:09,0,0,,0.0,0.0
2020-01-16 12:24:10,0,0,,0.0,0.0
2020-01-16 12:24:11,0,0,,0.0,0.0
2020-01-16 12:24:12,0,0,,0.0,0.0
2020-01-16 12:24:13,0,0,,0.0,0.0
2020-01-16 12:24:14,0,0,,0.0,0.0
2020-01-16 12:24:15,0,9,1.0,1.0,0.0
2020-01-16 12:24:16,0,7,1.0,1.0,0.0
2020-01-16 12:24:17,0,10,1.0,1.0,0.0
2020-01-16 12:24:18,0,1,1.0,1.0,0.0
2020-01-16 12:24:19,0,1,1.0,1.0,0.0
2020-01-16 12:24:20,0,1,1.0,1.0,0.0
2020-01-16 12:24:21,0,1,1.0,1.0,0.0
2020-01-16 12:24:22,1,1,0.0,1.0,1.0
2020-01-16 12:24:23,0,1,1.0,1.0,0.0
2020-01-16 12:24:24,0,3,1.0,1.0,0.0
2020-01-16 12:24:25,0,3,1.0,1.0,0.0
2020-01-16 12:24:26,0,7,1.0,1.0,0.0
2020-01-16 12:24:27,0,10,1.0,1.0,0.0
2020-01-16 12:24:28,0,3,1.0,1.0,0.0
2020-01-16 12:24:29,0,3,1.0,1.0,0.0
2020-01-16 12:24:30,0,7,1.0,1.0,0.0
2020-01-16 12:24:31,0,5,1.0,1.0,0.0
2020-01-16 12:24:32,0,4,1.0,1.0,0.0
2020-01-16 12:24:33,0,1,1.0,1.0,0.0
2020-01-16 12:24:34,0,2,1.0,1.0,0.0
2020-01-16 12:24:35,0,3,1.0,1.0,0.0
2020-01-16 12:24:36,5,3,-0.25,1.0,1.0
2020-01-16 12:24:37,10,5,-0.3333333333333333,1.0,1.0
2020-01-16 12:24:38,8,15,0.30434782608695654,1.0,1.0
2020-01-16 12:24:39,7,9,0.125,1.0,1.0
2020-01-16 12:24:40,1,2,0.3333333333333333,1.0,1.0
2020-01-16 12:24:41,2,3,0.2,1.0,1.0
2020-01-16 12:24:42,2,1,-0.3333333333333333,1.0,1.0
2020-01-16 12:24:43,2,1,-0.3333333333333333,1.0,1.0
2020-01-16 12:24:44,3,0,-1.0,0.0,1.0
2020-01-16 12:24:45,8,0,-1.0,0.0,1.0
2020-01-16 12:24:46,8,0,-1.0,0.0,1.0
2020-01-16 12:24:47,10,1,-0.8181818181818182,1.0,1.0
2020-01-16 12:24:48,7,0,-1.0,0.0,1.0
2020-01-16 12:24:49,6,0,-1.0,0.0,1.0
2020-01-16 12:24:50,7,1,-0.75,1.0,1.0
2020-01-16 12:24:51,1,0,-1.0,0.0,1.0
2020-01-16 12:24:52,1,1,0.0,1.0,1.0
2020-01-16 12:24:53,3,0,-1.0,0.0,1.0
2020-01-16 12:24:54,1,1,0.0,1.0,1.0
2020-01-16 12:24:55,0,0,,0.0,0.0
2020-01-16 12:24:56,0,0,,0.0,0.0
2020-01-16 12:24:57,0,0,,0.0,0.0
2020-01-16 12:24:58,0,0,,0.0,0.0
2020-01-16 12:24:59,0,0,,0.0,0.0
2020-01-16 12:25:00,0,5,1.0,1.0,0.0
2020-01-16 12:25:01,1,7,0.75,1.0,1.0
2020-01-16 12:25:02,2,7,0.5555555555555556,1.0,1.0
2020-01-16 12:25:03,2,3,0.2,1.0,1.0
2020-01-16 12:25:04,7,2,-0.5555555555555556,1.0,1.0
2020-01-16 12:25:05,3,4,0.14285714285714285,1.0,1.0
2020-01-16 12:25:06,2,3,0.2,1.0,1.0
2020-01-16 12:25:07,2,3,0.2,1.0,1.0
2020-01-16 12:25:08,1,2,0.3333333333333333,1.0,1.0
2020-01-16 12:25:09,0,8,1.0,1.0,0.0
2020-01-16 12:25:10,0,4,1.0,1.0,0.0
2020-01-16 12:25:11,0,4,1.0,1.0,0.0
2020-01-16 12:25:12,0,2,1.0,1.0,0.0
2020-01-16 12:25:13,0,2,1.0,1.0,0.0
2020-01-16 12:25:14,0,0,,0.0,0.0
2020-01-16 12:25:15,0,0,,0.0,0.0
2020-01-16 12:25:16,0,1,1.0,1.0,0.0
2020-01-16 12:25:17,1,1,0.0,1.0,1.0
2020-01-16 12:25:18,0,8,1.0,1.0,0.0
2020-01-16 12:25:19,0,7,1.0,1.0,0.0
2020-01-16 12:25:20,0,7,1.0,1.0,0.0
2020-01-16 12:25:21,2,8,0.6,1.0,1.0
2020-01-16 12:25:22,1,2,0.3333333333333333,1.0,1.0
2020-01-16 12:25:23,1,3,0.5,1.0,1.0
2020-01-16 12:25:24,0,1,1.0,1.0,0.0
2020-01-16 12:25:25,0,1,1.0,1.0,0.0
2020-01-16 12:25:26,1,1,0.0,1.0,1.0
2020-01-16 12:25:27,1,3,0.5,1.0,1.0
2020-01-16 12:25:28,2,7,0.5555555555555556,1.0,1.0
2020-01-16 12:25:29,0,8,1.0,1.0,0.0
2020-01-16 12:25:30,0,7,1.0,1.0,0.0
2020-01-16 12:25:31,0,5,1.0,1.0,0.0
2020-01-16 12:25:32,1,9,0.8,1.0,1.0
2020-01-16 12:25:33,1,9,0.8,1.0,1.0
2020-01-16 12:25:34,1,7,0.75,1.0,1.0
2020-01-16 12:25:35,1,3,0.5,1.0,1.0
2020-01-16 12:25:36,0,9,1.0,1.0,0.0
2020-01-16 12:25:37,1,13,0.8571428571428571,1.0,1.0
2020-01-16 12:25:38,1,8,0.7777777777777778,1.0,1.0
2020-01-16 12:25:39,0,5,1.0,1.0,0.0
2020-01-16 12:25:40,0,5,1.0,1.0,0.0
2020-01-16 12:25:41,1,3,0.5,1.0,1.0
2020-01-16 12:25:42,4,5,0.1111111111111111,1.0,1.0
2020-01-16 12:25:43,3,3,0.0,1.0,1.0
2020-01-16 12:25:44,2,2,0.0,1.0,1.0
2020-01-16 12:25:45,1,6,0.7142857142857143,1.0,1.0
2020-01-16 12:25:46,2,1,-0.3333333333333333,1.0,1.0
2020-01-16 12:25:47,3,0,-1.0,0.0,1.0
2020-01-16 12:25:48,3,0,-1.0,0.0,1.0
2020-01-16 12:25:49,1,0,-1.0,0.0,1.0
2020-01-16 12:25:50,1,0,-1.0,0.0,1.0
2020-01-16 12:25:51,1,0,-1.0,0.0,1.0
2020-01-16 12:25:52,2,0,-1.0,0.0,1.0
2020-01-16 12:25:53,2,4,0.3333333333333333,1.0,1.0
2020-01-16 12:25:54,3,11,0.5714285714285714,1.0,1.0
2020-01-16 12:25:55,2,9,0.6363636363636364,1.0,1.0
2020-01-16 12:25:56,2,13,0.7333333333333333,1.0,1.0
2020-01-16 12:25:57,1,9,0.8,1.0,1.0
2020-01-16 12:25:58,1,6,0.7142857142857143,1.0,1.0
2020-01-16 12:25:59,1,10,0.8181818181818182,1.0,1.0
2020-01-16 12:26:00,1,8,0.7777777777777778,1.0,1.0
2020-01-16 12:26:01,0,10,1.0,1.0,0.0
2020-01-16 12:26:02,0,8,1.0,1.0,0.0
2020-01-16 12:26:03,0,3,1.0,1.0,0.0
2020-01-16 12:26:04,0,4,1.0,1.0,0.0
2020-01-16 12:26:05,1,7,0.75,1.0,1.0
2020-01-16 12:26:06,0,7,1.0,1.0,0.0
2020-01-16 12:26:07,0,7,1.0,1.0,0.0
2020-01-16 12:26:08,0,6,1.0,1.0,0.0
2020-01-16 12:26:09,0,10,1.0,1.0,0.0
2020-01-16 12:26:10,0,7,1.0,1.0,0.0
2020-01-16 12:26:11,0,6,1.0,1.0,0.0
2020-01-16 12:26:12,2,4,0.3333333333333333,1.0,1.0
2020-01-16 12:26:13,4,10,0.42857142857142855,1.0,1.0
2020-01-16 12:26:14,5,5,0.0,1.0,1.0
2020-01-16 12:26:15,1,3,0.5,1.0,1.0
2020-01-16 12:26:16,2,7,0.5555555555555556,1.0,1.0
2020-01-16 12:26:17,2,9,0.6363636363636364,1.0,1.0
2020-01-16 12:26:18,1,9,0.8,1.0,1.0
2020-01-16 12:26:19,0,4,1.0,1.0,0.0
2020-01-16 12:26:20,1,4,0.6,1.0,1.0
2020-01-16 12:26:21,1,0,-1.0,0.0,1.0
2020-01-16 12:26:22,0,0,,0.0,0.0
2020-01-16 12:26:23,0,2,1.0,1.0,0.0
2020-01-16 12:26:24,0,2,1.0,1.0,0.0
2020-01-16 12:26:25,0,2,1.0,1.0,0.0
2020-01-16 12:26:26,0,3,1.0,1.0,0.0
2020-01-16 12:26:27,0,14,1.0,1.0,0.0
2020-01-16 12:26:28,0,6,1.0,1.0,0.0
2020-01-16 12:26:29,0,4,1.0,1.0,0.0
2020-01-16 12:26:30,0,3,1.0,1.0,0.0
2020-01-16 12:26:31,0,2,1.0,1.0,0.0
2020-01-16 12:26:32,0,1,1.0,1.0,0.0
2020-01-16 12:26:33,0,2,1.0,1.0,0.0
2020-01-16 12:26:34,0,3,1.0,1.0,0.0
2020-01-16 12:26:35,0,1,1.0,1.0,0.0
2020-01-16 12:26:36,0,1,1.0,1.0,0.0
2020-01-16 12:26:37,0,1,1.0,1.0,0.0
2020-01-16 12:26:38,0,0,,0.0,0.0
2020-01-16 12:26:39,0,1,1.0,1.0,0.0
2020-01-16 12:26:40,0,2,1.0,1.0,0.0
2020-01-16 12:26:41,0,1,1.0,1.0,0.0
2020-01-16 12:29:52,8,18,0.38461538461538464,1.0,1.0
2020-01-16 12:29:53,6,21,0.5555555555555556,1.0,1.0
2020-01-16 12:29:54,5,7,0.16666666666666666,1.0,1.0
2020-01-16 12:29:55,1,8,0.7777777777777778,1.0,1.0
2020-01-16 12:29:56,2,5,0.42857142857142855,1.0,1.0
2020-01-16 12:29:57,0,3,1.0,1.0,0.0
2020-01-16 12:29:58,1,1,0.0,1.0,1.0
2020-01-16 12:29:59,0,1,1.0,1.0,0.0
2020-01-16 12:30:00,0,0,,0.0,0.0
2020-01-16 12:30:01,1,0,-1.0,0.0,1.0
2020-01-16 12:30:02,1,1,0.0,1.0,1.0
2020-01-16 12:30:03,1,2,0.3333333333333333,1.0,1.0
2020-01-16 12:30:04,1,2,0.3333333333333333,1.0,1.0
2020-01-16 12:30:05,1,1,0.0,1.0,1.0
2020-01-16 12:30:06,2,2,0.0,1.0,1.0
2020-01-16 12:30:07,3,1,-0.5,1.0,1.0
2020-01-16 12:30:08,1,3,0.5,1.0,1.0
2020-01-16 12:30:09,1,10,0.8181818181818182,1.0,1.0
2020-01-16 12:30:10,0,7,1.0,1.0,0.0
2020-01-16 12:30:11,0,2,1.0,1.0,0.0
2020-01-16 12:30:12,0,3,1.0,1.0,0.0
2020-01-16 12:30:13,1,2,0.3333333333333333,1.0,1.0
2020-01-16 12:30:14,0,1,1.0,1.0,0.0
2020-01-16 12:30:15,0,1,1.0,1.0,0.0
2020-01-16 12:30:16,0,0,,0.0,0.0
2020-01-16 12:30:17,0,7,1.0,1.0,0.0
2020-01-16 12:30:18,0,11,1.0,1.0,0.0
2020-01-16 12:30:19,0,7,1.0,1.0,0.0
2020-01-16 12:30:20,0,10,1.0,1.0,0.0
2020-01-16 12:30:21,0,4,1.0,1.0,0.0
2020-01-16 12:30:22,0,3,1.0,1.0,0.0
2020-01-16 12:30:23,0,0,,0.0,0.0
2020-01-16 12:30:24,0,3,1.0,1.0,0.0
2020-01-16 12:30:25,0,5,1.0,1.0,0.0
2020-01-16 12:30:26,0,5,1.0,1.0,0.0
2020-01-16 12:30:27,0,5,1.0,1.0,0.0
2020-01-16 12:30:28,1,4,0.6,1.0,1.0
2020-01-16 12:30:29,1,2,0.3333333333333333,1.0,1.0
2020-01-16 12:30:30,1,2,0.3333333333333333,1.0,1.0
2020-01-16 12:30:31,2,2,0.0,1.0,1.0
2020-01-16 12:30:32,1,3,0.5,1.0,1.0
2020-01-16 12:30:33,3,10,0.5384615384615384,1.0,1.0
2020-01-16 12:30:34,1,4,0.6,1.0,1.0
2020-01-16 12:30:35,3,5,0.25,1.0,1.0
2020-01-16 12:30:36,2,3,0.2,1.0,1.0
2020-01-16 12:30:37,1,5,0.6666666666666666,1.0,1.0
2020-01-16 12:30:38,2,7,0.5555555555555556,1.0,1.0
2020-01-16 12:30:39,2,9,0.6363636363636364,1.0,1.0
2020-01-16 12:30:40,2,2,0.0,1.0,1.0
