time,l,r,iteration
2019-11-15 16:31:29.500,1,1,0
2019-11-15 16:32:54.000,1,0,0
2019-11-15 16:32:24.500,0,1,0
2019-11-15 16:35:02.500,0,1,0
2019-11-15 16:32:43.240,1,0,0
2019-11-15 16:33:02.240,1,0,0
2019-11-15 16:33:03.500,1,0,0
2019-11-15 16:32:10.000,1,0,0
2019-11-15 16:34:51.000,0,1,0
2019-11-15 16:34:10.240,0,1,0
2019-11-15 16:31:51.000,1,1,0
2019-11-15 16:32:48.740,1,0,0
2019-11-15 16:32:11.740,0,0,0
2019-11-15 16:31:55.740,1,1,0
2019-11-15 16:31:44.740,0,1,0
2019-11-15 16:33:56.740,1,1,0
2019-11-15 16:34:18.000,0,0,0
2019-11-15 16:33:22.240,0,1,0
2019-11-15 16:34:47.000,0,1,0
2019-11-15 16:32:50.500,1,0,0
2019-11-15 16:32:09.500,0,1,0
2019-11-15 16:31:36.740,1,1,0
2019-11-15 16:33:16.000,0,1,0
2019-11-15 16:32:40.500,0,1,0
2019-11-15 16:35:47.740,1,0,0
2019-11-15 16:31:33.740,0,1,0
2019-11-15 16:33:00.240,1,0,0
2019-11-15 16:31:48.240,0,1,0
2019-11-15 16:32:37.000,0,1,0
2019-11-15 16:34:53.000,1,1,0
2019-11-15 16:32:01.240,0,1,0
2019-11-15 16:32:19.000,0,1,0
2019-11-15 16:34:12.740,0,1,0
2019-11-15 16:31:40.000,0,1,0
2019-11-15 16:33:33.740,0,1,0
2019-11-25 16:49:00.500,1,0,0
2019-11-25 16:57:54.740,0,1,0
2019-11-25 16:59:56.500,0,1,0
2019-11-25 16:56:54.000,1,1,0
2019-11-25 16:57:04.500,0,1,0
2019-11-25 16:53:54.240,0,0,0
2019-11-25 16:55:07.240,1,1,0
2019-11-25 16:59:58.740,0,1,0
2019-11-25 16:49:48.740,1,1,0
2019-11-25 17:00:18.740,1,1,0
2019-11-25 16:47:18.740,1,1,0
2019-11-25 16:56:41.500,0,1,0
2019-11-25 16:57:40.240,0,1,0
2019-11-25 16:50:13.240,1,1,0
2019-11-25 16:49:47.240,1,1,0
2019-11-25 16:52:29.740,1,1,0
2019-11-25 16:53:38.240,1,1,0
2019-11-25 16:58:23.000,1,1,0
2019-11-25 16:47:16.500,1,1,0
2019-11-25 16:57:09.740,0,1,0
2019-11-25 16:48:21.000,1,0,0
2019-11-25 16:48:00.500,0,0,0
2019-11-25 16:47:10.500,0,1,0
2019-11-25 16:57:29.000,0,1,0
2019-11-25 16:56:57.740,0,1,0
2019-11-25 16:56:14.740,1,1,0
2019-11-25 16:48:16.240,0,0,0
2019-11-25 16:54:44.240,0,1,0
2019-11-25 16:57:12.240,0,1,0
2019-11-25 16:47:55.240,1,0,0
2019-11-25 16:54:39.240,0,1,0
2019-11-25 16:58:02.240,1,1,0
2019-11-25 16:58:28.500,1,1,0
2019-11-25 16:51:14.740,0,0,0
2019-11-25 16:47:24.240,0,1,0
2019-11-25 16:56:10.000,1,1,0
2019-11-25 16:52:19.740,1,1,0
2019-11-25 16:52:25.240,1,1,0
2019-11-25 16:56:40.500,1,1,0
2019-11-25 16:59:40.740,1,1,0
2019-11-25 16:55:55.000,1,1,0
2019-11-25 16:52:31.740,0,1,0
2019-11-25 16:57:41.500,1,1,0
2019-11-25 16:50:10.240,1,1,0
2019-11-25 17:00:26.240,0,1,0
2019-11-25 16:50:16.740,0,1,0
2019-11-25 16:59:19.740,0,1,0
2019-11-25 16:47:37.240,0,1,0
2019-11-25 16:57:24.500,1,1,0
2019-11-25 16:53:17.740,1,1,0
2019-11-25 16:47:58.000,1,0,0
2019-11-25 16:52:09.740,0,1,0
2019-11-25 16:49:41.500,1,0,0
2019-11-25 16:59:40.500,0,1,0
2019-11-25 17:00:22.000,1,1,0
2019-11-25 16:47:52.500,1,0,0
2019-11-25 16:56:30.240,1,1,0
2019-11-25 16:58:08.500,0,1,0
2019-11-25 16:54:43.000,0,1,0
2019-11-25 16:53:22.240,0,1,0
2019-11-25 16:47:13.500,0,1,0
2019-11-25 16:57:27.740,1,1,0
2019-11-25 16:57:22.500,1,0,0
2019-11-25 16:52:08.740,0,1,0
2019-11-25 17:00:02.500,1,1,0
2019-11-25 16:58:06.240,1,1,0
2019-11-25 16:54:47.000,0,1,0
2019-11-25 16:55:42.500,1,1,0
2019-11-25 16:48:22.740,0,1,0
2019-11-25 16:57:40.740,1,0,0
2019-11-25 16:58:09.740,0,1,0
2019-11-25 16:48:12.000,1,1,0
2019-11-25 16:53:50.740,0,1,0
2019-11-25 16:50:41.740,0,1,0
2019-11-25 16:49:09.240,1,1,0
2019-11-25 16:47:54.240,0,0,0
2019-11-25 16:58:29.000,0,1,0
2019-11-25 16:59:37.000,1,1,0
2019-11-25 16:55:36.000,1,1,0
2019-11-25 16:53:14.240,1,1,0
2019-11-25 16:56:59.000,1,1,0
2019-11-25 16:52:13.000,0,1,0
2019-11-25 16:47:05.240,1,0,0
2019-11-25 16:47:20.240,0,1,0
2019-11-25 16:53:25.000,1,1,0
2019-11-25 16:56:16.740,0,1,0
2019-11-25 16:50:11.240,1,1,0
2019-11-25 16:58:10.740,1,1,0
2019-11-25 16:49:11.500,1,1,0
2019-11-25 16:51:59.740,0,1,0
2019-11-25 16:49:06.000,1,1,0
2019-11-25 16:56:40.740,1,1,0
2019-11-25 16:53:36.000,1,1,0
2019-11-25 16:50:58.740,1,1,0
2019-11-25 16:56:20.240,0,1,0
2019-11-25 16:50:27.240,1,0,0
2019-11-25 16:47:35.000,0,1,0
2019-11-25 16:58:40.240,0,1,0
2019-11-25 16:47:18.000,0,1,0
2019-11-25 16:54:32.240,1,1,0
2019-11-25 16:49:33.240,0,0,0
2019-11-25 16:48:03.740,0,0,0
2019-11-25 16:56:45.500,1,1,0
2019-11-25 16:52:02.000,0,1,0
2019-11-25 16:58:25.240,0,1,0
2019-11-25 16:49:31.500,1,1,0
2019-11-25 16:48:19.740,0,0,0
2019-11-25 16:47:33.000,0,1,0
2019-11-25 16:57:07.740,0,0,0
2019-11-25 16:51:22.000,1,1,0
2019-11-25 16:58:29.740,0,1,0
2019-11-25 16:53:51.240,0,1,0
2019-11-25 16:52:31.000,0,1,0
2019-11-25 16:48:50.000,0,1,0
2019-11-25 16:57:52.740,0,0,0
2019-11-25 16:58:19.740,0,0,0
2019-11-25 16:53:20.240,0,1,0
2019-11-25 16:52:04.500,1,0,0
2019-11-25 16:52:41.740,0,1,0
2019-11-25 16:59:24.740,1,1,0
2019-11-25 16:49:41.000,1,0,0
2019-11-25 16:57:06.500,1,1,0
2019-11-25 16:48:47.500,1,1,0
2019-11-25 16:49:49.500,0,1,0
2019-11-25 16:47:36.240,0,1,0
2019-11-25 16:48:10.000,1,1,0
2019-11-25 16:47:40.500,0,1,0
2019-11-25 16:49:26.740,1,0,0
2019-11-25 16:47:32.240,1,1,0
2019-11-25 16:54:25.000,1,1,0
2019-11-25 16:55:40.500,1,1,0
2019-11-26 16:56:09.240,1,1,0
2019-11-26 16:56:39.500,1,1,0
2019-11-26 16:52:15.740,1,0,0
2019-11-26 16:51:47.000,1,1,0
2019-11-26 16:56:16.240,0,1,0
2019-11-26 16:57:37.240,0,1,0
2019-11-26 16:51:56.740,0,1,0
2019-11-26 16:54:08.740,1,1,0
2019-11-26 16:51:36.740,1,1,0
2019-11-26 16:52:49.000,1,1,0
2019-11-26 16:51:14.740,1,0,0
2019-11-26 16:55:31.240,1,1,0
2019-11-26 16:53:19.240,1,0,0
2019-11-26 16:55:05.240,1,1,0
2019-11-26 16:52:58.500,1,1,0
2019-11-26 16:57:30.000,0,1,0
2019-11-26 16:53:29.240,1,1,0
2019-11-26 16:53:30.000,1,1,0
2019-11-26 16:53:40.740,0,0,0
2019-11-26 16:56:51.740,0,1,0
2019-11-26 16:53:11.740,1,1,0
2019-11-26 16:56:02.500,0,0,0
2019-11-26 16:52:51.000,1,0,0
2019-11-26 16:55:57.500,0,0,0
2019-11-26 16:50:55.000,0,0,0
2019-11-26 16:51:47.240,1,0,0
2019-11-26 16:56:55.500,1,1,0
2019-11-26 16:56:29.000,0,0,0
2019-11-26 16:52:50.240,1,0,0
2019-11-26 16:53:47.000,0,0,0
2019-11-26 16:53:02.740,1,1,0
2019-11-26 16:55:03.500,1,1,0
2019-11-26 16:51:21.000,1,1,0
2019-11-26 16:55:10.240,1,1,0
2019-11-26 16:53:18.000,1,1,0
2019-11-26 16:54:31.740,1,0,0
2019-11-26 16:52:57.500,1,1,0
2019-11-26 16:52:08.240,1,1,0
2019-11-26 16:56:13.500,1,1,0
2019-11-26 16:57:33.240,1,0,0
2019-11-26 16:55:47.740,0,1,0
2019-11-26 16:53:59.240,1,0,0
2019-11-26 16:57:25.000,0,1,0
2019-11-26 16:56:19.000,1,1,0
2019-11-26 16:56:56.500,1,1,0
2019-11-26 16:50:53.000,0,0,0
2019-11-26 16:53:27.240,1,1,0
2019-11-26 16:56:57.500,0,0,0
2019-11-26 16:53:34.240,1,0,0
2019-11-26 16:54:12.000,1,1,0
2019-11-26 16:56:15.000,0,1,0
2019-11-26 16:52:19.740,1,1,0
2019-11-26 16:57:06.000,1,0,0
2019-11-26 16:53:23.740,1,1,0
2019-11-26 16:51:25.240,0,0,0
2019-11-26 16:55:28.500,1,1,0
2019-11-26 16:52:48.740,1,1,0
2019-11-26 16:51:09.240,1,0,0
2019-11-26 16:53:11.240,0,1,0
2019-11-26 16:56:41.000,0,1,0
2019-11-26 16:54:28.240,1,1,0
2019-11-26 16:57:07.740,1,0,0
2019-11-26 16:54:21.740,1,1,0
2019-11-26 16:54:44.240,1,1,0
2020-01-03 16:20:53.000,1,0,0
2020-01-03 16:20:20.500,0,0,0
2020-01-03 16:15:53.740,1,1,0
2020-01-03 16:21:19.240,0,1,0
2020-01-03 16:16:06.740,1,0,0
2020-01-03 16:16:34.000,1,1,0
2020-01-03 16:15:46.500,1,1,0
2020-01-03 16:17:19.240,1,1,0
2020-01-03 16:21:22.740,0,0,0
2020-01-03 16:15:29.500,0,1,0
2020-01-03 16:20:14.000,1,0,0
2020-01-03 16:16:33.240,1,0,0
2020-01-03 16:17:03.000,1,1,0
2020-01-03 16:15:08.500,0,1,0
2020-01-03 16:21:15.240,0,0,0
2020-01-03 16:15:19.000,1,0,0
2020-01-03 16:21:07.500,0,0,0
2020-01-03 16:17:08.740,1,0,0
2020-01-03 16:15:50.240,0,0,0
2020-01-03 16:21:27.240,0,0,0
2020-01-03 16:20:26.500,0,0,0
2020-01-03 16:16:03.500,0,0,0
2020-01-03 16:16:12.500,0,1,0
2020-01-03 16:16:26.000,0,1,0
2020-01-03 16:16:32.000,1,0,0
2020-01-03 16:20:27.740,0,0,0
2020-01-03 16:21:24.740,0,0,0
2020-01-03 16:16:42.500,1,1,0
2020-01-03 16:16:33.500,1,1,0
2020-01-03 16:15:48.500,1,0,0
2020-01-03 16:21:11.740,0,0,0
2020-01-16 12:30:26.500,0,1,0
2020-01-16 12:26:09.500,0,1,0
2020-01-16 12:24:02.000,0,1,0
2020-01-16 12:24:32.000,0,1,0
2020-01-16 12:29:52.000,0,0,0
2020-01-16 12:26:18.500,0,0,0
2020-01-16 12:25:45.740,0,0,0
2020-01-16 12:30:33.000,0,1,0
2020-01-16 12:26:25.000,0,1,0
2020-01-16 12:30:02.000,0,0,0
2020-01-16 12:30:20.740,0,0,0
2020-01-16 12:23:38.000,0,0,0
2020-01-16 12:26:27.240,0,0,0
2020-01-16 12:24:37.000,0,1,0
2020-01-16 12:23:55.240,0,1,0
2020-01-16 12:25:37.740,0,1,0
2020-01-16 12:26:16.000,0,1,0
2020-01-16 12:25:42.500,0,0,0
2020-01-16 12:24:59.240,0,1,0
2020-01-16 12:25:12.500,0,0,0
2020-01-16 12:26:12.000,0,1,0
2020-01-16 12:26:03.500,0,1,0
2020-01-16 12:25:48.240,0,0,0
2020-01-16 12:26:32.000,0,0,0
2020-01-16 12:25:13.500,0,0,0
2020-01-16 12:26:19.240,0,1,0
2020-01-16 12:25:35.240,1,1,0
2020-01-16 12:30:08.000,0,1,0
2020-01-16 12:26:35.000,0,0,0
2020-01-16 12:25:26.240,0,1,0
2020-01-16 12:24:58.740,0,0,0
2020-01-16 12:30:16.000,0,1,0
2020-01-16 12:25:31.740,0,1,0
2020-01-16 12:24:45.000,1,1,0
2019-11-15 16:32:07.000,0,0,1
2019-11-15 16:35:32.500,1,0,1
2019-11-15 16:34:50.000,1,1,1
2019-11-15 16:34:26.740,0,1,1
2019-11-15 16:32:28.000,0,1,1
2019-11-15 16:32:14.740,1,1,1
2019-11-15 16:33:36.740,0,1,1
2019-11-15 16:33:04.740,0,0,1
2019-11-15 16:31:54.000,0,1,1
2019-11-15 16:31:41.500,0,1,1
2019-11-15 16:32:04.000,0,1,1
2019-11-15 16:31:29.500,1,1,1
2019-11-15 16:32:20.240,0,1,1
2019-11-15 16:34:52.240,1,0,1
2019-11-15 16:31:44.500,0,1,1
2019-11-15 16:31:48.740,0,1,1
2019-11-15 16:33:16.240,1,1,1
2019-11-15 16:32:47.240,0,0,1
2019-11-15 16:32:01.740,0,1,1
2019-11-15 16:32:42.740,0,0,1
2019-11-15 16:34:11.000,0,1,1
2019-11-15 16:32:24.240,0,1,1
2019-11-15 16:34:46.240,1,1,1
2019-11-15 16:31:31.240,1,1,1
2019-11-15 16:35:07.240,1,1,1
2019-11-15 16:34:17.000,1,1,1
2019-11-15 16:33:15.000,0,1,1
2019-11-15 16:33:53.000,1,0,1
2019-11-15 16:33:24.000,0,1,1
2019-11-15 16:32:21.740,0,0,1
2019-11-15 16:33:24.500,0,0,1
2019-11-15 16:34:51.240,0,1,1
2019-11-15 16:33:03.740,0,0,1
2019-11-15 16:33:36.240,0,1,1
2019-11-15 16:32:25.000,0,1,1
2019-11-15 16:32:07.500,0,1,1
2019-11-15 16:33:00.000,1,0,1
2019-11-15 16:32:13.240,0,1,1
2019-11-15 16:31:59.500,0,1,1
2019-11-15 16:33:46.740,0,0,1
2019-11-15 16:32:18.240,0,1,1
2019-11-15 16:32:49.740,1,0,1
2019-11-15 16:32:56.740,0,0,1
2019-11-15 16:33:02.240,1,0,1
2019-11-15 16:32:51.240,1,0,1
2019-11-15 16:31:44.240,0,1,1
2019-11-15 16:33:52.000,1,1,1
2019-11-15 16:32:14.000,0,1,1
2019-11-15 16:34:01.240,0,1,1
2019-11-15 16:34:10.000,0,1,1
2019-11-15 16:35:01.500,0,1,1
2019-11-25 16:52:18.240,1,1,1
2019-11-25 16:51:10.240,1,1,1
2019-11-25 16:52:21.000,1,1,1
2019-11-25 16:56:28.740,0,1,1
2019-11-25 16:51:07.240,1,1,1
2019-11-25 16:49:06.500,0,0,1
2019-11-25 16:51:29.740,0,1,1
2019-11-25 16:52:31.740,0,1,1
2019-11-25 16:49:19.740,1,0,1
2019-11-25 16:50:49.000,0,1,1
2019-11-25 16:49:37.740,0,0,1
2019-11-25 16:48:57.500,1,0,1
2019-11-25 16:55:47.240,1,0,1
2019-11-25 16:47:39.240,0,1,1
2019-11-25 16:53:25.240,1,1,1
2019-11-25 16:51:08.240,0,1,1
2019-11-25 16:53:43.500,0,1,1
2019-11-25 16:51:07.000,1,1,1
2019-11-25 16:49:32.240,0,0,1
2019-11-25 16:56:56.500,0,0,1
2019-11-25 16:57:47.000,0,1,1
2019-11-25 16:55:23.740,0,1,1
2019-11-25 16:54:51.000,0,1,1
2019-11-25 16:55:03.740,0,1,1
2019-11-25 16:54:29.000,1,1,1
2019-11-25 16:48:20.740,1,1,1
2019-11-25 16:59:15.000,1,1,1
2019-11-25 16:55:54.740,0,1,1
2019-11-25 16:56:09.500,1,1,1
2019-11-25 16:51:01.740,0,1,1
2019-11-25 16:47:20.500,1,1,1
2019-11-25 16:57:10.740,0,1,1
2019-11-25 16:50:10.500,1,1,1
2019-11-25 16:56:47.240,0,1,1
2019-11-25 17:00:45.000,0,1,1
2019-11-25 16:59:42.500,0,1,1
2019-11-25 16:59:32.740,0,1,1
2019-11-25 16:53:27.740,1,1,1
2019-11-25 16:57:55.240,1,1,1
2019-11-25 16:52:01.240,1,1,1
2019-11-25 16:54:43.000,0,1,1
2019-11-25 16:53:35.240,1,1,1
2019-11-25 17:00:11.000,1,1,1
2019-11-25 16:54:48.500,0,1,1
2019-11-25 16:52:26.740,0,1,1
2019-11-25 16:51:27.500,0,1,1
2019-11-25 16:59:39.240,0,1,1
2019-11-25 16:56:14.740,1,1,1
2019-11-25 16:59:18.740,1,0,1
2019-11-25 17:00:23.000,0,1,1
2019-11-25 17:00:09.740,1,1,1
2019-11-25 16:50:57.740,1,1,1
2019-11-25 16:58:04.500,1,1,1
2019-11-25 17:00:44.000,0,1,1
2019-11-25 16:55:12.500,0,1,1
2019-11-25 16:58:01.000,0,1,1
2019-11-25 16:55:51.500,0,1,1
2019-11-25 16:51:05.000,1,1,1
2019-11-25 16:49:33.500,0,0,1
2019-11-25 16:54:49.240,1,1,1
2019-11-25 16:49:50.240,0,1,1
2019-11-25 16:53:30.000,0,1,1
2019-11-25 16:54:48.000,0,1,1
2019-11-25 16:56:57.500,1,1,1
2019-11-25 16:48:27.500,0,1,1
2019-11-25 16:57:52.740,0,1,1
2019-11-25 16:51:53.000,1,1,1
2019-11-25 16:48:22.740,1,1,1
2019-11-25 16:49:04.500,0,0,1
2019-11-25 16:59:56.740,0,1,1
2019-11-25 16:57:44.240,1,1,1
2019-11-25 16:51:14.500,1,1,1
2019-11-25 16:56:33.500,1,1,1
2019-11-25 16:56:10.240,1,1,1
2019-11-25 16:59:44.000,0,1,1
2019-11-25 16:50:01.500,1,1,1
2019-11-25 16:52:04.000,1,1,1
2019-11-25 16:47:54.740,1,0,1
2019-11-25 16:49:55.740,1,1,1
2019-11-25 16:59:22.740,0,1,1
2019-11-25 16:50:24.240,1,0,1
2019-11-25 16:49:15.740,0,1,1
2019-11-25 16:47:11.500,1,1,1
2019-11-25 16:53:06.000,0,1,1
2019-11-25 16:52:04.240,1,1,1
2019-11-25 16:53:38.240,1,1,1
2019-11-25 16:51:21.740,0,1,1
2019-11-25 16:56:26.000,0,1,1
2019-11-25 17:00:11.500,0,1,1
2019-11-25 16:57:45.500,1,1,1
2019-11-25 16:54:38.500,1,1,1
2019-11-25 16:57:23.740,0,1,1
2019-11-25 16:53:32.740,1,1,1
2019-11-25 16:50:25.240,0,1,1
2019-11-25 16:47:10.500,0,1,1
2019-11-25 16:55:36.500,1,1,1
2019-11-25 16:58:52.740,0,1,1
2019-11-25 16:53:31.000,0,1,1
2019-11-25 16:48:03.000,1,0,1
2019-11-25 16:49:25.000,1,0,1
2019-11-25 16:51:23.000,0,1,1
2019-11-25 16:49:57.000,0,1,1
2019-11-25 16:49:56.000,0,1,1
2019-11-25 16:55:31.240,0,1,1
2019-11-25 16:55:27.500,1,1,1
2019-11-25 16:58:19.740,0,0,1
2019-11-25 16:59:52.740,0,0,1
2019-11-25 16:58:12.240,0,1,1
2019-11-25 16:46:59.500,0,0,1
2019-11-25 16:49:47.240,1,1,1
2019-11-25 17:00:01.500,0,0,1
2019-11-25 16:47:04.000,0,1,1
2019-11-25 16:49:05.000,0,0,1
2019-11-25 16:54:04.240,0,0,1
2019-11-25 16:58:42.500,0,0,1
2019-11-25 16:54:50.240,0,1,1
2019-11-25 16:55:10.740,0,1,1
2019-11-25 16:56:38.740,1,0,1
2019-11-25 16:55:56.500,1,1,1
2019-11-25 16:56:28.240,0,1,1
2019-11-25 16:49:22.740,1,0,1
2019-11-25 16:58:29.500,1,1,1
2019-11-25 16:59:37.000,1,1,1
2019-11-25 16:51:57.240,1,1,1
2019-11-25 16:53:09.500,1,1,1
2019-11-25 16:59:20.740,0,0,1
2019-11-25 16:55:38.000,0,1,1
2019-11-25 16:58:06.240,0,1,1
2019-11-25 16:53:08.000,1,1,1
2019-11-26 16:51:20.240,0,1,1
2019-11-26 16:56:59.740,0,1,1
2019-11-26 16:56:35.740,1,0,1
2019-11-26 16:55:34.240,0,1,1
2019-11-26 16:57:22.000,0,0,1
2019-11-26 16:54:48.740,1,1,1
2019-11-26 16:51:37.740,0,0,1
2019-11-26 16:54:25.000,1,1,1
2019-11-26 16:55:08.500,1,1,1
2019-11-26 16:52:17.000,1,1,1
2019-11-26 16:51:33.740,1,1,1
2019-11-26 16:55:23.740,1,1,1
2019-11-26 16:54:26.240,1,1,1
2019-11-26 16:56:58.240,1,1,1
2019-11-26 16:57:00.500,0,0,1
2019-11-26 16:55:06.500,1,1,1
2019-11-26 16:56:24.000,0,0,1
2019-11-26 16:54:14.740,1,1,1
2019-11-26 16:53:02.000,1,0,1
2019-11-26 16:56:52.240,1,0,1
2019-11-26 16:51:30.000,0,1,1
2019-11-26 16:53:07.500,1,0,1
2019-11-26 16:55:18.500,1,1,1
2019-11-26 16:52:24.000,0,1,1
2019-11-26 16:52:47.000,1,0,1
2019-11-26 16:50:56.240,0,1,1
2019-11-26 16:54:02.240,1,1,1
2019-11-26 16:51:46.500,0,0,1
2019-11-26 16:53:01.500,1,0,1
2019-11-26 16:51:13.500,0,1,1
2019-11-26 16:53:05.500,1,1,1
2019-11-26 16:56:44.240,1,1,1
2019-11-26 16:54:44.240,1,1,1
2019-11-26 16:54:46.240,1,1,1
2019-11-26 16:51:01.500,0,0,1
2019-11-26 16:51:34.000,0,0,1
2019-11-26 16:57:02.500,0,1,1
2019-11-26 16:51:53.240,0,1,1
2019-11-26 16:53:09.500,0,1,1
2019-11-26 16:57:44.500,0,1,1
2019-11-26 16:51:20.500,1,0,1
2019-11-26 16:54:20.740,1,1,1
2019-11-26 16:55:24.240,1,1,1
2019-11-26 16:51:10.740,1,1,1
2019-11-26 16:52:12.000,1,0,1
2019-11-26 16:56:27.240,1,1,1
2019-11-26 16:53:27.500,1,0,1
2019-11-26 16:52:06.740,1,1,1
2019-11-26 16:57:42.240,0,1,1
2019-11-26 16:57:39.240,1,0,1
2019-11-26 16:57:09.240,0,1,1
2019-11-26 16:52:14.740,1,1,1
2019-11-26 16:57:41.240,1,1,1
2019-11-26 16:51:39.000,1,0,1
2019-11-26 16:57:01.740,1,0,1
2019-11-26 16:53:23.240,0,1,1
2019-11-26 16:53:59.740,1,1,1
2019-11-26 16:57:35.740,1,1,1
2019-11-26 16:56:19.240,1,0,1
2019-11-26 16:51:55.240,0,1,1
2019-11-26 16:51:19.740,0,0,1
2019-11-26 16:51:02.240,0,1,1
2019-11-26 16:53:40.500,0,0,1
2020-01-03 16:16:14.240,0,0,1
2020-01-03 16:16:54.240,1,1,1
2020-01-03 16:16:45.500,0,1,1
2020-01-03 16:20:20.740,0,0,1
2020-01-03 16:16:56.000,1,0,1
2020-01-03 16:15:59.000,1,0,1
2020-01-03 16:21:11.500,0,0,1
2020-01-03 16:20:48.240,1,1,1
2020-01-03 16:20:34.000,1,0,1
2020-01-03 16:16:56.740,1,1,1
2020-01-03 16:15:44.240,0,0,1
2020-01-03 16:15:30.000,0,1,1
2020-01-03 16:15:12.740,1,0,1
2020-01-03 16:20:36.000,1,0,1
2020-01-03 16:15:06.240,0,1,1
2020-01-03 16:16:01.000,0,0,1
2020-01-03 16:17:08.740,1,0,1
2020-01-03 16:15:58.740,1,1,1
2020-01-03 16:16:42.740,1,1,1
2020-01-03 16:15:13.740,1,0,1
2020-01-03 16:15:11.000,1,0,1
2020-01-03 16:16:48.740,1,1,1
2020-01-03 16:15:36.000,1,0,1
2020-01-03 16:15:42.000,0,1,1
2020-01-03 16:15:58.500,1,1,1
2020-01-03 16:20:46.240,0,1,1
2020-01-03 16:16:34.740,1,1,1
2020-01-03 16:16:36.740,1,0,1
2020-01-03 16:21:05.000,1,0,1
2020-01-03 16:20:39.240,1,0,1
2020-01-03 16:20:13.740,0,0,1
2020-01-03 16:20:41.000,1,0,1
2020-01-03 16:15:24.000,1,0,1
2020-01-03 16:20:47.240,1,1,1
2020-01-03 16:21:26.000,0,0,1
2020-01-03 16:16:44.740,0,1,1
2020-01-03 16:16:01.500,1,0,1
2020-01-03 16:14:59.500,1,1,1
2020-01-16 12:23:36.500,0,0,1
2020-01-16 12:26:40.220,0,1,1
2020-01-16 12:30:07.240,0,1,1
2020-01-16 12:23:41.240,0,0,1
2020-01-16 12:26:08.240,0,0,1
2020-01-16 12:24:19.740,0,1,1
2020-01-16 12:25:10.500,0,0,1
2020-01-16 12:24:32.000,0,1,1
2020-01-16 12:25:37.500,0,1,1
2020-01-16 12:23:35.500,0,0,1
2020-01-16 12:30:39.240,0,0,1
2020-01-16 12:24:57.240,0,0,1
2020-01-16 12:24:44.740,1,1,1
2020-01-16 12:25:13.240,0,0,1
2020-01-16 12:30:18.000,0,1,1
2020-01-16 12:23:49.240,0,0,1
2020-01-16 12:25:19.500,0,1,1
2020-01-16 12:25:56.240,0,1,1
2020-01-16 12:23:56.740,0,1,1
2020-01-16 12:30:05.000,0,1,1
2020-01-16 12:26:38.000,0,1,1
2020-01-16 12:25:21.000,0,0,1
2020-01-16 12:25:05.740,0,1,1
2020-01-16 12:30:17.500,0,0,1
2020-01-16 12:25:15.500,1,0,1
2020-01-16 12:23:49.500,0,0,1
2020-01-16 12:30:14.500,0,1,1
2020-01-16 12:23:36.000,0,0,1
2020-01-16 12:26:18.000,0,1,1
2020-01-16 12:23:46.240,0,0,1
2020-01-16 12:30:23.500,0,0,1
2020-01-16 12:25:44.240,0,1,1
2020-01-16 12:26:34.000,0,1,1
2020-01-16 12:30:11.000,0,1,1
2020-01-16 12:30:32.500,0,1,1
2020-01-16 12:26:01.500,0,0,1
2020-01-16 12:23:40.740,0,0,1
2020-01-16 12:26:21.500,0,0,1
2020-01-16 12:24:02.240,0,1,1
2020-01-16 12:30:26.740,0,1,1
2020-01-16 12:30:31.000,0,0,1
2019-11-15 16:32:28.240,0,1,2
2019-11-15 16:31:49.740,0,0,2
2019-11-15 16:35:44.740,0,1,2
2019-11-15 16:32:53.500,1,0,2
2019-11-15 16:31:40.000,0,1,2
2019-11-15 16:33:31.740,1,1,2
2019-11-15 16:31:21.240,0,1,2
2019-11-15 16:33:16.000,0,1,2
2019-11-15 16:31:19.000,0,0,2
2019-11-15 16:34:16.500,0,0,2
2019-11-15 16:34:41.000,1,0,2
2019-11-15 16:33:03.000,0,0,2
2019-11-15 16:31:48.500,0,1,2
2019-11-15 16:32:04.740,0,1,2
2019-11-15 16:32:59.500,0,0,2
2019-11-15 16:31:28.740,1,1,2
2019-11-15 16:33:00.740,1,0,2
2019-11-15 16:35:47.500,0,1,2
2019-11-15 16:32:19.240,1,0,2
2019-11-15 16:33:04.240,1,0,2
2019-11-15 16:34:27.000,1,0,2
2019-11-15 16:32:12.000,1,1,2
2019-11-15 16:33:53.000,1,1,2
2019-11-15 16:31:36.240,0,1,2
2019-11-15 16:34:14.000,1,1,2
2019-11-15 16:35:40.240,1,0,2
2019-11-15 16:34:09.240,0,1,2
2019-11-15 16:33:45.740,0,1,2
2019-11-15 16:35:03.500,0,1,2
2019-11-15 16:32:43.240,1,0,2
2019-11-15 16:31:19.500,0,1,2
2019-11-15 16:33:42.240,1,1,2
2019-11-15 16:33:41.500,0,1,2
2019-11-15 16:32:57.740,1,0,2
2019-11-15 16:34:48.240,0,1,2
2019-11-15 16:32:42.500,1,0,2
2019-11-15 16:33:26.240,0,1,2
2019-11-15 16:32:36.000,0,1,2
2019-11-15 16:32:54.740,1,0,2
2019-11-15 16:33:23.500,0,1,2
2019-11-15 16:33:22.240,0,1,2
2019-11-25 17:00:49.500,0,1,2
2019-11-25 16:58:27.500,1,1,2
2019-11-25 16:49:02.500,0,0,2
2019-11-25 17:00:01.740,0,1,2
2019-11-25 16:51:04.500,1,1,2
2019-11-25 16:53:15.000,1,1,2
2019-11-25 16:48:19.740,0,0,2
2019-11-25 16:57:09.740,0,1,2
2019-11-25 16:51:57.740,0,1,2
2019-11-25 16:48:58.000,0,0,2
2019-11-25 16:48:51.500,0,1,2
2019-11-25 16:55:13.500,0,1,2
2019-11-25 16:47:46.500,1,0,2
2019-11-25 16:55:48.500,0,1,2
2019-11-25 16:51:15.740,1,1,2
2019-11-25 16:53:25.500,1,1,2
2019-11-25 16:55:54.740,0,1,2
2019-11-25 16:48:03.000,1,0,2
2019-11-25 16:53:05.740,0,1,2
2019-11-25 16:58:44.000,0,1,2
2019-11-25 17:00:37.000,0,1,2
2019-11-25 16:51:06.240,1,1,2
2019-11-25 16:48:29.240,1,1,2
2019-11-25 17:00:33.240,1,1,2
2019-11-25 16:50:21.500,1,0,2
2019-11-25 16:48:12.240,0,1,2
2019-11-25 16:58:17.500,1,1,2
2019-11-25 16:55:21.500,1,1,2
2019-11-25 16:59:49.740,0,0,2
2019-11-25 16:51:07.740,1,1,2
2019-11-25 16:50:06.000,1,1,2
2019-11-25 17:00:03.740,0,1,2
2019-11-25 16:51:06.500,0,1,2
2019-11-25 16:50:50.240,0,1,2
2019-11-25 16:58:25.000,0,1,2
2019-11-25 16:49:07.240,0,0,2
2019-11-25 16:56:27.240,1,1,2
2019-11-25 16:48:53.740,1,1,2
2019-11-25 16:56:42.740,0,1,2
2019-11-25 16:58:21.740,0,1,2
2019-11-25 16:47:12.740,1,1,2
2019-11-25 16:48:07.500,0,0,2
2019-11-25 16:57:55.500,0,1,2
2019-11-25 16:51:17.740,0,1,2
2019-11-25 16:57:01.240,1,1,2
2019-11-25 16:56:32.500,0,1,2
2019-11-25 16:58:33.000,0,1,2
2019-11-25 16:53:16.500,1,1,2
2019-11-25 16:50:27.240,0,1,2
2019-11-25 17:00:20.500,1,1,2
2019-11-25 16:53:10.000,1,1,2
2019-11-25 16:47:36.500,0,1,2
2019-11-25 16:57:03.500,0,1,2
2019-11-25 16:50:53.000,0,1,2
2019-11-25 16:51:52.240,1,1,2
2019-11-25 16:55:49.240,1,1,2
2019-11-25 17:00:19.500,0,0,2
2019-11-25 16:52:22.000,1,1,2
2019-11-25 16:58:31.240,1,1,2
2019-11-25 16:56:42.000,1,1,2
2019-11-25 16:55:37.240,1,1,2
2019-11-25 16:54:43.000,0,1,2
2019-11-25 16:58:19.740,0,0,2
2019-11-25 16:47:01.740,1,1,2
2019-11-25 16:50:25.240,1,1,2
2019-11-25 16:56:47.740,0,1,2
2019-11-25 16:53:44.740,0,0,2
2019-11-25 16:59:34.740,1,0,2
2019-11-25 16:48:04.740,1,0,2
2019-11-25 16:50:48.000,1,1,2
2019-11-25 16:54:33.500,1,1,2
2019-11-25 16:56:36.240,1,0,2
2019-11-25 16:58:40.500,1,1,2
2019-11-25 16:57:50.500,0,1,2
2019-11-25 16:56:10.240,0,1,2
2019-11-25 17:00:51.240,0,1,2
2019-11-25 16:54:49.000,0,1,2
2019-11-25 16:58:32.500,1,1,2
2019-11-25 16:49:18.740,1,1,2
2019-11-25 16:53:27.240,1,1,2
2019-11-25 16:49:44.240,0,0,2
2019-11-25 16:48:06.000,1,0,2
2019-11-25 16:54:13.740,0,1,2
2019-11-25 16:51:45.500,0,1,2
2019-11-25 16:52:05.740,1,0,2
2019-11-25 16:54:29.240,1,1,2
2019-11-25 16:52:34.240,0,1,2
2019-11-25 16:54:31.000,1,1,2
2019-11-25 16:54:31.240,1,1,2
2019-11-25 16:51:25.240,1,1,2
2019-11-25 16:53:10.740,0,1,2
2019-11-25 16:59:45.740,0,1,2
2019-11-25 16:57:45.500,0,1,2
2019-11-25 16:56:28.740,0,1,2
2019-11-25 16:48:47.500,0,1,2
2019-11-25 16:55:41.500,0,1,2
2019-11-25 16:53:25.740,0,1,2
2019-11-25 16:55:06.240,0,1,2
2019-11-25 16:56:31.500,0,1,2
2019-11-25 16:48:58.500,1,0,2
2019-11-25 16:54:22.240,1,1,2
2019-11-25 16:50:41.000,1,1,2
2019-11-25 16:50:22.000,0,1,2
2019-11-25 16:49:18.000,0,1,2
2019-11-25 16:55:06.740,0,1,2
2019-11-25 16:48:44.740,0,1,2
2019-11-25 16:50:22.240,0,1,2
2019-11-25 17:00:17.500,0,1,2
2019-11-25 16:58:40.740,1,1,2
2019-11-25 16:54:42.740,0,1,2
2019-11-25 16:49:31.000,1,0,2
2019-11-25 16:53:37.240,0,1,2
2019-11-25 16:49:34.240,1,0,2
2019-11-25 16:50:13.740,1,1,2
2019-11-25 16:56:46.500,0,1,2
2019-11-25 16:54:55.740,1,1,2
2019-11-25 16:57:17.740,0,1,2
2019-11-25 16:58:48.240,0,1,2
2019-11-25 16:57:07.000,0,1,2
2019-11-25 16:55:07.240,1,1,2
2019-11-25 16:50:05.740,1,1,2
2019-11-25 16:55:34.000,1,0,2
2019-11-25 16:55:55.740,1,0,2
2019-11-25 16:54:17.500,0,1,2
2019-11-25 16:47:54.000,1,0,2
2019-11-25 16:49:23.000,1,0,2
2019-11-25 16:49:03.500,1,0,2
2019-11-25 16:56:23.240,0,1,2
2019-11-25 16:53:08.240,1,1,2
2019-11-25 16:58:31.500,1,1,2
2019-11-26 16:53:02.740,1,1,2
2019-11-26 16:53:13.000,0,1,2
2019-11-26 16:51:56.240,1,1,2
2019-11-26 16:54:06.740,1,1,2
2019-11-26 16:55:29.240,0,0,2
2019-11-26 16:57:14.000,1,1,2
2019-11-26 16:51:45.740,1,1,2
2019-11-26 16:51:43.000,1,1,2
2019-11-26 16:53:39.000,1,1,2
2019-11-26 16:51:53.500,1,0,2
2019-11-26 16:51:10.000,1,1,2
2019-11-26 16:56:00.740,0,1,2
2019-11-26 16:53:35.500,1,0,2
2019-11-26 16:53:43.000,0,1,2
2019-11-26 16:53:25.740,1,1,2
2019-11-26 16:54:26.000,0,1,2
2019-11-26 16:57:09.740,1,0,2
2019-11-26 16:54:44.000,1,1,2
2019-11-26 16:50:54.740,0,0,2
2019-11-26 16:57:18.740,1,0,2
2019-11-26 16:56:12.500,1,1,2
2019-11-26 16:54:02.740,1,1,2
2019-11-26 16:51:26.000,0,1,2
2019-11-26 16:54:36.740,1,1,2
2019-11-26 16:51:56.000,1,1,2
2019-11-26 16:56:25.500,0,1,2
2019-11-26 16:52:17.000,1,1,2
2019-11-26 16:56:14.000,1,1,2
2019-11-26 16:54:10.000,1,1,2
2019-11-26 16:55:18.000,0,0,2
2019-11-26 16:57:02.740,1,1,2
2019-11-26 16:56:41.500,1,1,2
2019-11-26 16:52:11.500,1,1,2
2019-11-26 16:54:36.000,1,1,2
2019-11-26 16:50:58.500,0,1,2
2019-11-26 16:55:33.240,1,0,2
2019-11-26 16:52:03.740,1,1,2
2019-11-26 16:56:51.000,0,1,2
2019-11-26 16:53:08.500,0,1,2
2019-11-26 16:53:15.240,1,1,2
2019-11-26 16:54:19.740,1,1,2
2019-11-26 16:55:29.740,1,1,2
2019-11-26 16:52:12.740,1,1,2
2019-11-26 16:55:15.740,0,0,2
2019-11-26 16:52:21.240,0,0,2
2019-11-26 16:55:33.000,1,1,2
2019-11-26 16:55:13.240,1,1,2
2019-11-26 16:51:20.500,1,0,2
2019-11-26 16:51:32.740,1,1,2
2019-11-26 16:57:38.000,0,1,2
2019-11-26 16:51:43.240,0,0,2
2019-11-26 16:57:27.000,0,1,2
2019-11-26 16:53:57.500,1,1,2
2019-11-26 16:56:04.000,1,0,2
2019-11-26 16:56:57.500,0,0,2
2019-11-26 16:50:57.500,1,0,2
2019-11-26 16:53:03.500,1,1,2
2019-11-26 16:52:20.000,0,1,2
2019-11-26 16:57:42.240,0,1,2
2019-11-26 16:55:32.740,1,1,2
2019-11-26 16:54:58.000,1,1,2
2019-11-26 16:51:00.240,1,1,2
2019-11-26 16:55:01.240,1,1,2
2019-11-26 16:52:09.500,1,1,2
2020-01-03 16:20:17.740,0,0,2
2020-01-03 16:17:13.740,1,1,2
2020-01-03 16:20:56.000,1,0,2
2020-01-03 16:21:07.500,0,0,2
2020-01-03 16:16:07.740,1,1,2
2020-01-03 16:16:20.500,1,0,2
2020-01-03 16:21:05.740,1,0,2
2020-01-03 16:15:38.000,1,1,2
2020-01-03 16:15:28.500,0,1,2
2020-01-03 16:16:01.240,1,0,2
2020-01-03 16:15:27.740,0,1,2
2020-01-03 16:20:18.000,0,0,2
2020-01-03 16:17:21.500,1,0,2
2020-01-03 16:16:53.740,1,1,2
2020-01-03 16:17:15.740,1,1,2
2020-01-03 16:21:04.740,1,0,2
2020-01-03 16:17:05.740,1,0,2
2020-01-03 16:15:07.000,0,1,2
2020-01-03 16:15:16.000,1,0,2
2020-01-03 16:17:01.500,1,0,2
2020-01-03 16:15:22.740,1,0,2
2020-01-03 16:21:03.240,1,0,2
2020-01-03 16:16:17.000,0,0,2
2020-01-03 16:15:02.500,1,0,2
2020-01-03 16:21:19.500,0,0,2
2020-01-03 16:20:36.740,1,0,2
2020-01-03 16:15:58.000,1,0,2
2020-01-03 16:20:27.240,0,0,2
2020-01-03 16:15:44.000,0,0,2
2020-01-03 16:15:22.240,1,0,2
2020-01-03 16:20:35.740,1,0,2
2020-01-03 16:21:05.240,1,0,2
2020-01-03 16:16:27.740,0,1,2
2020-01-03 16:15:59.240,1,1,2
2020-01-03 16:16:33.240,1,0,2
2020-01-03 16:21:22.500,0,0,2
2020-01-16 12:29:54.740,0,0,2
2020-01-16 12:23:35.240,0,0,2
2020-01-16 12:26:28.500,0,1,2
2020-01-16 12:30:26.500,0,1,2
2020-01-16 12:26:03.240,0,1,2
2020-01-16 12:24:42.240,0,1,2
2020-01-16 12:25:40.500,1,1,2
2020-01-16 12:25:44.240,0,1,2
2020-01-16 12:25:12.240,0,0,2
2020-01-16 12:25:14.000,0,0,2
2020-01-16 12:23:57.000,0,1,2
2020-01-16 12:26:15.240,0,1,2
2020-01-16 12:30:15.240,0,1,2
2020-01-16 12:29:53.740,0,0,2
2020-01-16 12:24:53.500,0,1,2
2020-01-16 12:24:15.740,0,0,2
2020-01-16 12:29:52.500,0,0,2
2020-01-16 12:30:26.240,0,1,2
2020-01-16 12:25:40.740,1,1,2
2020-01-16 12:30:07.740,0,1,2
2020-01-16 12:26:28.000,0,1,2
2020-01-16 12:26:29.000,0,1,2
2020-01-16 12:25:13.500,0,0,2
2020-01-16 12:24:00.000,0,0,2
2020-01-16 12:29:58.240,0,0,2
2019-11-15 16:32:02.500,0,1,3
2019-11-15 16:35:44.500,1,1,3
2019-11-15 16:32:06.240,1,1,3
2019-11-15 16:33:52.500,0,1,3
2019-11-15 16:34:20.500,1,0,3
2019-11-15 16:32:39.740,0,1,3
2019-11-15 16:32:43.740,0,0,3
2019-11-15 16:31:17.500,0,1,3
2019-11-15 16:31:27.000,0,1,3
2019-11-15 16:34:24.000,1,0,3
2019-11-15 16:33:17.740,1,1,3
2019-11-15 16:34:06.240,1,0,3
2019-11-15 16:32:17.740,0,1,3
2019-11-15 16:31:17.000,0,1,3
2019-11-15 16:33:23.740,0,1,3
2019-11-15 16:32:03.740,1,1,3
2019-11-15 16:32:08.740,1,1,3
2019-11-15 16:32:46.240,0,0,3
2019-11-15 16:32:40.740,1,1,3
2019-11-15 16:33:54.000,1,1,3
2019-11-15 16:32:29.240,1,1,3
2019-11-15 16:33:18.000,0,0,3
2019-11-15 16:32:12.240,0,0,3
2019-11-15 16:31:35.740,0,1,3
2019-11-15 16:35:02.240,0,1,3
2019-11-15 16:35:35.740,1,0,3
2019-11-15 16:34:26.000,1,1,3
2019-11-15 16:35:31.500,1,0,3
2019-11-15 16:35:00.740,0,1,3
2019-11-15 16:32:28.000,0,1,3
2019-11-15 16:31:58.500,0,1,3
2019-11-15 16:31:51.740,0,1,3
2019-11-15 16:33:50.500,1,0,3
2019-11-15 16:32:55.740,1,0,3
2019-11-15 16:34:29.740,0,0,3
2019-11-25 16:48:05.000,1,0,3
2019-11-25 16:56:41.500,0,1,3
2019-11-25 16:58:21.500,0,1,3
2019-11-25 16:56:30.000,0,1,3
2019-11-25 17:00:25.000,0,1,3
2019-11-25 16:51:20.740,0,1,3
2019-11-25 16:57:26.240,0,0,3
2019-11-25 16:53:27.000,0,1,3
2019-11-25 16:55:22.740,1,1,3
2019-11-25 16:59:55.000,0,0,3
2019-11-25 16:50:41.000,1,1,3
2019-11-25 16:58:33.000,0,1,3
2019-11-25 16:58:49.740,0,1,3
2019-11-25 16:47:13.000,0,1,3
2019-11-25 16:47:39.240,0,1,3
2019-11-25 16:59:48.240,1,1,3
2019-11-25 16:59:56.240,0,1,3
2019-11-25 16:52:25.240,1,1,3
2019-11-25 16:58:42.000,0,1,3
2019-11-25 16:47:58.000,1,0,3
2019-11-25 16:59:37.000,1,1,3
2019-11-25 17:00:16.500,0,1,3
2019-11-25 16:58:31.240,1,1,3
2019-11-25 16:52:11.740,0,1,3
2019-11-25 16:48:27.000,1,0,3
2019-11-25 16:48:37.240,1,1,3
2019-11-25 16:47:31.740,1,1,3
2019-11-25 16:59:19.500,0,1,3
2019-11-25 16:50:05.240,1,1,3
2019-11-25 16:48:55.500,1,0,3
2019-11-25 16:47:21.500,1,1,3
2019-11-25 16:48:10.240,1,1,3
2019-11-25 16:54:39.740,0,1,3
2019-11-25 16:54:53.740,1,1,3
2019-11-25 16:50:24.500,0,0,3
2019-11-25 16:51:07.000,1,1,3
2019-11-25 16:58:14.240,1,1,3
2019-11-25 16:52:19.500,1,0,3
2019-11-25 16:56:21.500,0,1,3
2019-11-25 16:48:00.000,1,0,3
2019-11-25 16:49:22.240,0,0,3
2019-11-25 16:48:26.500,1,1,3
2019-11-25 16:48:01.000,1,1,3
2019-11-25 16:50:56.000,0,1,3
2019-11-25 16:47:54.740,0,0,3
2019-11-25 16:52:08.500,0,1,3
2019-11-25 16:54:56.000,1,1,3
2019-11-25 16:59:43.000,1,1,3
2019-11-25 16:49:33.740,1,0,3
2019-11-25 16:48:31.000,1,1,3
2019-11-25 17:00:51.500,0,1,3
2019-11-25 16:49:01.740,0,0,3
2019-11-25 17:00:29.240,1,1,3
2019-11-25 17:00:24.240,0,1,3
2019-11-25 16:49:28.240,1,0,3
2019-11-25 16:48:21.500,0,1,3
2019-11-25 16:57:49.500,0,1,3
2019-11-25 16:51:26.000,1,1,3
2019-11-25 16:57:11.500,1,1,3
2019-11-25 16:50:37.240,1,1,3
2019-11-25 16:47:14.740,0,1,3
2019-11-25 16:56:31.240,0,1,3
2019-11-25 16:56:16.000,1,1,3
2019-11-25 16:54:35.240,0,1,3
2019-11-25 17:00:06.500,1,1,3
2019-11-25 16:55:02.740,0,1,3
2019-11-25 16:56:44.500,1,1,3
2019-11-25 16:59:47.500,0,1,3
2019-11-25 16:56:36.000,1,1,3
2019-11-25 16:51:32.000,0,1,3
2019-11-25 16:53:59.500,0,1,3
2019-11-25 16:49:36.240,0,0,3
2019-11-25 16:59:44.740,0,1,3
2019-11-25 16:53:05.500,0,1,3
2019-11-25 16:50:59.240,0,1,3
2019-11-25 16:51:04.240,1,1,3
2019-11-25 16:55:37.240,1,1,3
2019-11-25 16:58:03.740,1,1,3
2019-11-25 16:49:42.740,1,0,3
2019-11-25 17:00:31.740,0,1,3
2019-11-25 17:00:09.500,1,1,3
2019-11-25 16:59:23.500,1,1,3
2019-11-25 16:56:42.240,1,1,3
2019-11-25 16:55:49.000,0,1,3
2019-11-25 16:49:29.000,0,0,3
2019-11-25 16:58:17.240,0,0,3
2019-11-25 16:57:16.240,0,0,3
2019-11-25 16:51:30.000,1,1,3
2019-11-25 16:52:10.740,0,0,3
2019-11-25 16:58:46.240,0,1,3
2019-11-25 16:47:36.000,0,1,3
2019-11-25 16:49:01.500,1,0,3
2019-11-25 16:53:46.000,0,0,3
2019-11-25 16:58:14.500,1,1,3
2019-11-25 16:53:24.500,1,1,3
2019-11-25 16:59:20.240,1,1,3
2019-11-25 16:50:28.000,1,1,3
2019-11-25 16:52:21.740,0,1,3
2019-11-25 16:53:25.000,1,1,3
2019-11-25 17:00:20.000,0,1,3
2019-11-25 16:54:20.000,0,1,3
2019-11-25 16:47:13.740,0,1,3
2019-11-25 16:55:18.000,0,1,3
2019-11-25 16:54:19.000,1,1,3
2019-11-25 16:59:23.000,0,1,3
2019-11-25 16:57:10.000,1,1,3
2019-11-25 16:48:01.500,1,0,3
2019-11-25 16:52:13.740,0,0,3
2019-11-25 16:48:47.500,0,1,3
2019-11-25 16:53:35.000,0,1,3
2019-11-25 16:50:27.000,1,1,3
2019-11-25 16:57:59.000,1,1,3
2019-11-25 16:49:09.500,1,1,3
2019-11-25 16:52:02.740,1,1,3
2019-11-25 16:54:45.500,0,1,3
2019-11-25 16:57:35.000,0,1,3
2019-11-25 16:47:51.000,0,0,3
2019-11-25 16:48:05.240,0,0,3
2019-11-25 16:53:22.240,0,1,3
2019-11-25 16:56:24.240,0,1,3
2019-11-25 16:54:13.000,0,1,3
2019-11-25 16:48:04.240,1,0,3
2019-11-25 16:50:50.240,0,1,3
2019-11-25 16:57:57.000,1,1,3
2019-11-25 16:48:09.000,0,0,3
2019-11-25 16:52:19.740,1,1,3
2019-11-25 16:51:47.000,0,1,3
2019-11-25 16:57:45.500,0,1,3
2019-11-25 16:54:34.740,0,1,3
2019-11-25 16:48:03.740,0,0,3
2019-11-25 17:00:28.240,0,1,3
2019-11-25 16:47:39.500,0,1,3
2019-11-25 16:56:27.500,0,0,3
2019-11-26 16:53:24.740,1,0,3
2019-11-26 16:52:12.500,1,1,3
2019-11-26 16:53:55.740,1,1,3
2019-11-26 16:54:28.740,1,0,3
2019-11-26 16:53:24.500,1,0,3
2019-11-26 16:54:50.500,1,1,3
2019-11-26 16:54:20.000,1,1,3
2019-11-26 16:52:14.000,1,1,3
2019-11-26 16:51:38.740,1,1,3
2019-11-26 16:53:16.740,1,0,3
2019-11-26 16:57:43.240,1,1,3
2019-11-26 16:51:35.000,0,0,3
2019-11-26 16:56:42.500,1,1,3
2019-11-26 16:52:57.500,1,1,3
2019-11-26 16:53:04.500,0,0,3
2019-11-26 16:56:52.740,1,1,3
2019-11-26 16:50:57.000,1,1,3
2019-11-26 16:53:52.740,1,1,3
2019-11-26 16:53:35.740,0,0,3
2019-11-26 16:55:51.500,0,0,3
2019-11-26 16:52:55.240,1,0,3
2019-11-26 16:57:34.000,1,1,3
2019-11-26 16:56:21.000,0,1,3
2019-11-26 16:56:46.240,1,1,3
2019-11-26 16:52:11.740,1,1,3
2019-11-26 16:50:55.500,1,1,3
2019-11-26 16:52:47.500,1,1,3
2019-11-26 16:54:59.000,0,1,3
2019-11-26 16:57:03.240,1,1,3
2019-11-26 16:52:02.240,1,1,3
2019-11-26 16:54:49.500,1,1,3
2019-11-26 16:52:47.240,1,0,3
2019-11-26 16:56:16.500,1,1,3
2019-11-26 16:51:41.240,0,0,3
2019-11-26 16:55:05.740,1,1,3
2019-11-26 16:54:22.740,1,1,3
2019-11-26 16:57:11.000,1,0,3
2019-11-26 16:54:47.000,1,1,3
2019-11-26 16:56:24.500,0,0,3
2019-11-26 16:56:45.000,1,1,3
2019-11-26 16:54:31.000,1,1,3
2019-11-26 16:53:04.240,1,1,3
2019-11-26 16:56:39.000,0,1,3
2019-11-26 16:52:56.740,1,1,3
2019-11-26 16:54:11.240,0,1,3
2019-11-26 16:53:04.740,0,1,3
2019-11-26 16:57:07.240,1,1,3
2019-11-26 16:53:20.240,0,0,3
2019-11-26 16:53:36.000,1,0,3
2019-11-26 16:53:02.000,1,0,3
2019-11-26 16:56:24.240,1,1,3
2019-11-26 16:55:05.500,1,1,3
2019-11-26 16:55:26.500,1,1,3
2019-11-26 16:51:46.740,1,1,3
2020-01-03 16:16:42.240,1,0,3
2020-01-03 16:20:45.240,1,1,3
2020-01-03 16:16:57.500,1,1,3
2020-01-03 16:15:39.240,1,0,3
2020-01-03 16:17:24.000,0,1,3
2020-01-03 16:17:11.740,1,1,3
2020-01-03 16:16:13.240,1,0,3
2020-01-03 16:17:09.500,1,1,3
2020-01-03 16:16:12.000,0,1,3
2020-01-03 16:16:52.240,1,0,3
2020-01-03 16:15:10.500,1,0,3
2020-01-03 16:21:22.740,0,0,3
2020-01-03 16:16:02.000,1,1,3
2020-01-03 16:20:17.240,0,0,3
2020-01-03 16:15:18.740,1,0,3
2020-01-03 16:16:57.000,1,1,3
2020-01-03 16:20:48.500,1,1,3
2020-01-03 16:20:40.000,1,0,3
2020-01-03 16:20:10.740,0,0,3
2020-01-03 16:15:33.000,1,1,3
2020-01-03 16:15:17.000,1,0,3
2020-01-03 16:17:22.000,1,1,3
2020-01-03 16:21:20.500,0,0,3
2020-01-03 16:15:11.740,1,0,3
2020-01-03 16:15:40.240,1,1,3
2020-01-03 16:21:01.000,1,0,3
2020-01-03 16:15:22.000,1,0,3
2020-01-03 16:17:19.240,1,1,3
2020-01-03 16:15:46.240,0,1,3
2020-01-03 16:17:21.000,0,1,3
2020-01-03 16:15:12.740,1,0,3
2020-01-03 16:21:25.240,0,0,3
2020-01-03 16:15:09.000,1,1,3
2020-01-03 16:20:14.240,0,0,3
2020-01-03 16:17:23.740,0,1,3
2020-01-03 16:15:06.740,1,1,3
2020-01-03 16:15:23.240,1,0,3
2020-01-03 16:15:04.000,1,1,3
2020-01-03 16:21:18.000,0,0,3
2020-01-16 12:30:34.000,0,1,3
2020-01-16 12:24:42.500,0,1,3
2020-01-16 12:26:28.240,0,1,3
2020-01-16 12:30:32.240,0,0,3
2020-01-16 12:30:24.240,0,1,3
2020-01-16 12:24:51.240,0,1,3
2020-01-16 12:24:39.000,1,1,3
2020-01-16 12:24:25.000,0,1,3
2020-01-16 12:23:56.240,0,1,3
2020-01-16 12:25:25.240,0,1,3
2020-01-16 12:26:15.740,0,1,3
2020-01-16 12:26:01.500,0,1,3
2020-01-16 12:29:55.000,0,0,3
2020-01-16 12:29:57.240,0,0,3
2020-01-16 12:30:06.500,0,0,3
2020-01-16 12:24:21.000,0,0,3
2020-01-16 12:25:58.240,0,1,3
2020-01-16 12:25:48.740,1,1,3
2020-01-16 12:24:32.740,0,0,3
2020-01-16 12:24:44.500,0,1,3
2020-01-16 12:23:54.000,0,0,3
2020-01-16 12:24:42.000,0,1,3
2020-01-16 12:30:11.740,0,1,3
2020-01-16 12:26:20.000,0,1,3
2020-01-16 12:25:21.240,0,1,3
2020-01-16 12:30:21.000,0,1,3
2020-01-16 12:25:18.500,0,1,3
2020-01-16 12:25:09.500,0,0,3
2020-01-16 12:30:28.000,0,0,3
2020-01-16 12:26:20.500,0,1,3
2019-11-15 16:33:26.740,1,1,4
2019-11-15 16:31:39.000,1,1,4
2019-11-15 16:32:22.740,0,1,4
2019-11-15 16:33:45.240,1,1,4
2019-11-15 16:31:28.240,0,1,4
2019-11-15 16:32:19.500,0,1,4
2019-11-15 16:33:21.000,0,1,4
2019-11-15 16:31:17.000,0,1,4
2019-11-15 16:34:18.000,0,0,4
2019-11-15 16:32:34.240,1,1,4
2019-11-15 16:34:12.240,0,1,4
2019-11-15 16:34:42.000,0,0,4
2019-11-15 16:32:54.240,1,0,4
2019-11-15 16:31:21.500,0,0,4
2019-11-15 16:33:24.740,0,1,4
2019-11-15 16:32:40.740,1,1,4
2019-11-15 16:31:20.740,0,1,4
2019-11-15 16:33:31.000,1,1,4
2019-11-15 16:33:51.000,1,0,4
2019-11-15 16:33:22.240,0,1,4
2019-11-15 16:33:42.740,0,0,4
2019-11-15 16:33:47.240,0,1,4
2019-11-15 16:33:22.000,0,1,4
2019-11-15 16:35:34.000,1,0,4
2019-11-15 16:32:22.000,0,1,4
2019-11-15 16:33:49.500,0,1,4
2019-11-15 16:31:39.740,0,1,4
2019-11-15 16:34:06.240,1,0,4
2019-11-15 16:34:49.240,1,1,4
2019-11-15 16:34:21.240,1,1,4
2019-11-15 16:31:19.500,0,1,4
2019-11-15 16:33:56.500,1,1,4
2019-11-25 16:51:13.740,0,1,4
2019-11-25 16:58:28.000,1,1,4
2019-11-25 16:59:52.740,0,0,4
2019-11-25 16:50:39.740,0,1,4
2019-11-25 16:47:30.500,0,1,4
2019-11-25 16:51:05.740,1,1,4
2019-11-25 16:48:51.740,1,1,4
2019-11-25 16:47:50.240,0,0,4
2019-11-25 16:53:29.500,1,1,4
2019-11-25 16:56:41.740,1,1,4
2019-11-25 16:49:44.240,0,0,4
2019-11-25 16:56:28.240,0,1,4
2019-11-25 16:58:40.500,1,1,4
2019-11-25 16:55:39.740,0,1,4
2019-11-25 16:50:26.000,1,1,4
2019-11-25 17:00:39.500,1,1,4
2019-11-25 16:58:13.000,1,0,4
2019-11-25 16:57:01.240,1,1,4
2019-11-25 16:54:22.500,0,1,4
2019-11-25 16:53:36.240,1,1,4
2019-11-25 16:53:39.500,1,1,4
2019-11-25 16:58:24.740,1,1,4
2019-11-25 16:47:52.740,0,0,4
2019-11-25 16:58:01.240,1,1,4
2019-11-25 17:00:31.000,0,1,4
2019-11-25 16:49:52.740,1,1,4
2019-11-25 16:49:41.500,0,0,4
2019-11-25 16:51:16.240,0,1,4
2019-11-25 16:50:48.500,0,1,4
2019-11-25 16:57:01.500,0,0,4
2019-11-25 16:55:55.000,1,1,4
2019-11-25 16:50:09.240,0,1,4
2019-11-25 17:00:05.240,0,1,4
2019-11-25 16:54:17.740,0,1,4
2019-11-25 16:51:08.740,1,1,4
2019-11-25 16:49:42.500,1,0,4
2019-11-25 16:55:13.500,0,1,4
2019-11-25 16:51:14.500,1,1,4
2019-11-25 16:56:09.500,1,1,4
2019-11-25 16:55:04.500,0,1,4
2019-11-25 16:59:34.240,1,1,4
2019-11-25 17:00:13.740,1,1,4
2019-11-25 16:49:35.740,0,1,4
2019-11-25 16:51:26.240,0,1,4
2019-11-25 16:50:07.740,0,1,4
2019-11-25 16:59:17.740,0,1,4
2019-11-25 16:49:40.740,1,1,4
2019-11-25 16:56:13.740,1,1,4
2019-11-25 16:58:36.500,1,0,4
2019-11-25 16:50:16.240,1,1,4
2019-11-25 16:47:52.240,1,0,4
2019-11-25 17:00:35.240,1,1,4
2019-11-25 16:56:03.240,0,1,4
2019-11-25 16:52:38.500,0,1,4
2019-11-25 16:57:00.740,0,1,4
2019-11-25 16:49:27.240,1,0,4
2019-11-25 16:55:45.000,0,1,4
2019-11-25 16:54:23.740,1,1,4
2019-11-25 16:57:57.240,1,1,4
2019-11-25 17:00:14.500,0,1,4
2019-11-25 16:47:29.240,1,1,4
2019-11-25 16:51:27.000,0,1,4
2019-11-25 16:48:47.740,0,1,4
2019-11-25 16:59:30.240,0,0,4
2019-11-25 16:48:24.500,1,1,4
2019-11-25 16:51:19.740,1,1,4
2019-11-25 16:48:57.740,1,1,4
2019-11-25 16:55:46.500,1,1,4
2019-11-25 16:52:26.740,0,1,4
2019-11-25 17:00:36.740,0,1,4
2019-11-25 17:00:41.240,1,1,4
2019-11-25 16:47:51.000,0,0,4
2019-11-25 16:47:18.000,0,1,4
2019-11-25 16:59:45.000,0,1,4
2019-11-25 16:47:19.000,0,1,4
2019-11-25 16:51:24.240,0,1,4
2019-11-25 17:00:29.500,1,1,4
2019-11-25 16:56:54.500,0,1,4
2019-11-25 16:49:34.000,1,1,4
2019-11-25 16:49:17.500,1,1,4
2019-11-25 16:59:28.740,0,1,4
2019-11-25 16:59:12.000,0,1,4
2019-11-25 16:49:03.000,1,0,4
2019-11-25 16:54:16.500,0,1,4
2019-11-25 16:47:10.740,0,1,4
2019-11-25 16:47:04.240,0,1,4
2019-11-25 16:53:27.000,0,1,4
2019-11-25 16:50:37.500,0,1,4
2019-11-25 16:53:46.240,0,0,4
2019-11-25 16:59:24.500,0,1,4
2019-11-25 16:54:54.000,1,1,4
2019-11-25 16:53:31.000,0,1,4
2019-11-25 16:49:43.000,0,0,4
2019-11-25 16:53:06.000,1,1,4
2019-11-25 16:59:23.500,1,0,4
2019-11-25 16:49:31.000,1,0,4
2019-11-25 16:53:44.240,1,1,4
2019-11-25 16:59:49.500,0,0,4
2019-11-25 16:56:48.740,1,1,4
2019-11-25 16:56:12.500,1,1,4
2019-11-25 16:56:30.240,1,1,4
2019-11-25 16:55:31.240,0,1,4
2019-11-25 16:50:17.240,1,1,4
2019-11-25 16:52:24.500,1,1,4
2019-11-25 16:57:42.500,0,1,4
2019-11-25 16:49:14.240,0,1,4
2019-11-25 16:55:17.000,0,1,4
2019-11-25 16:49:43.240,1,0,4
2019-11-25 16:51:49.240,1,1,4
2019-11-25 16:51:46.740,0,1,4
2019-11-25 16:52:02.740,1,1,4
2019-11-25 16:51:54.500,0,1,4
2019-11-25 16:57:25.000,1,1,4
2019-11-25 16:48:15.740,0,1,4
2019-11-25 16:48:25.240,1,1,4
2019-11-25 16:53:47.240,0,0,4
2019-11-25 16:53:23.000,1,1,4
2019-11-25 16:53:42.240,1,1,4
2019-11-25 16:56:53.740,0,0,4
2019-11-25 16:58:01.000,0,1,4
2019-11-25 16:58:29.740,0,1,4
2019-11-25 17:00:31.240,0,1,4
2019-11-26 16:53:32.240,1,0,4
2019-11-26 16:53:16.740,1,0,4
2019-11-26 16:52:47.240,0,0,4
2019-11-26 16:57:12.000,1,0,4
2019-11-26 16:57:35.500,1,0,4
2019-11-26 16:57:34.500,1,0,4
2019-11-26 16:51:42.500,1,1,4
2019-11-26 16:56:02.500,0,0,4
2019-11-26 16:54:37.500,0,0,4
2019-11-26 16:55:04.000,1,1,4
2019-11-26 16:56:58.000,1,1,4
2019-11-26 16:52:59.000,1,1,4
2019-11-26 16:53:07.000,0,1,4
2019-11-26 16:51:50.240,0,1,4
2019-11-26 16:57:28.740,1,1,4
2019-11-26 16:54:28.240,1,1,4
2019-11-26 16:54:22.740,1,1,4
2019-11-26 16:56:37.000,1,0,4
2019-11-26 16:51:57.000,1,0,4
2019-11-26 16:57:30.240,0,1,4
2019-11-26 16:54:37.740,1,1,4
2019-11-26 16:56:35.000,1,1,4
2019-11-26 16:54:50.500,1,1,4
2019-11-26 16:54:26.000,1,1,4
2019-11-26 16:52:58.240,1,1,4
2019-11-26 16:56:27.240,0,1,4
2019-11-26 16:52:47.000,1,0,4
2019-11-26 16:53:28.500,1,0,4
2019-11-26 16:55:48.240,0,0,4
2019-11-26 16:56:01.000,0,1,4
2019-11-26 16:54:43.000,0,1,4
2019-11-26 16:56:23.500,0,0,4
2019-11-26 16:51:48.240,1,1,4
2019-11-26 16:53:57.740,0,0,4
2019-11-26 16:56:01.240,0,0,4
2019-11-26 16:52:01.500,1,1,4
2019-11-26 16:57:07.240,1,1,4
2019-11-26 16:56:00.240,0,0,4
2019-11-26 16:56:04.500,1,0,4
2019-11-26 16:51:51.000,1,0,4
2019-11-26 16:53:36.240,0,1,4
2019-11-26 16:57:08.000,1,1,4
2019-11-26 16:51:22.000,1,0,4
2019-11-26 16:52:20.000,0,1,4
2019-11-26 16:56:39.740,1,1,4
2019-11-26 16:51:28.500,0,0,4
2019-11-26 16:57:28.240,1,1,4
2019-11-26 16:53:02.500,0,1,4
2019-11-26 16:53:03.500,1,1,4
2019-11-26 16:51:40.500,1,0,4
2019-11-26 16:51:32.240,0,0,4
2019-11-26 16:57:44.000,1,1,4
2019-11-26 16:52:01.000,1,1,4
2019-11-26 16:52:05.740,0,1,4
2019-11-26 16:50:56.240,0,1,4
2019-11-26 16:55:56.000,0,0,4
2019-11-26 16:54:24.240,1,1,4
2019-11-26 16:52:50.000,1,1,4
2019-11-26 16:56:16.240,1,1,4
2019-11-26 16:53:03.240,1,1,4
2019-11-26 16:51:49.240,1,0,4
2019-11-26 16:51:41.000,0,0,4
2019-11-26 16:55:21.500,1,1,4
2019-11-26 16:53:28.000,1,0,4
2020-01-03 16:20:22.000,0,0,4
2020-01-03 16:21:23.000,0,0,4
2020-01-03 16:16:47.740,1,1,4
2020-01-03 16:20:31.740,1,0,4
2020-01-03 16:20:51.500,1,0,4
2020-01-03 16:16:29.740,1,1,4
2020-01-03 16:16:34.500,1,1,4
2020-01-03 16:20:30.500,1,0,4
2020-01-03 16:17:20.500,1,0,4
2020-01-03 16:17:09.740,1,0,4
2020-01-03 16:15:23.740,1,1,4
2020-01-03 16:15:23.000,1,0,4
2020-01-03 16:15:55.500,1,0,4
2020-01-03 16:15:41.740,0,0,4
2020-01-03 16:21:09.500,0,0,4
2020-01-03 16:16:15.500,0,0,4
2020-01-03 16:15:19.240,1,0,4
2020-01-03 16:15:54.740,0,1,4
2020-01-03 16:20:12.000,0,0,4
2020-01-03 16:21:07.240,0,0,4
2020-01-03 16:21:17.240,0,0,4
2020-01-03 16:16:42.740,1,1,4
2020-01-03 16:21:01.000,1,0,4
2020-01-03 16:21:18.740,0,0,4
2020-01-03 16:17:01.240,0,1,4
2020-01-03 16:15:44.740,1,1,4
2020-01-03 16:20:14.500,0,0,4
2020-01-03 16:15:22.000,1,0,4
2020-01-03 16:17:03.740,1,0,4
2020-01-03 16:17:23.000,1,1,4
2020-01-03 16:21:11.500,0,0,4
2020-01-03 16:20:13.500,0,0,4
2020-01-03 16:15:45.500,1,0,4
2020-01-16 12:26:31.740,0,1,4
2020-01-16 12:23:48.240,0,0,4
2020-01-16 12:23:46.240,0,0,4
2020-01-16 12:23:56.240,0,1,4
2020-01-16 12:24:23.240,0,1,4
2020-01-16 12:26:27.500,0,1,4
2020-01-16 12:24:47.240,1,1,4
2020-01-16 12:24:20.000,0,1,4
2020-01-16 12:23:55.240,0,1,4
2020-01-16 12:30:15.740,0,0,4
2020-01-16 12:30:35.240,0,0,4
2020-01-16 12:25:05.000,0,1,4
2020-01-16 12:26:35.240,0,0,4
2020-01-16 12:25:05.740,0,1,4
2020-01-16 12:25:51.740,1,0,4
2020-01-16 12:25:56.740,1,1,4
2020-01-16 12:25:57.000,0,1,4
2020-01-16 12:23:50.000,0,0,4
2020-01-16 12:24:55.500,0,1,4
2020-01-16 12:29:59.240,0,0,4
2020-01-16 12:25:15.740,0,0,4
2020-01-16 12:26:19.500,0,0,4
2020-01-16 12:24:18.740,0,1,4
2020-01-16 12:24:43.000,0,1,4
2020-01-16 12:26:31.500,0,1,4
2020-01-16 12:30:17.740,0,1,4
2020-01-16 12:25:24.240,1,1,4
2020-01-16 12:23:53.240,0,0,4
2020-01-16 12:30:35.500,0,1,4
2020-01-16 12:30:25.240,0,0,4
2020-01-16 12:25:01.000,1,1,4
2020-01-16 12:25:49.740,0,0,4
2020-01-16 12:26:27.000,0,1,4
2020-01-16 12:24:27.500,0,0,4
2020-01-16 12:25:20.500,1,1,4
2019-11-15 16:31:42.740,1,1,5
2019-11-15 16:32:24.000,0,1,5
2019-11-15 16:33:32.000,0,1,5
2019-11-15 16:32:25.500,0,1,5
2019-11-15 16:32:18.000,0,1,5
2019-11-15 16:32:28.240,0,1,5
2019-11-15 16:33:55.740,0,0,5
2019-11-15 16:35:08.500,0,1,5
2019-11-15 16:35:49.240,1,0,5
2019-11-15 16:32:15.240,0,1,5
2019-11-15 16:34:39.740,1,1,5
2019-11-15 16:32:17.740,0,1,5
2019-11-15 16:31:54.500,0,1,5
2019-11-15 16:32:37.000,0,1,5
2019-11-15 16:32:03.740,0,1,5
2019-11-15 16:33:23.740,0,1,5
2019-11-15 16:31:28.240,0,1,5
2019-11-15 16:33:35.240,0,1,5
2019-11-15 16:32:40.500,0,1,5
2019-11-15 16:34:47.500,1,0,5
2019-11-15 16:32:33.500,0,1,5
2019-11-15 16:35:36.500,1,0,5
2019-11-15 16:32:15.740,1,1,5
2019-11-15 16:33:02.000,0,0,5
2019-11-15 16:31:51.240,0,1,5
2019-11-15 16:34:22.500,1,0,5
2019-11-15 16:34:43.240,0,1,5
2019-11-15 16:31:45.500,1,1,5
2019-11-15 16:32:27.240,1,1,5
2019-11-15 16:33:37.740,1,1,5
2019-11-15 16:32:10.000,1,1,5
2019-11-15 16:32:16.240,0,1,5
2019-11-15 16:32:04.500,0,1,5
2019-11-15 16:32:12.240,0,0,5
2019-11-25 16:49:25.500,1,1,5
2019-11-25 16:51:34.240,0,1,5
2019-11-25 17:00:28.000,0,1,5
2019-11-25 16:47:01.240,1,0,5
2019-11-25 16:53:51.740,0,0,5
2019-11-25 16:55:22.740,1,1,5
2019-11-25 16:59:15.000,0,0,5
2019-11-25 16:57:43.240,0,1,5
2019-11-25 17:00:48.500,0,0,5
2019-11-25 16:48:03.000,1,0,5
2019-11-25 16:51:23.240,0,1,5
2019-11-25 16:50:11.240,1,1,5
2019-11-25 16:56:01.740,0,1,5
2019-11-25 16:48:55.240,1,0,5
2019-11-25 16:53:23.000,1,1,5
2019-11-25 16:50:49.500,1,1,5
2019-11-25 16:58:16.000,0,1,5
2019-11-25 16:50:42.240,0,1,5
2019-11-25 16:50:57.740,1,1,5
2019-11-25 16:58:40.240,0,1,5
2019-11-25 16:53:32.240,0,1,5
2019-11-25 16:59:25.000,0,1,5
2019-11-25 16:58:06.500,0,1,5
2019-11-25 16:49:57.240,1,1,5
2019-11-25 16:59:27.000,1,1,5
2019-11-25 16:51:21.500,1,1,5
2019-11-25 16:59:46.500,1,1,5
2019-11-25 16:47:06.740,0,0,5
2019-11-25 16:57:51.740,0,1,5
2019-11-25 16:57:11.000,1,1,5
2019-11-25 16:55:09.240,0,1,5
2019-11-25 16:55:17.240,1,1,5
2019-11-25 16:47:40.500,0,1,5
2019-11-25 16:52:27.500,1,1,5
2019-11-25 16:48:05.500,1,0,5
2019-11-25 16:57:42.740,0,1,5
2019-11-25 16:56:29.500,0,1,5
2019-11-25 16:48:14.500,0,1,5
2019-11-25 16:54:57.740,0,1,5
2019-11-25 16:51:05.000,1,1,5
2019-11-25 16:54:45.000,0,1,5
2019-11-25 16:51:53.740,1,1,5
2019-11-25 16:52:19.500,1,0,5
2019-11-25 16:48:14.240,1,1,5
2019-11-25 16:50:21.500,0,0,5
2019-11-25 16:49:13.000,0,1,5
2019-11-25 16:49:01.240,1,0,5
2019-11-25 16:52:14.740,0,1,5
2019-11-25 16:47:59.500,1,0,5
2019-11-25 16:56:31.500,0,1,5
2019-11-25 16:52:43.500,1,0,5
2019-11-25 16:55:41.500,0,1,5
2019-11-25 16:48:49.740,0,1,5
2019-11-25 16:57:39.500,0,1,5
2019-11-25 16:54:21.740,1,1,5
2019-11-25 16:52:12.740,0,0,5
2019-11-25 16:52:36.240,1,1,5
2019-11-25 16:56:12.240,1,1,5
2019-11-25 16:57:06.500,1,1,5
2019-11-25 16:47:50.500,1,0,5
2019-11-25 16:47:23.240,0,1,5
2019-11-25 16:58:29.000,0,1,5
2019-11-25 16:48:47.000,1,1,5
2019-11-25 16:54:13.240,0,1,5
2019-11-25 16:54:14.240,0,1,5
2019-11-25 16:48:57.740,0,1,5
2019-11-25 16:55:53.000,0,1,5
2019-11-25 16:47:38.740,0,1,5
2019-11-25 17:00:27.500,1,1,5
2019-11-25 16:52:00.740,1,1,5
2019-11-25 16:49:06.240,1,1,5
2019-11-25 16:52:23.000,1,1,5
2019-11-25 17:00:10.740,1,1,5
2019-11-25 16:52:01.240,1,1,5
2019-11-25 17:00:41.000,0,1,5
2019-11-25 16:49:19.740,1,0,5
2019-11-25 16:50:09.000,0,1,5
2019-11-25 16:56:54.000,1,1,5
2019-11-25 16:54:47.240,0,1,5
2019-11-25 16:47:00.500,0,1,5
2019-11-25 16:47:47.500,1,0,5
2019-11-25 16:48:11.000,0,1,5
2019-11-25 16:53:42.500,1,1,5
2019-11-25 16:57:52.740,0,0,5
2019-11-25 16:59:45.240,1,1,5
2019-11-25 16:47:09.000,1,1,5
2019-11-25 16:50:34.500,0,0,5
2019-11-25 16:57:27.500,1,1,5
2019-11-25 16:51:18.240,1,1,5
2019-11-25 16:49:02.740,1,0,5
2019-11-25 16:56:14.000,0,1,5
2019-11-25 16:48:55.000,1,1,5
2019-11-25 16:50:09.240,0,1,5
2019-11-25 16:51:33.500,0,1,5
2019-11-25 16:53:20.000,1,1,5
2019-11-25 16:56:48.500,1,1,5
2019-11-25 16:47:39.740,0,1,5
2019-11-25 17:00:00.740,0,1,5
2019-11-25 16:48:56.240,1,0,5
2019-11-25 17:00:00.240,0,1,5
2019-11-25 16:59:18.740,0,0,5
2019-11-25 16:54:16.240,1,0,5
2019-11-25 16:56:41.240,0,1,5
2019-11-25 16:49:15.740,0,1,5
2019-11-25 16:49:11.500,1,1,5
2019-11-25 17:00:06.740,1,1,5
2019-11-25 16:58:49.240,1,1,5
2019-11-25 16:55:25.500,1,1,5
2019-11-25 16:56:09.500,1,1,5
2019-11-25 16:49:40.000,0,1,5
2019-11-25 16:52:38.240,1,1,5
2019-11-25 16:47:40.740,0,1,5
2019-11-25 16:54:24.500,1,1,5
2019-11-25 16:52:08.740,0,1,5
2019-11-26 16:54:07.740,1,1,5
2019-11-26 16:51:44.500,1,1,5
2019-11-26 16:53:27.000,0,0,5
2019-11-26 16:51:46.740,1,0,5
2019-11-26 16:53:16.500,1,1,5
2019-11-26 16:51:58.240,1,1,5
2019-11-26 16:56:33.500,1,0,5
2019-11-26 16:54:28.500,1,1,5
2019-11-26 16:51:35.500,1,1,5
2019-11-26 16:56:32.500,0,1,5
2019-11-26 16:56:47.500,1,1,5
2019-11-26 16:55:18.240,1,1,5
2019-11-26 16:57:20.000,1,1,5
2019-11-26 16:51:16.240,1,0,5
2019-11-26 16:57:05.240,1,1,5
2019-11-26 16:57:25.500,0,0,5
2019-11-26 16:57:36.000,0,1,5
2019-11-26 16:57:23.000,0,1,5
2019-11-26 16:57:01.240,0,1,5
2019-11-26 16:54:33.740,1,1,5
2019-11-26 16:52:00.000,0,1,5
2019-11-26 16:53:19.000,1,1,5
2019-11-26 16:56:19.240,0,0,5
2019-11-26 16:51:18.740,1,0,5
2019-11-26 16:52:23.500,1,1,5
2019-11-26 16:54:29.240,1,1,5
2019-11-26 16:53:15.740,1,1,5
2019-11-26 16:57:07.740,1,0,5
2019-11-26 16:55:08.000,1,1,5
2019-11-26 16:53:59.500,1,1,5
2019-11-26 16:51:15.240,1,1,5
2019-11-26 16:53:20.000,1,1,5
2019-11-26 16:55:20.740,0,1,5
2019-11-26 16:54:06.000,1,1,5
2019-11-26 16:54:14.740,1,1,5
2019-11-26 16:55:09.740,1,1,5
2019-11-26 16:53:20.500,1,1,5
2019-11-26 16:56:40.240,1,1,5
2019-11-26 16:54:56.000,1,1,5
2019-11-26 16:53:14.500,0,1,5
2019-11-26 16:54:31.740,1,0,5
2019-11-26 16:53:34.000,1,0,5
2019-11-26 16:53:03.740,0,1,5
2019-11-26 16:51:31.740,1,0,5
2019-11-26 16:53:28.000,1,0,5
2019-11-26 16:55:19.740,1,1,5
2019-11-26 16:50:58.240,1,0,5
2019-11-26 16:54:40.240,1,1,5
2019-11-26 16:56:28.240,0,1,5
2019-11-26 16:53:51.500,1,0,5
2019-11-26 16:56:25.740,0,1,5
2019-11-26 16:56:00.500,0,0,5
2019-11-26 16:52:10.500,1,1,5
2019-11-26 16:52:14.500,1,1,5
2019-11-26 16:57:04.240,1,1,5
2019-11-26 16:57:13.240,1,0,5
2019-11-26 16:55:58.240,0,1,5
2019-11-26 16:54:55.240,1,1,5
2019-11-26 16:55:46.500,0,0,5
2019-11-26 16:51:54.000,0,1,5
2019-11-26 16:56:16.740,0,1,5
2019-11-26 16:53:27.740,0,1,5
2019-11-26 16:51:40.740,0,0,5
2019-11-26 16:55:52.000,0,0,5
2019-11-26 16:53:27.500,1,0,5
2019-11-26 16:53:54.740,1,1,5
2020-01-03 16:16:25.240,0,0,5
2020-01-03 16:16:36.240,1,0,5
2020-01-03 16:20:56.000,1,0,5
2020-01-03 16:20:34.500,1,0,5
2020-01-03 16:15:47.000,0,1,5
2020-01-03 16:15:18.000,1,0,5
2020-01-03 16:16:35.500,1,1,5
2020-01-03 16:16:46.500,1,1,5
2020-01-03 16:15:29.240,1,1,5
2020-01-03 16:17:09.240,1,1,5
2020-01-03 16:15:58.740,1,1,5
2020-01-03 16:15:12.500,1,0,5
2020-01-03 16:21:27.240,0,0,5
2020-01-03 16:16:15.500,1,0,5
2020-01-03 16:17:05.240,1,0,5
2020-01-03 16:16:24.500,0,1,5
2020-01-03 16:16:52.500,1,1,5
2020-01-03 16:20:33.000,1,0,5
2020-01-03 16:15:51.000,0,0,5
2020-01-03 16:21:04.000,1,0,5
2020-01-03 16:16:07.240,1,1,5
2020-01-03 16:21:25.000,0,0,5
2020-01-03 16:16:41.500,0,0,5
2020-01-03 16:15:59.740,1,1,5
2020-01-03 16:16:00.500,1,0,5
2020-01-03 16:16:51.000,1,1,5
2020-01-03 16:15:48.500,1,0,5
2020-01-03 16:15:34.740,1,0,5
2020-01-03 16:21:25.500,0,0,5
2020-01-03 16:15:53.500,1,1,5
2020-01-03 16:21:06.500,0,0,5
2020-01-03 16:20:53.740,1,0,5
2020-01-03 16:16:33.740,1,1,5
2020-01-03 16:15:30.500,0,1,5
2020-01-03 16:20:47.240,1,1,5
2020-01-03 16:15:55.240,1,1,5
2020-01-03 16:15:04.000,1,1,5
2020-01-03 16:20:37.000,1,0,5
2020-01-16 12:25:02.740,0,1,5
2020-01-16 12:23:51.500,0,0,5
2020-01-16 12:26:22.240,0,1,5
2020-01-16 12:30:09.240,0,1,5
2020-01-16 12:30:10.740,0,1,5
2020-01-16 12:25:31.240,0,1,5
2020-01-16 12:25:12.240,0,0,5
2020-01-16 12:25:10.000,0,0,5
2020-01-16 12:24:48.000,1,1,5
2020-01-16 12:30:10.240,0,1,5
2020-01-16 12:25:05.240,0,1,5
2020-01-16 12:25:19.500,0,1,5
2020-01-16 12:30:37.500,0,1,5
2020-01-16 12:26:10.000,0,1,5
2020-01-16 12:26:00.740,0,1,5
2020-01-16 12:26:05.500,0,1,5
2020-01-16 12:26:37.500,0,0,5
2020-01-16 12:26:02.000,0,1,5
2020-01-16 12:30:07.000,0,0,5
2020-01-16 12:24:53.000,0,1,5
2020-01-16 12:23:34.740,0,0,5
2020-01-16 12:29:55.740,0,0,5
2020-01-16 12:26:03.240,0,1,5
2020-01-16 12:25:26.500,0,1,5
2020-01-16 12:24:59.240,0,1,5
2020-01-16 12:30:30.240,0,0,5
2020-01-16 12:30:20.000,0,1,5
2020-01-16 12:30:32.740,0,1,5
2020-01-16 12:30:18.000,0,1,5
2020-01-16 12:25:21.240,0,1,5
2020-01-16 12:29:54.240,0,0,5
2020-01-16 12:30:25.000,0,1,5
2020-01-16 12:24:16.240,0,1,5
2020-01-16 12:24:52.000,1,1,5
2020-01-16 12:24:38.740,0,1,5
2019-11-15 16:32:59.500,1,0,6
2019-11-15 16:33:59.740,1,0,6
2019-11-15 16:35:08.000,0,0,6
2019-11-15 16:34:29.000,1,1,6
2019-11-15 16:31:53.240,1,1,6
2019-11-15 16:31:32.500,1,1,6
2019-11-15 16:32:58.240,0,0,6
2019-11-15 16:31:44.000,1,1,6
2019-11-15 16:31:21.240,0,1,6
2019-11-15 16:31:39.000,0,1,6
2019-11-15 16:31:37.000,1,1,6
2019-11-15 16:35:45.500,0,1,6
2019-11-15 16:34:13.500,0,1,6
2019-11-15 16:31:26.740,0,1,6
2019-11-15 16:31:31.000,0,1,6
2019-11-15 16:32:52.000,1,0,6
2019-11-15 16:32:33.500,0,1,6
2019-11-15 16:31:43.740,1,1,6
2019-11-15 16:34:48.000,0,1,6
2019-11-15 16:34:44.500,0,1,6
2019-11-15 16:34:08.740,0,1,6
2019-11-15 16:31:53.740,0,1,6
2019-11-15 16:33:01.740,0,0,6
2019-11-15 16:35:32.240,1,0,6
2019-11-15 16:33:47.500,1,1,6
2019-11-15 16:32:44.000,0,0,6
2019-11-15 16:33:37.240,0,1,6
2019-11-15 16:32:33.000,0,1,6
2019-11-15 16:31:28.000,0,1,6
2019-11-15 16:31:20.000,0,1,6
2019-11-15 16:32:28.500,0,1,6
2019-11-15 16:32:17.740,0,1,6
2019-11-15 16:31:34.240,1,1,6
2019-11-15 16:31:25.000,0,1,6
2019-11-15 16:32:51.240,1,0,6
2019-11-15 16:32:22.500,0,1,6
2019-11-25 16:55:15.740,1,1,6
2019-11-25 16:59:54.740,0,1,6
2019-11-25 16:51:46.740,0,1,6
2019-11-25 17:00:44.740,0,0,6
2019-11-25 16:57:09.000,0,1,6
2019-11-25 16:53:31.240,1,1,6
2019-11-25 16:58:42.240,1,1,6
2019-11-25 16:56:40.240,0,1,6
2019-11-25 16:48:20.740,1,1,6
2019-11-25 17:00:07.740,1,0,6
2019-11-25 16:49:22.240,1,0,6
2019-11-25 16:50:02.000,0,1,6
2019-11-25 16:47:22.740,1,0,6
2019-11-25 16:47:52.000,1,0,6
2019-11-25 16:47:42.240,0,1,6
2019-11-25 16:54:12.500,0,1,6
2019-11-25 16:56:14.000,0,1,6
2019-11-25 16:47:46.740,0,0,6
2019-11-25 16:58:09.740,0,1,6
2019-11-25 16:47:00.500,0,1,6
2019-11-25 16:56:24.740,0,1,6
2019-11-25 16:57:58.500,1,1,6
2019-11-25 16:48:09.000,0,0,6
2019-11-25 16:58:42.500,0,0,6
2019-11-25 16:58:09.240,1,1,6
2019-11-25 16:50:40.000,1,1,6
2019-11-25 16:53:41.500,1,1,6
2019-11-25 16:49:05.740,1,1,6
2019-11-25 16:48:11.500,0,1,6
2019-11-25 16:47:47.500,1,0,6
2019-11-25 16:58:48.500,1,1,6
2019-11-25 16:51:25.000,1,1,6
2019-11-25 16:53:54.500,0,1,6
2019-11-25 16:51:57.740,0,1,6
2019-11-25 16:59:23.740,1,1,6
2019-11-25 17:00:46.240,0,0,6
2019-11-25 16:58:07.000,0,1,6
2019-11-25 16:52:14.740,0,1,6
2019-11-25 16:50:00.240,0,1,6
2019-11-25 16:55:25.000,0,1,6
2019-11-25 16:57:42.000,1,1,6
2019-11-25 16:48:08.500,0,1,6
2019-11-25 16:56:21.240,0,1,6
2019-11-25 16:56:39.240,0,1,6
2019-11-25 16:49:58.500,1,1,6
2019-11-25 16:49:43.240,0,0,6
2019-11-25 16:47:11.740,0,1,6
2019-11-25 16:58:36.740,0,1,6
2019-11-25 16:58:14.000,0,1,6
2019-11-25 16:56:36.500,0,1,6
2019-11-25 16:54:20.500,0,1,6
2019-11-25 16:55:56.500,0,1,6
2019-11-25 16:55:16.240,0,1,6
2019-11-25 16:58:21.500,0,1,6
2019-11-25 16:54:55.240,0,1,6
2019-11-25 16:57:25.240,0,1,6
2019-11-25 16:47:08.000,0,1,6
2019-11-25 16:49:40.240,0,0,6
2019-11-25 17:00:31.500,0,1,6
2019-11-25 16:52:17.500,1,0,6
2019-11-25 16:49:28.740,1,1,6
2019-11-25 16:48:27.740,1,1,6
2019-11-25 16:55:52.740,1,1,6
2019-11-25 16:51:21.240,0,1,6
2019-11-25 16:50:56.500,1,1,6
2019-11-25 16:58:12.240,0,0,6
2019-11-25 16:56:43.740,1,0,6
2019-11-25 16:50:42.500,0,1,6
2019-11-25 16:53:07.740,1,1,6
2019-11-25 16:57:25.740,1,1,6
2019-11-25 16:57:29.500,1,1,6
2019-11-25 16:47:37.000,0,1,6
2019-11-25 16:51:05.000,1,1,6
2019-11-25 16:54:39.000,0,1,6
2019-11-25 16:56:54.240,0,1,6
2019-11-25 16:51:17.000,0,1,6
2019-11-25 16:55:25.240,1,1,6
2019-11-25 17:00:48.240,0,1,6
2019-11-25 16:47:32.000,0,1,6
2019-11-25 16:59:35.240,1,1,6
2019-11-25 16:53:43.740,0,0,6
2019-11-25 16:47:01.240,1,0,6
2019-11-25 16:55:28.000,0,1,6
2019-11-25 16:55:53.500,1,1,6
2019-11-25 16:47:06.740,0,1,6
2019-11-25 16:59:53.000,0,1,6
2019-11-25 16:54:27.000,0,1,6
2019-11-25 16:48:29.500,1,1,6
2019-11-25 16:50:16.740,0,1,6
2019-11-25 16:56:13.500,1,1,6
2019-11-25 16:49:01.500,1,0,6
2019-11-25 16:50:13.500,1,1,6
2019-11-25 16:59:47.240,0,1,6
2019-11-25 16:53:38.000,0,1,6
2019-11-25 16:51:18.740,0,1,6
2019-11-25 16:59:16.000,0,1,6
2019-11-25 16:49:02.500,0,0,6
2019-11-25 16:58:29.240,1,1,6
2019-11-25 16:53:33.740,1,1,6
2019-11-25 16:50:06.500,0,1,6
2019-11-25 16:55:07.740,0,1,6
2019-11-25 16:51:28.000,0,1,6
2019-11-25 16:57:20.000,1,1,6
2019-11-25 16:53:45.740,0,0,6
2019-11-25 16:53:09.500,0,1,6
2019-11-25 17:00:46.740,0,1,6
2019-11-25 16:59:42.740,1,1,6
2019-11-25 16:59:12.500,0,1,6
2019-11-25 16:51:12.000,0,0,6
2019-11-25 16:56:50.240,0,1,6
2019-11-25 16:53:09.000,0,1,6
2019-11-25 16:48:54.740,0,0,6
2019-11-25 16:49:27.500,1,0,6
2019-11-25 16:54:15.000,0,1,6
2019-11-25 16:50:32.500,0,1,6
2019-11-25 16:58:53.240,0,1,6
2019-11-25 16:55:58.000,1,1,6
2019-11-25 16:48:48.740,0,1,6
2019-11-25 16:54:42.740,0,1,6
2019-11-25 16:48:30.240,0,1,6
2019-11-25 16:59:25.500,0,1,6
2019-11-25 16:52:43.500,1,0,6
2019-11-25 16:53:49.740,0,1,6
2019-11-25 16:47:28.740,0,1,6
2019-11-25 16:51:03.500,1,1,6
2019-11-25 16:51:03.740,1,1,6
2019-11-25 16:57:18.000,0,1,6
2019-11-26 16:54:50.000,1,1,6
2019-11-26 16:54:56.000,1,1,6
2019-11-26 16:55:56.240,0,0,6
2019-11-26 16:52:21.740,1,0,6
2019-11-26 16:57:02.000,0,0,6
2019-11-26 16:53:45.000,0,0,6
2019-11-26 16:53:51.500,1,1,6
2019-11-26 16:57:40.000,1,1,6
2019-11-26 16:55:16.240,1,1,6
2019-11-26 16:50:59.740,1,1,6
2019-11-26 16:55:25.000,0,1,6
2019-11-26 16:57:08.000,1,1,6
2019-11-26 16:52:16.240,1,0,6
2019-11-26 16:54:39.000,1,1,6
2019-11-26 16:57:04.500,1,1,6
2019-11-26 16:55:52.500,0,0,6
2019-11-26 16:54:46.240,1,1,6
2019-11-26 16:56:18.500,1,0,6
2019-11-26 16:51:12.240,1,0,6
2019-11-26 16:56:00.000,1,0,6
2019-11-26 16:51:10.000,1,1,6
2019-11-26 16:53:34.500,0,1,6
2019-11-26 16:55:57.000,0,0,6
2019-11-26 16:57:13.740,1,0,6
2019-11-26 16:51:02.240,0,1,6
2019-11-26 16:56:14.500,1,1,6
2019-11-26 16:53:56.740,1,0,6
2019-11-26 16:56:37.240,1,0,6
2019-11-26 16:53:49.240,1,0,6
2019-11-26 16:56:12.740,1,1,6
2019-11-26 16:51:33.240,1,1,6
2019-11-26 16:51:22.240,1,1,6
2019-11-26 16:52:03.000,0,1,6
2019-11-26 16:56:53.500,1,1,6
2019-11-26 16:54:06.240,1,1,6
2019-11-26 16:53:15.240,1,1,6
2019-11-26 16:56:11.000,1,1,6
2019-11-26 16:55:59.740,1,1,6
2019-11-26 16:54:54.240,1,1,6
2019-11-26 16:50:58.740,0,1,6
2019-11-26 16:55:17.240,1,0,6
2019-11-26 16:56:54.740,0,1,6
2019-11-26 16:57:09.240,0,1,6
2019-11-26 16:54:41.000,1,1,6
2019-11-26 16:55:55.740,0,0,6
2019-11-26 16:52:10.240,1,1,6
2019-11-26 16:53:52.240,1,1,6
2019-11-26 16:56:43.740,1,0,6
2019-11-26 16:52:57.500,1,1,6
2019-11-26 16:54:33.500,1,1,6
2019-11-26 16:50:58.240,1,0,6
2019-11-26 16:57:12.500,1,0,6
2019-11-26 16:56:22.240,0,0,6
2019-11-26 16:54:07.000,0,0,6
2019-11-26 16:57:01.740,0,1,6
2019-11-26 16:54:44.740,1,1,6
2019-11-26 16:52:56.500,1,1,6
2019-11-26 16:55:50.000,0,1,6
2019-11-26 16:50:52.500,1,0,6
2019-11-26 16:54:37.240,1,0,6
2019-11-26 16:55:12.500,1,1,6
2020-01-03 16:16:09.000,0,1,6
2020-01-03 16:20:23.000,0,0,6
2020-01-03 16:20:31.500,1,0,6
2020-01-03 16:16:31.740,1,1,6
2020-01-03 16:15:44.000,0,0,6
2020-01-03 16:17:20.240,0,0,6
2020-01-03 16:16:38.500,1,1,6
2020-01-03 16:15:51.000,0,0,6
2020-01-03 16:17:09.740,1,0,6
2020-01-03 16:15:45.240,1,0,6
2020-01-03 16:15:05.740,0,1,6
2020-01-03 16:17:11.740,1,1,6
2020-01-03 16:15:58.740,1,1,6
2020-01-03 16:21:09.240,1,0,6
2020-01-03 16:16:06.000,1,0,6
2020-01-03 16:15:27.000,0,1,6
2020-01-03 16:16:07.240,1,1,6
2020-01-03 16:20:42.740,1,0,6
2020-01-03 16:15:01.000,0,1,6
2020-01-03 16:15:46.500,1,1,6
2020-01-03 16:20:32.000,1,0,6
2020-01-03 16:16:48.240,1,1,6
2020-01-03 16:20:19.740,1,0,6
2020-01-03 16:15:05.500,1,0,6
2020-01-03 16:15:26.500,1,0,6
2020-01-03 16:15:39.000,0,0,6
2020-01-03 16:14:59.500,1,1,6
2020-01-03 16:21:00.000,1,0,6
2020-01-03 16:16:03.000,0,0,6
2020-01-16 12:26:21.500,0,0,6
2020-01-16 12:26:20.240,0,1,6
2020-01-16 12:24:22.500,0,1,6
2020-01-16 12:30:10.740,0,1,6
2020-01-16 12:25:43.740,1,0,6
2020-01-16 12:29:53.500,0,0,6
2020-01-16 12:24:30.000,0,1,6
2020-01-16 12:25:33.740,0,1,6
2020-01-16 12:23:48.500,0,0,6
2020-01-16 12:26:32.240,0,1,6
2020-01-16 12:26:00.740,0,1,6
2020-01-16 12:25:39.240,0,1,6
2020-01-16 12:24:35.740,0,1,6
2020-01-16 12:24:38.740,0,1,6
2020-01-16 12:25:17.500,0,1,6
2020-01-16 12:25:24.740,0,1,6
2020-01-16 12:25:24.000,0,1,6
2020-01-16 12:29:58.740,0,0,6
2020-01-16 12:23:39.240,0,0,6
2020-01-16 12:23:54.740,0,1,6
2020-01-16 12:24:34.500,0,1,6
2020-01-16 12:23:54.000,0,0,6
2020-01-16 12:25:59.000,1,1,6
2020-01-16 12:30:30.500,0,0,6
2020-01-16 12:26:23.500,0,1,6
2020-01-16 12:25:16.500,0,0,6
2020-01-16 12:26:14.240,0,0,6
2020-01-16 12:30:19.240,0,1,6
2020-01-16 12:24:19.500,0,1,6
2020-01-16 12:24:46.000,1,1,6
2020-01-16 12:23:42.500,0,0,6
2020-01-16 12:23:50.240,0,0,6
2020-01-16 12:25:37.240,0,1,6
2019-11-15 16:35:33.740,1,0,7
2019-11-15 16:35:04.500,0,1,7
2019-11-15 16:31:49.000,0,0,7
2019-11-15 16:32:28.500,0,1,7
2019-11-15 16:34:48.240,0,1,7
2019-11-15 16:33:21.500,1,1,7
2019-11-15 16:32:42.500,0,0,7
2019-11-15 16:31:52.740,0,1,7
2019-11-15 16:32:02.500,0,1,7
2019-11-15 16:31:23.000,0,1,7
2019-11-15 16:31:17.740,0,0,7
2019-11-15 16:32:38.000,1,1,7
2019-11-15 16:33:55.240,0,0,7
2019-11-15 16:34:59.000,0,1,7
2019-11-15 16:31:45.740,0,1,7
2019-11-15 16:33:56.740,0,1,7
2019-11-15 16:33:53.500,0,1,7
2019-11-15 16:32:24.000,0,1,7
2019-11-15 16:35:01.740,0,1,7
2019-11-15 16:31:39.000,0,1,7
2019-11-15 16:33:37.000,1,1,7
2019-11-15 16:32:28.240,0,1,7
2019-11-15 16:34:26.000,1,1,7
2019-11-15 16:35:35.500,1,0,7
2019-11-15 16:33:02.240,1,0,7
2019-11-15 16:33:47.240,1,1,7
2019-11-15 16:31:48.240,0,1,7
2019-11-15 16:31:25.000,0,1,7
2019-11-15 16:32:07.240,0,1,7
2019-11-15 16:31:56.240,0,1,7
2019-11-15 16:31:17.240,0,1,7
2019-11-15 16:33:53.740,1,1,7
2019-11-15 16:32:45.500,0,0,7
2019-11-15 16:34:39.500,1,0,7
2019-11-15 16:34:07.000,0,1,7
2019-11-15 16:32:31.000,0,1,7
2019-11-15 16:32:18.500,1,1,7
2019-11-15 16:32:12.740,0,1,7
2019-11-15 16:32:32.240,0,1,7
2019-11-15 16:34:37.240,0,1,7
2019-11-25 16:59:49.740,0,0,7
2019-11-25 16:55:00.500,0,1,7
2019-11-25 16:59:33.500,1,1,7
2019-11-25 16:59:15.740,1,1,7
2019-11-25 17:00:09.500,1,1,7
2019-11-25 16:59:23.000,0,1,7
2019-11-25 16:55:19.740,1,1,7
2019-11-25 16:58:03.500,1,0,7
2019-11-25 17:00:23.740,0,1,7
2019-11-25 16:53:41.740,1,1,7
2019-11-25 16:55:06.500,0,1,7
2019-11-25 16:47:26.500,1,1,7
2019-11-25 16:56:11.240,0,1,7
2019-11-25 16:52:25.240,1,1,7
2019-11-25 16:54:18.240,0,1,7
2019-11-25 16:56:07.740,1,1,7
2019-11-25 16:57:35.740,1,1,7
2019-11-25 16:57:22.740,1,1,7
2019-11-25 16:47:01.000,0,1,7
2019-11-25 16:49:17.240,0,1,7
2019-11-25 16:51:27.000,0,1,7
2019-11-25 16:58:27.000,0,1,7
2019-11-25 16:49:25.500,1,0,7
2019-11-25 16:50:09.740,0,1,7
2019-11-25 16:58:01.000,0,1,7
2019-11-25 16:48:59.240,1,0,7
2019-11-25 16:54:52.500,0,1,7
2019-11-25 16:54:30.740,1,1,7
2019-11-25 16:49:16.740,0,1,7
2019-11-25 16:58:02.500,0,0,7
2019-11-25 16:58:49.240,1,1,7
2019-11-25 16:50:52.000,0,0,7
2019-11-25 16:53:24.740,1,1,7
2019-11-25 16:58:24.740,1,1,7
2019-11-25 16:56:14.740,1,1,7
2019-11-25 16:57:15.000,0,1,7
2019-11-25 16:58:06.000,0,1,7
2019-11-25 16:47:24.240,1,0,7
2019-11-25 17:00:36.500,0,1,7
2019-11-25 16:46:59.500,0,1,7
2019-11-25 16:58:14.000,1,1,7
2019-11-25 17:00:16.000,0,1,7
2019-11-25 16:49:48.500,0,1,7
2019-11-25 16:56:11.000,1,1,7
2019-11-25 16:51:23.240,0,1,7
2019-11-25 16:55:53.000,0,1,7
2019-11-25 16:57:50.500,0,1,7
2019-11-25 16:49:51.740,1,1,7
2019-11-25 16:53:18.500,1,0,7
2019-11-25 17:00:48.240,0,1,7
2019-11-25 16:51:07.240,1,1,7
2019-11-25 16:50:17.240,1,1,7
2019-11-25 16:55:55.740,1,0,7
2019-11-25 16:50:29.740,0,1,7
2019-11-25 16:57:43.740,1,1,7
2019-11-25 16:58:33.500,0,1,7
2019-11-25 16:55:24.000,1,1,7
2019-11-25 16:54:54.240,0,1,7
2019-11-25 16:57:12.240,0,1,7
2019-11-25 16:49:47.500,1,1,7
2019-11-25 16:58:32.240,1,1,7
2019-11-25 16:49:38.500,0,1,7
2019-11-25 16:47:12.000,0,1,7
2019-11-25 16:57:31.240,1,1,7
2019-11-25 17:00:01.740,0,1,7
2019-11-25 16:52:03.740,0,0,7
2019-11-25 16:47:28.500,0,1,7
2019-11-25 16:56:13.740,1,1,7
2019-11-25 16:58:25.740,1,1,7
2019-11-25 16:54:31.240,1,1,7
2019-11-25 16:51:17.740,1,1,7
2019-11-25 16:56:51.740,0,1,7
2019-11-25 16:48:27.740,1,1,7
2019-11-25 16:53:46.740,0,1,7
2019-11-25 16:58:11.240,0,0,7
2019-11-25 16:47:37.500,0,1,7
2019-11-25 16:47:20.000,0,0,7
2019-11-25 16:47:44.000,0,1,7
2019-11-25 16:48:01.000,1,1,7
2019-11-25 16:51:34.500,1,1,7
2019-11-25 16:55:00.240,0,1,7
2019-11-25 16:51:56.740,0,1,7
2019-11-25 16:49:23.000,1,0,7
2019-11-25 16:57:10.240,1,1,7
2019-11-25 17:00:05.000,1,1,7
2019-11-25 16:50:44.500,0,1,7
2019-11-25 16:59:19.740,0,1,7
2019-11-25 16:54:16.740,1,1,7
2019-11-25 16:47:49.000,1,0,7
2019-11-25 16:47:02.240,0,1,7
2019-11-25 16:52:21.000,1,1,7
2019-11-25 16:55:08.740,0,1,7
2019-11-25 16:52:28.240,0,1,7
2019-11-25 16:50:21.000,1,1,7
2019-11-25 16:58:34.000,1,1,7
2019-11-25 17:00:28.740,1,0,7
2019-11-25 16:56:21.240,1,1,7
2019-11-25 16:58:30.500,0,1,7
2019-11-25 16:48:53.500,1,0,7
2019-11-25 16:57:52.240,1,1,7
2019-11-25 16:58:05.000,1,1,7
2019-11-25 16:57:42.500,0,1,7
2019-11-25 16:56:29.500,0,1,7
2019-11-25 16:59:49.240,0,1,7
2019-11-25 16:50:12.500,0,1,7
2019-11-25 16:58:40.000,0,1,7
2019-11-25 16:48:14.500,0,1,7
2019-11-25 16:49:59.500,0,1,7
2019-11-25 16:54:22.500,0,1,7
2019-11-25 16:49:34.240,1,0,7
2019-11-25 16:56:10.240,0,1,7
2019-11-25 16:59:48.000,0,1,7
2019-11-25 16:54:46.740,0,1,7
2019-11-25 16:51:54.500,0,1,7
2019-11-25 16:47:32.240,1,1,7
2019-11-25 16:57:39.500,0,1,7
2019-11-25 16:51:00.000,0,1,7
2019-11-25 16:52:08.000,0,0,7
2019-11-25 16:53:17.740,1,1,7
2019-11-25 16:57:32.000,0,1,7
2019-11-25 16:55:06.740,0,1,7
2019-11-25 16:57:45.500,0,1,7
2019-11-26 16:51:14.240,1,1,7
2019-11-26 16:50:58.240,1,0,7
2019-11-26 16:54:46.740,1,1,7
2019-11-26 16:50:55.240,1,1,7
2019-11-26 16:53:34.000,1,1,7
2019-11-26 16:50:55.500,1,1,7
2019-11-26 16:52:48.240,1,1,7
2019-11-26 16:54:12.240,1,1,7
2019-11-26 16:54:35.500,1,1,7
2019-11-26 16:54:39.240,0,1,7
2019-11-26 16:57:39.500,1,1,7
2019-11-26 16:52:04.500,1,1,7
2019-11-26 16:56:02.000,0,0,7
2019-11-26 16:53:48.500,1,1,7
2019-11-26 16:55:01.000,0,1,7
2019-11-26 16:54:08.000,1,1,7
2019-11-26 16:53:17.740,1,1,7
2019-11-26 16:57:37.000,0,1,7
2019-11-26 16:53:34.240,1,0,7
2019-11-26 16:51:49.240,1,0,7
2019-11-26 16:53:59.740,1,1,7
2019-11-26 16:54:00.000,1,1,7
2019-11-26 16:53:45.000,0,0,7
2019-11-26 16:56:57.000,0,0,7
2019-11-26 16:53:44.500,0,1,7
2019-11-26 16:54:57.740,1,1,7
2019-11-26 16:55:53.500,0,0,7
2019-11-26 16:51:36.240,0,1,7
2019-11-26 16:57:27.740,0,1,7
2019-11-26 16:55:23.240,1,1,7
2019-11-26 16:54:20.240,1,1,7
2019-11-26 16:56:32.240,0,1,7
2019-11-26 16:54:25.740,1,1,7
2019-11-26 16:54:05.500,1,0,7
2019-11-26 16:52:12.500,1,0,7
2019-11-26 16:55:53.000,0,0,7
2019-11-26 16:53:59.240,1,0,7
2019-11-26 16:55:26.500,1,1,7
2019-11-26 16:51:31.240,1,0,7
2019-11-26 16:53:18.240,0,1,7
2019-11-26 16:52:49.240,1,1,7
2019-11-26 16:56:20.240,1,0,7
2019-11-26 16:54:32.740,1,1,7
2019-11-26 16:56:19.500,1,1,7
2019-11-26 16:55:43.740,1,1,7
2019-11-26 16:57:01.500,0,1,7
2019-11-26 16:52:52.500,1,0,7
2019-11-26 16:52:57.000,1,0,7
2019-11-26 16:54:37.240,1,0,7
2019-11-26 16:52:47.740,1,1,7
2019-11-26 16:56:22.740,0,0,7
2019-11-26 16:55:32.740,1,1,7
2019-11-26 16:53:39.000,1,1,7
2020-01-03 16:21:12.240,0,0,7
2020-01-03 16:20:11.240,0,0,7
2020-01-03 16:20:54.500,1,0,7
2020-01-03 16:21:04.000,1,0,7
2020-01-03 16:16:23.000,1,1,7
2020-01-03 16:17:21.000,0,0,7
2020-01-03 16:20:49.500,1,0,7
2020-01-03 16:20:25.000,0,0,7
2020-01-03 16:21:02.500,1,0,7
2020-01-03 16:17:03.740,1,0,7
2020-01-03 16:16:41.240,0,0,7
2020-01-03 16:20:49.000,1,0,7
2020-01-03 16:15:04.500,0,0,7
2020-01-03 16:21:19.740,0,0,7
2020-01-03 16:15:44.740,0,1,7
2020-01-03 16:15:15.500,1,0,7
2020-01-03 16:16:19.500,1,0,7
2020-01-03 16:20:34.000,1,0,7
2020-01-03 16:17:10.740,0,1,7
2020-01-03 16:15:53.500,1,1,7
2020-01-03 16:15:31.000,1,1,7
2020-01-03 16:20:36.500,1,0,7
2020-01-03 16:16:17.000,0,0,7
2020-01-03 16:15:34.240,0,0,7
2020-01-03 16:16:52.500,1,1,7
2020-01-03 16:16:12.000,0,1,7
2020-01-03 16:21:12.000,0,0,7
2020-01-03 16:15:50.740,0,1,7
2020-01-03 16:15:18.000,1,0,7
2020-01-03 16:20:42.500,1,0,7
2020-01-03 16:15:57.740,1,0,7
2020-01-03 16:15:27.740,0,1,7
2020-01-03 16:21:16.000,0,0,7
2020-01-03 16:21:01.740,0,0,7
2020-01-03 16:16:09.740,0,0,7
2020-01-03 16:16:42.740,1,1,7
2020-01-03 16:20:20.000,0,1,7
2020-01-03 16:16:24.240,0,0,7
2020-01-03 16:16:39.240,1,1,7
2020-01-03 16:16:19.240,0,0,7
2020-01-16 12:25:44.000,0,0,7
2020-01-16 12:25:19.240,1,1,7
2020-01-16 12:30:14.500,0,1,7
2020-01-16 12:25:39.500,0,1,7
2020-01-16 12:26:18.500,0,0,7
2020-01-16 12:26:01.500,0,0,7
2020-01-16 12:24:59.500,0,1,7
2020-01-16 12:24:22.500,0,1,7
2020-01-16 12:23:47.500,0,0,7
2020-01-16 12:26:01.000,0,1,7
2020-01-16 12:25:08.000,0,0,7
2020-01-16 12:23:54.740,0,1,7
2020-01-16 12:26:32.740,0,1,7
2020-01-16 12:23:47.240,0,0,7
2020-01-16 12:24:47.000,1,1,7
2020-01-16 12:24:25.740,0,0,7
2020-01-16 12:30:17.740,0,1,7
2020-01-16 12:26:09.500,0,1,7
2020-01-16 12:24:54.240,0,1,7
2020-01-16 12:26:23.240,0,1,7
2020-01-16 12:25:06.000,0,1,7
2020-01-16 12:23:49.740,0,0,7
2020-01-16 12:24:55.740,0,1,7
2020-01-16 12:26:22.740,0,1,7
2020-01-16 12:30:07.500,0,0,7
2020-01-16 12:25:56.240,0,1,7
2020-01-16 12:25:01.000,1,1,7
2020-01-16 12:25:29.500,0,1,7
2020-01-16 12:24:23.000,0,1,7
2020-01-16 12:23:39.240,0,0,7
2020-01-16 12:26:29.240,0,1,7
2020-01-16 12:24:46.740,1,1,7
2020-01-16 12:24:36.740,0,1,7
2020-01-16 12:23:37.500,0,0,7
2020-01-16 12:25:17.000,0,0,7
2020-01-16 12:24:23.740,0,1,7
2020-01-16 12:30:34.240,0,1,7
2020-01-16 12:29:56.240,0,0,7
2020-01-16 12:29:59.500,0,0,7
2020-01-16 12:30:34.000,0,1,7
2020-01-16 12:24:49.500,0,1,7
2020-01-16 12:25:41.240,1,1,7
2019-11-15 16:33:32.240,1,1,8
2019-11-15 16:33:54.740,0,0,8
2019-11-15 16:33:38.000,0,1,8
2019-11-15 16:35:00.000,1,1,8
2019-11-15 16:34:51.500,0,1,8
2019-11-15 16:35:03.740,1,1,8
2019-11-15 16:31:16.500,0,1,8
2019-11-15 16:31:23.240,0,1,8
2019-11-15 16:33:16.740,1,0,8
2019-11-15 16:32:34.500,0,1,8
2019-11-15 16:35:46.240,1,0,8
2019-11-15 16:34:15.500,1,1,8
2019-11-15 16:33:49.000,0,1,8
2019-11-15 16:34:18.740,0,0,8
2019-11-15 16:31:15.740,0,1,8
2019-11-15 16:34:40.740,0,1,8
2019-11-15 16:33:39.000,1,1,8
2019-11-15 16:32:11.240,0,1,8
2019-11-15 16:34:50.500,1,1,8
2019-11-15 16:34:55.740,0,1,8
2019-11-15 16:33:18.500,0,1,8
2019-11-15 16:33:16.500,0,0,8
2019-11-15 16:34:06.000,1,0,8
2019-11-15 16:34:38.000,1,0,8
2019-11-15 16:34:24.240,1,1,8
2019-11-15 16:32:56.000,1,0,8
2019-11-15 16:32:48.240,1,0,8
2019-11-15 16:33:56.740,0,1,8
2019-11-15 16:34:41.000,0,0,8
2019-11-25 16:48:31.000,1,1,8
2019-11-25 16:58:51.000,0,1,8
2019-11-25 16:55:28.740,0,1,8
2019-11-25 17:00:19.740,0,1,8
2019-11-25 16:54:18.240,0,1,8
2019-11-25 16:57:25.000,0,1,8
2019-11-25 16:49:36.000,0,1,8
2019-11-25 16:47:45.740,1,1,8
2019-11-25 16:56:40.500,1,1,8
2019-11-25 16:57:11.240,1,1,8
2019-11-25 16:51:58.740,0,1,8
2019-11-25 16:51:54.740,1,1,8
2019-11-25 16:56:08.740,1,1,8
2019-11-25 17:00:46.000,0,1,8
2019-11-25 16:48:16.000,1,0,8
2019-11-25 16:51:15.240,1,0,8
2019-11-25 16:52:16.740,0,1,8
2019-11-25 17:00:24.740,0,1,8
2019-11-25 16:55:28.000,0,1,8
2019-11-25 16:50:59.740,0,1,8
2019-11-25 16:57:11.740,0,1,8
2019-11-25 16:49:29.740,0,0,8
2019-11-25 16:56:59.500,1,1,8
2019-11-25 17:00:48.000,0,1,8
2019-11-25 16:47:30.500,0,1,8
2019-11-25 16:48:14.000,1,1,8
2019-11-25 16:49:25.500,1,1,8
2019-11-25 16:54:13.000,0,1,8
2019-11-25 16:58:39.500,1,1,8
2019-11-25 16:47:05.740,0,1,8
2019-11-25 16:58:40.500,1,1,8
2019-11-25 16:57:12.240,1,1,8
2019-11-25 16:59:22.240,0,1,8
2019-11-25 16:55:04.500,0,1,8
2019-11-25 16:58:37.740,0,1,8
2019-11-25 16:52:09.740,0,1,8
2019-11-25 16:50:46.000,0,1,8
2019-11-25 16:57:32.240,0,1,8
2019-11-25 16:51:49.500,1,1,8
2019-11-25 16:55:02.000,0,1,8
2019-11-25 16:55:20.500,1,1,8
2019-11-25 16:56:40.740,1,1,8
2019-11-25 16:58:14.500,1,1,8
2019-11-25 16:56:36.500,0,1,8
2019-11-25 16:55:57.240,1,1,8
2019-11-25 16:55:35.240,0,1,8
2019-11-25 16:50:06.740,1,1,8
2019-11-25 16:56:55.000,0,1,8
2019-11-25 16:53:33.500,1,1,8
2019-11-25 16:55:45.240,0,1,8
2019-11-25 16:53:39.000,1,1,8
2019-11-25 16:58:44.740,0,1,8
2019-11-25 16:57:15.240,0,1,8
2019-11-25 16:57:28.000,1,1,8
2019-11-25 17:00:52.000,0,1,8
2019-11-25 16:47:16.740,0,1,8
2019-11-25 16:55:13.500,0,1,8
2019-11-25 16:55:27.240,0,1,8
2019-11-25 17:00:44.000,0,1,8
2019-11-25 16:58:42.500,0,0,8
2019-11-25 16:55:43.500,0,1,8
2019-11-25 16:59:33.240,0,1,8
2019-11-25 16:57:16.240,1,0,8
2019-11-25 17:00:46.740,0,1,8
2019-11-25 16:53:08.500,1,1,8
2019-11-25 16:50:20.240,1,1,8
2019-11-25 16:52:20.000,1,0,8
2019-11-25 16:50:13.240,1,1,8
2019-11-25 16:47:48.000,0,0,8
2019-11-25 16:55:19.740,1,1,8
2019-11-25 16:47:39.740,0,1,8
2019-11-25 16:58:11.500,1,1,8
2019-11-25 17:00:32.500,0,1,8
2019-11-25 16:50:15.500,0,1,8
2019-11-25 16:56:03.000,1,1,8
2019-11-25 16:49:51.000,1,1,8
2019-11-25 16:57:30.740,1,1,8
2019-11-25 16:59:37.500,0,1,8
2019-11-25 16:50:19.000,1,1,8
2019-11-25 16:49:49.000,1,1,8
2019-11-25 16:57:23.000,1,1,8
2019-11-25 17:00:24.000,0,1,8
2019-11-25 16:54:50.240,0,1,8
2019-11-25 16:58:42.740,0,1,8
2019-11-25 16:54:15.500,0,1,8
2019-11-25 16:57:59.000,1,1,8
2019-11-25 16:50:42.500,0,1,8
2019-11-25 16:55:15.740,1,1,8
2019-11-25 16:48:53.000,0,0,8
2019-11-25 16:49:26.500,0,0,8
2019-11-25 16:50:14.240,1,1,8
2019-11-25 16:56:26.000,0,1,8
2019-11-25 16:48:25.740,1,1,8
2019-11-25 16:54:02.000,0,1,8
2019-11-25 16:59:21.000,1,0,8
2019-11-25 16:53:08.740,1,1,8
2019-11-25 16:58:47.000,0,1,8
2019-11-25 16:56:52.000,0,1,8
2019-11-25 16:53:45.500,0,0,8
2019-11-25 16:53:58.240,0,1,8
2019-11-25 16:49:36.740,0,1,8
2019-11-25 16:56:18.240,0,1,8
2019-11-25 16:56:06.000,1,1,8
2019-11-25 17:00:26.240,0,1,8
2019-11-25 16:57:19.500,0,0,8
2019-11-25 16:52:08.240,0,1,8
2019-11-25 16:49:29.240,1,0,8
2019-11-25 16:49:09.240,1,1,8
2019-11-25 16:57:46.740,1,1,8
2019-11-25 16:55:46.740,0,1,8
2019-11-25 16:48:19.740,0,0,8
2019-11-25 16:55:18.740,1,1,8
2019-11-26 16:55:32.240,1,1,8
2019-11-26 16:56:24.500,0,0,8
2019-11-26 16:51:53.240,0,1,8
2019-11-26 16:53:47.240,0,1,8
2019-11-26 16:55:08.500,1,1,8
2019-11-26 16:54:20.240,1,1,8
2019-11-26 16:56:35.740,1,0,8
2019-11-26 16:56:49.240,1,1,8
2019-11-26 16:56:12.000,1,0,8
2019-11-26 16:56:55.740,1,0,8
2019-11-26 16:55:30.500,1,0,8
2019-11-26 16:55:24.500,1,1,8
2019-11-26 16:55:45.000,0,0,8
2019-11-26 16:54:24.000,1,1,8
2019-11-26 16:53:09.500,0,1,8
2019-11-26 16:53:23.240,0,1,8
2019-11-26 16:57:27.240,0,1,8
2019-11-26 16:51:26.240,0,1,8
2019-11-26 16:53:57.500,1,1,8
2019-11-26 16:57:22.000,1,1,8
2019-11-26 16:51:02.240,0,1,8
2019-11-26 16:56:08.500,0,1,8
2019-11-26 16:56:49.740,1,1,8
2019-11-26 16:54:54.240,1,1,8
2019-11-26 16:52:13.000,1,1,8
2019-11-26 16:57:09.500,1,0,8
2019-11-26 16:54:22.740,1,1,8
2019-11-26 16:54:37.240,1,0,8
2019-11-26 16:57:03.500,0,1,8
2019-11-26 16:51:01.000,1,0,8
2019-11-26 16:56:02.500,0,0,8
2019-11-26 16:54:56.000,1,1,8
2019-11-26 16:56:29.740,1,0,8
2019-11-26 16:52:12.740,1,1,8
2019-11-26 16:57:21.000,0,1,8
2019-11-26 16:57:28.500,0,0,8
2019-11-26 16:54:50.740,1,1,8
2019-11-26 16:50:55.240,1,1,8
2019-11-26 16:55:34.240,0,1,8
2019-11-26 16:55:49.240,0,0,8
2019-11-26 16:53:32.240,1,0,8
2019-11-26 16:56:20.500,0,1,8
2019-11-26 16:56:27.240,0,1,8
2019-11-26 16:51:53.500,1,0,8
2019-11-26 16:53:00.500,1,0,8
2019-11-26 16:57:23.000,1,1,8
2019-11-26 16:54:11.000,0,1,8
2019-11-26 16:57:45.300,0,1,8
2019-11-26 16:55:03.740,1,1,8
2019-11-26 16:56:26.740,0,1,8
2019-11-26 16:53:38.000,1,0,8
2019-11-26 16:57:09.740,0,0,8
2019-11-26 16:52:05.000,1,1,8
2019-11-26 16:56:13.000,1,1,8
2019-11-26 16:56:52.000,1,1,8
2019-11-26 16:54:54.500,1,1,8
2019-11-26 16:52:20.000,1,1,8
2019-11-26 16:51:17.500,1,0,8
2019-11-26 16:56:27.000,1,1,8
2020-01-03 16:15:25.740,1,1,8
2020-01-03 16:15:24.000,1,0,8
2020-01-03 16:17:09.000,0,1,8
2020-01-03 16:15:11.000,1,0,8
2020-01-03 16:16:36.000,1,1,8
2020-01-03 16:15:43.740,0,0,8
2020-01-03 16:15:14.500,1,0,8
2020-01-03 16:20:12.500,0,0,8
2020-01-03 16:16:35.000,1,0,8
2020-01-03 16:21:14.000,0,0,8
2020-01-03 16:20:54.740,1,0,8
2020-01-03 16:20:47.240,1,1,8
2020-01-03 16:15:02.240,1,0,8
2020-01-03 16:20:18.240,0,0,8
2020-01-03 16:16:25.500,1,1,8
2020-01-03 16:16:55.500,1,1,8
2020-01-03 16:20:41.500,1,0,8
2020-01-03 16:15:20.500,1,0,8
2020-01-03 16:17:11.240,0,0,8
2020-01-03 16:20:51.240,1,0,8
2020-01-03 16:15:48.740,0,0,8
2020-01-03 16:15:13.240,1,0,8
2020-01-03 16:20:29.240,1,0,8
2020-01-03 16:15:21.740,1,0,8
2020-01-03 16:15:26.240,0,0,8
2020-01-03 16:15:55.000,1,1,8
2020-01-03 16:20:37.240,1,0,8
2020-01-03 16:21:19.000,0,0,8
2020-01-03 16:20:43.240,1,0,8
2020-01-03 16:20:31.500,1,0,8
2020-01-03 16:17:11.500,1,1,8
2020-01-16 12:29:56.500,0,0,8
2020-01-16 12:26:31.000,0,1,8
2020-01-16 12:23:44.000,0,0,8
2020-01-16 12:30:13.240,0,0,8
2020-01-16 12:23:47.500,0,0,8
2020-01-16 12:25:22.500,0,1,8
2020-01-16 12:30:22.740,0,1,8
2020-01-16 12:24:54.000,0,1,8
2020-01-16 12:25:21.240,0,1,8
2020-01-16 12:30:03.240,0,0,8
2020-01-16 12:26:01.000,0,1,8
2020-01-16 12:26:35.240,0,0,8
2020-01-16 12:24:24.500,0,1,8
2020-01-16 12:30:23.500,0,0,8
2020-01-16 12:23:59.740,0,0,8
2020-01-16 12:24:51.500,1,0,8
2020-01-16 12:26:24.740,0,1,8
2020-01-16 12:30:09.240,0,1,8
2020-01-16 12:26:04.740,0,1,8
2020-01-16 12:24:34.000,0,1,8
2020-01-16 12:24:23.500,0,1,8
2020-01-16 12:26:01.240,0,1,8
2020-01-16 12:25:08.000,0,0,8
2020-01-16 12:30:26.740,0,1,8
2020-01-16 12:30:28.500,0,0,8
2020-01-16 12:24:45.240,1,1,8
2020-01-16 12:23:41.000,0,0,8
2020-01-16 12:24:49.500,1,1,8
2020-01-16 12:30:07.740,0,1,8
2020-01-16 12:24:53.000,0,1,8
2020-01-16 12:25:37.240,0,1,8
2020-01-16 12:26:16.240,0,1,8
2020-01-16 12:26:11.240,0,1,8
2020-01-16 12:25:19.500,0,1,8
2020-01-16 12:24:48.500,0,1,8
2020-01-16 12:24:32.240,0,1,8
2020-01-16 12:30:21.740,0,1,8
2019-11-15 16:31:18.240,0,0,9
2019-11-15 16:35:49.000,1,1,9
2019-11-15 16:34:43.740,0,1,9
2019-11-15 16:32:57.500,1,0,9
2019-11-15 16:33:59.500,1,0,9
2019-11-15 16:32:22.500,0,1,9
2019-11-15 16:31:53.740,0,1,9
2019-11-15 16:32:58.500,1,0,9
2019-11-15 16:34:47.500,1,0,9
2019-11-15 16:31:25.240,0,1,9
2019-11-15 16:35:42.500,1,0,9
2019-11-15 16:32:40.740,1,1,9
2019-11-15 16:34:45.740,0,1,9
2019-11-15 16:34:48.740,0,1,9
2019-11-15 16:33:51.740,1,1,9
2019-11-15 16:31:18.500,1,1,9
2019-11-15 16:34:51.240,0,1,9
2019-11-15 16:31:49.240,1,1,9
2019-11-15 16:33:20.740,0,1,9
2019-11-15 16:32:38.000,1,1,9
2019-11-15 16:31:33.240,1,0,9
2019-11-15 16:31:58.740,0,1,9
2019-11-15 16:35:49.240,1,1,9
2019-11-15 16:34:48.500,1,0,9
2019-11-15 16:33:45.740,0,1,9
2019-11-15 16:31:44.740,0,1,9
2019-11-15 16:35:03.240,1,0,9
2019-11-15 16:32:19.740,1,1,9
2019-11-15 16:34:39.500,1,0,9
2019-11-15 16:33:01.240,1,0,9
2019-11-15 16:33:42.500,0,1,9
2019-11-15 16:31:37.240,1,1,9
2019-11-15 16:31:50.500,0,1,9
2019-11-15 16:34:24.240,1,0,9
2019-11-25 16:50:01.740,0,0,9
2019-11-25 16:54:19.240,0,1,9
2019-11-25 16:47:48.500,0,0,9
2019-11-25 16:55:43.740,1,1,9
2019-11-25 16:58:02.240,1,1,9
2019-11-25 16:50:38.240,0,1,9
2019-11-25 16:53:24.500,1,1,9
2019-11-25 16:49:08.500,0,1,9
2019-11-25 16:47:09.240,1,1,9
2019-11-25 16:55:20.740,1,1,9
2019-11-25 16:50:33.000,0,1,9
2019-11-25 16:52:08.500,0,1,9
2019-11-25 16:57:32.000,0,1,9
2019-11-25 16:51:04.000,0,1,9
2019-11-25 16:48:57.500,1,0,9
2019-11-25 17:00:32.240,0,1,9
2019-11-25 16:54:52.500,1,1,9
2019-11-25 16:48:25.500,1,1,9
2019-11-25 16:58:36.240,0,0,9
2019-11-25 16:52:20.000,1,0,9
2019-11-25 16:54:46.500,0,1,9
2019-11-25 16:50:51.500,1,1,9
2019-11-25 16:59:18.740,1,0,9
2019-11-25 16:53:32.240,0,1,9
2019-11-25 16:55:24.500,0,1,9
2019-11-25 16:47:56.500,1,0,9
2019-11-25 16:59:51.740,0,0,9
2019-11-25 16:55:01.740,1,1,9
2019-11-25 16:58:39.500,0,1,9
2019-11-25 16:50:08.500,0,1,9
2019-11-25 16:52:35.240,1,1,9
2019-11-25 16:53:28.000,0,1,9
2019-11-25 16:57:53.000,1,1,9
2019-11-25 16:56:47.240,1,1,9
2019-11-25 16:59:52.740,0,0,9
2019-11-25 16:58:47.000,0,1,9
2019-11-25 16:48:14.500,0,1,9
2019-11-25 16:47:49.740,1,0,9
2019-11-25 16:52:11.500,0,0,9
2019-11-25 16:50:57.740,1,1,9
2019-11-25 16:50:54.240,0,1,9
2019-11-25 16:55:54.000,0,1,9
2019-11-25 16:53:35.000,0,1,9
2019-11-25 16:48:04.240,0,0,9
2019-11-25 16:50:04.740,0,1,9
2019-11-25 16:55:51.000,1,1,9
2019-11-25 16:47:01.500,1,0,9
2019-11-25 16:52:15.000,0,0,9
2019-11-25 16:58:29.000,0,1,9
2019-11-25 16:48:51.500,0,1,9
2019-11-25 16:59:46.740,0,1,9
2019-11-25 17:00:02.500,1,1,9
2019-11-25 16:55:37.000,0,1,9
2019-11-25 16:59:41.500,1,1,9
2019-11-25 16:55:14.740,0,1,9
2019-11-25 17:00:30.240,1,1,9
2019-11-25 16:58:01.500,0,1,9
2019-11-25 16:47:33.240,0,1,9
2019-11-25 16:48:17.000,0,1,9
2019-11-25 16:48:00.500,0,0,9
2019-11-25 16:47:55.240,1,0,9
2019-11-25 16:55:02.000,0,1,9
2019-11-25 16:51:19.240,0,1,9
2019-11-25 16:59:38.740,0,1,9
2019-11-25 16:57:56.740,0,1,9
2019-11-25 16:47:59.000,1,0,9
2019-11-25 16:59:28.240,1,0,9
2019-11-25 16:59:32.000,0,0,9
2019-11-25 16:57:12.500,0,1,9
2019-11-25 16:48:16.000,0,0,9
2019-11-25 16:56:39.000,1,1,9
2019-11-25 16:59:43.000,1,1,9
2019-11-25 16:54:24.740,0,1,9
2019-11-25 16:54:16.000,0,1,9
2019-11-25 16:58:38.240,1,1,9
2019-11-25 16:55:52.500,0,1,9
2019-11-25 16:47:41.240,0,0,9
2019-11-25 16:48:13.240,1,1,9
2019-11-25 16:58:43.740,1,1,9
2019-11-25 16:56:50.240,0,1,9
2019-11-25 16:52:21.240,1,1,9
2019-11-25 16:49:04.240,0,0,9
2019-11-25 16:48:49.240,0,1,9
2019-11-25 16:58:37.500,0,1,9
2019-11-25 16:48:59.000,1,0,9
2019-11-25 16:48:17.500,0,0,9
2019-11-25 17:00:25.000,0,1,9
2019-11-25 16:54:41.740,0,1,9
2019-11-25 16:56:27.000,0,1,9
2019-11-25 16:53:18.000,0,1,9
2019-11-25 16:53:55.740,0,0,9
2019-11-25 17:00:33.240,1,1,9
2019-11-25 16:58:45.740,1,1,9
2019-11-25 16:58:35.240,1,1,9
2019-11-25 16:51:07.740,1,1,9
2019-11-25 16:58:22.740,1,1,9
2019-11-25 16:58:32.240,1,1,9
2019-11-25 17:00:47.500,1,1,9
2019-11-25 16:49:09.740,1,1,9
2019-11-25 16:57:41.740,0,0,9
2019-11-25 16:58:06.500,0,1,9
2019-11-25 16:58:29.240,1,1,9
2019-11-25 16:47:43.500,0,1,9
2019-11-25 16:50:07.240,1,1,9
2019-11-25 16:58:08.740,0,1,9
2019-11-25 16:51:17.240,0,1,9
2019-11-25 16:59:21.240,0,1,9
2019-11-25 16:47:13.500,0,1,9
2019-11-25 16:53:39.740,1,1,9
2019-11-25 16:47:42.740,0,1,9
2019-11-25 16:53:58.240,0,1,9
2019-11-25 16:51:15.000,0,1,9
2019-11-25 16:55:05.240,0,1,9
2019-11-25 16:52:40.500,0,1,9
2019-11-25 16:54:54.500,0,1,9
2019-11-25 17:00:29.240,1,1,9
2019-11-25 17:00:03.500,1,1,9
2019-11-25 16:50:06.000,0,1,9
2019-11-25 16:58:14.000,1,1,9
2019-11-25 16:57:45.240,1,1,9
2019-11-25 17:00:22.240,0,0,9
2019-11-25 16:56:35.000,1,1,9
2019-11-25 16:49:16.740,0,1,9
2019-11-25 16:54:22.000,1,1,9
2019-11-25 16:57:09.000,0,1,9
2019-11-25 16:47:27.000,1,1,9
2019-11-25 16:52:39.500,0,1,9
2019-11-25 16:55:04.240,0,1,9
2019-11-26 16:57:35.240,1,0,9
2019-11-26 16:51:44.240,0,1,9
2019-11-26 16:51:24.000,1,0,9
2019-11-26 16:52:01.500,1,1,9
2019-11-26 16:57:17.240,1,1,9
2019-11-26 16:51:02.500,1,0,9
2019-11-26 16:57:22.240,0,1,9
2019-11-26 16:51:20.740,1,0,9
2019-11-26 16:51:19.240,0,0,9
2019-11-26 16:54:01.240,1,1,9
2019-11-26 16:55:05.500,1,1,9
2019-11-26 16:54:00.240,0,0,9
2019-11-26 16:56:38.000,1,1,9
2019-11-26 16:55:51.240,0,0,9
2019-11-26 16:54:32.500,0,0,9
2019-11-26 16:51:21.740,1,1,9
2019-11-26 16:55:48.500,0,0,9
2019-11-26 16:55:53.500,0,0,9
2019-11-26 16:57:42.240,0,0,9
2019-11-26 16:53:02.000,1,0,9
2019-11-26 16:52:56.000,1,0,9
2019-11-26 16:55:00.740,1,1,9
2019-11-26 16:54:05.000,1,1,9
2019-11-26 16:55:47.240,0,0,9
2019-11-26 16:50:58.000,1,1,9
2019-11-26 16:57:27.240,0,1,9
2019-11-26 16:54:55.240,1,1,9
2019-11-26 16:54:06.740,0,1,9
2019-11-26 16:55:32.000,0,1,9
2019-11-26 16:51:12.000,1,0,9
2019-11-26 16:51:13.240,1,1,9
2019-11-26 16:56:31.740,1,0,9
2019-11-26 16:57:14.000,1,1,9
2019-11-26 16:54:28.500,1,1,9
2019-11-26 16:53:58.740,1,0,9
2019-11-26 16:54:01.500,1,0,9
2019-11-26 16:51:33.240,1,1,9
2019-11-26 16:52:23.740,0,0,9
2019-11-26 16:53:04.500,0,0,9
2019-11-26 16:52:15.240,1,1,9
2019-11-26 16:53:48.240,0,1,9
2019-11-26 16:53:59.240,1,0,9
2019-11-26 16:51:51.000,1,0,9
2019-11-26 16:55:19.740,1,1,9
2019-11-26 16:57:13.240,1,0,9
2019-11-26 16:55:02.500,0,1,9
2019-11-26 16:55:48.740,1,1,9
2019-11-26 16:55:46.500,0,0,9
2019-11-26 16:53:30.000,1,0,9
2019-11-26 16:51:20.000,0,0,9
2019-11-26 16:53:08.240,0,1,9
2019-11-26 16:57:03.240,1,1,9
2019-11-26 16:53:22.500,0,0,9
2019-11-26 16:51:39.740,1,1,9
2019-11-26 16:51:56.500,1,1,9
2019-11-26 16:53:36.740,1,1,9
2019-11-26 16:53:31.240,0,1,9
2019-11-26 16:56:54.500,0,1,9
2019-11-26 16:52:51.500,1,1,9
2019-11-26 16:51:52.000,1,1,9
2019-11-26 16:56:09.000,1,1,9
2019-11-26 16:55:15.000,1,0,9
2019-11-26 16:55:52.740,0,1,9
2020-01-03 16:15:09.240,1,1,9
2020-01-03 16:21:01.240,1,0,9
2020-01-03 16:15:13.500,1,0,9
2020-01-03 16:17:04.000,1,0,9
2020-01-03 16:20:52.500,1,0,9
2020-01-03 16:16:11.740,1,0,9
2020-01-03 16:21:04.740,1,0,9
2020-01-03 16:16:16.000,1,0,9
2020-01-03 16:21:21.000,0,1,9
2020-01-03 16:17:22.500,1,1,9
2020-01-03 16:15:05.500,1,0,9
2020-01-03 16:16:38.500,1,1,9
2020-01-03 16:17:12.500,1,0,9
2020-01-03 16:16:46.240,1,0,9
2020-01-03 16:15:05.240,1,1,9
2020-01-03 16:16:47.500,1,1,9
2020-01-03 16:16:57.500,1,1,9
2020-01-03 16:15:27.740,0,1,9
2020-01-03 16:15:51.500,0,1,9
2020-01-03 16:21:27.240,0,0,9
2020-01-03 16:15:06.000,1,1,9
2020-01-03 16:21:19.240,0,1,9
2020-01-03 16:21:15.240,0,0,9
2020-01-03 16:20:18.000,0,0,9
2020-01-03 16:21:18.740,0,0,9
2020-01-03 16:15:40.500,1,0,9
2020-01-03 16:16:10.740,1,1,9
2020-01-03 16:17:19.240,1,1,9
2020-01-03 16:20:28.500,1,0,9
2020-01-03 16:17:17.000,1,0,9
2020-01-03 16:15:36.240,1,0,9
2020-01-03 16:15:57.240,1,0,9
2020-01-03 16:16:23.500,1,1,9
2020-01-03 16:16:18.500,1,1,9
2020-01-03 16:17:07.240,1,1,9
2020-01-16 12:29:52.740,0,0,9
2020-01-16 12:30:38.500,0,1,9
2020-01-16 12:30:30.240,0,0,9
2020-01-16 12:24:19.240,0,1,9
2020-01-16 12:30:26.240,0,1,9
2020-01-16 12:30:32.000,0,1,9
2020-01-16 12:24:37.000,0,1,9
2020-01-16 12:24:30.000,0,0,9
2020-01-16 12:23:39.000,0,0,9
2020-01-16 12:25:44.740,0,0,9
2020-01-16 12:25:08.740,0,0,9
2020-01-16 12:23:50.000,0,0,9
2020-01-16 12:30:28.500,0,0,9
2020-01-16 12:29:54.240,0,0,9
2020-01-16 12:24:49.000,0,1,9
2020-01-16 12:24:21.000,0,0,9
2020-01-16 12:25:40.000,1,1,9
2020-01-16 12:26:13.500,0,1,9
2020-01-16 12:24:26.000,0,1,9
2020-01-16 12:23:36.000,0,0,9
2020-01-16 12:26:14.240,0,0,9
2020-01-16 12:23:43.500,0,1,9
2020-01-16 12:23:58.500,0,0,9
2020-01-16 12:30:38.240,0,0,9
2020-01-16 12:30:06.500,0,0,9
2020-01-16 12:25:31.000,0,1,9
2020-01-16 12:29:57.500,0,0,9
2020-01-16 12:26:11.500,0,1,9
2020-01-16 12:30:24.000,0,0,9
2020-01-16 12:25:50.240,0,0,9
2020-01-16 12:30:16.000,0,1,9
2020-01-16 12:25:20.240,0,0,9
2020-01-16 12:29:59.500,0,0,9
2020-01-16 12:26:19.240,0,1,9
2020-01-16 12:26:28.500,0,1,9
2020-01-16 12:24:44.500,1,1,9
2020-01-16 12:24:01.740,0,1,9
2020-01-16 12:30:16.240,0,1,9
2020-01-16 12:24:40.500,0,1,9
2020-01-16 12:30:18.000,0,1,9
2020-01-16 12:26:25.240,0,1,9
