time,counts_left,counts_right,r,l
2019-11-15 16:31:15,0.0,0.0,0.0,0.0
2019-11-15 16:31:16,0.0,0.0,0.0,0.0
2019-11-15 16:31:17,0.0,0.0,0.0,0.0
2019-11-15 16:31:18,0.0,0.0,0.0,0.0
2019-11-15 16:31:19,200.0,134.0,1.0,1.0
2019-11-15 16:31:20,184.0,153.0,1.0,1.0
2019-11-15 16:31:21,131.0,144.0,1.0,1.0
2019-11-15 16:31:22,90.0,121.0,1.0,1.0
2019-11-15 16:31:23,60.0,86.0,1.0,1.0
2019-11-15 16:31:24,27.0,67.0,1.0,1.0
2019-11-15 16:31:25,14.0,64.0,1.0,1.0
2019-11-15 16:31:26,2.0,56.0,1.0,1.0
2019-11-15 16:31:27,0.0,55.0,1.0,0.0
2019-11-15 16:31:28,0.0,59.0,1.0,0.0
2019-11-15 16:31:29,0.0,49.0,1.0,0.0
2019-11-15 16:31:30,0.0,28.0,1.0,0.0
2019-11-15 16:31:31,0.0,21.0,1.0,0.0
2019-11-15 16:31:32,0.0,23.0,1.0,0.0
2019-11-15 16:31:33,3.0,19.0,1.0,1.0
2019-11-15 16:31:34,7.0,19.0,1.0,1.0
2019-11-15 16:31:35,15.0,17.0,1.0,1.0
2019-11-15 16:31:36,26.0,8.0,1.0,1.0
2019-11-15 16:31:37,28.0,2.0,1.0,1.0
2019-11-15 16:31:38,32.0,0.0,0.0,1.0
2019-11-15 16:31:39,53.0,1.0,1.0,1.0
2019-11-15 16:31:40,63.0,3.0,1.0,1.0
2019-11-15 16:31:41,64.0,14.0,1.0,1.0
2019-11-15 16:31:42,75.0,24.0,1.0,1.0
2019-11-15 16:31:43,69.0,32.0,1.0,1.0
2019-11-15 16:31:44,46.0,38.0,1.0,1.0
2019-11-15 16:31:45,32.0,39.0,1.0,1.0
2019-11-15 16:31:46,29.0,33.0,1.0,1.0
2019-11-15 16:31:47,20.0,34.0,1.0,1.0
2019-11-15 16:31:48,47.0,49.0,1.0,1.0
2019-11-15 16:31:49,71.0,69.0,1.0,1.0
2019-11-15 16:31:50,69.0,74.0,1.0,1.0
2019-11-15 16:31:51,75.0,73.0,1.0,1.0
2019-11-15 16:31:52,71.0,66.0,1.0,1.0
2019-11-15 16:31:53,46.0,53.0,1.0,1.0
2019-11-15 16:31:54,20.0,34.0,1.0,1.0
2019-11-15 16:31:55,17.0,30.0,1.0,1.0
2019-11-15 16:31:56,8.0,38.0,1.0,1.0
2019-11-15 16:31:57,16.0,43.0,1.0,1.0
2019-11-15 16:31:58,16.0,57.0,1.0,1.0
2019-11-15 16:31:59,16.0,74.0,1.0,1.0
2019-11-15 16:32:00,17.0,75.0,1.0,1.0
2019-11-15 16:32:01,12.0,83.0,1.0,1.0
2019-11-15 16:32:02,3.0,84.0,1.0,1.0
2019-11-15 16:32:03,1.0,69.0,1.0,1.0
2019-11-15 16:32:04,1.0,59.0,1.0,1.0
2019-11-15 16:32:05,0.0,73.0,1.0,0.0
2019-11-15 16:32:06,0.0,63.0,1.0,0.0
2019-11-15 16:32:07,0.0,54.0,1.0,0.0
2019-11-15 16:32:08,0.0,50.0,1.0,0.0
2019-11-15 16:32:09,0.0,44.0,1.0,0.0
2019-11-15 16:32:10,1.0,33.0,1.0,1.0
2019-11-15 16:32:11,1.0,28.0,1.0,1.0
2019-11-15 16:32:12,1.0,31.0,1.0,1.0
2019-11-15 16:32:13,1.0,34.0,1.0,1.0
2019-11-15 16:32:14,1.0,37.0,1.0,1.0
2019-11-15 16:32:15,0.0,38.0,1.0,0.0
2019-11-15 16:32:16,1.0,38.0,1.0,1.0
2019-11-15 16:32:17,1.0,39.0,1.0,1.0
2019-11-15 16:32:18,1.0,44.0,1.0,1.0
2019-11-15 16:32:19,4.0,41.0,1.0,1.0
2019-11-15 16:32:20,5.0,53.0,1.0,1.0
2019-11-15 16:32:21,9.0,72.0,1.0,1.0
2019-11-15 16:32:22,18.0,74.0,1.0,1.0
2019-11-15 16:32:23,27.0,73.0,1.0,1.0
2019-11-15 16:32:24,34.0,71.0,1.0,1.0
2019-11-15 16:32:25,40.0,61.0,1.0,1.0
2019-11-15 16:32:26,35.0,54.0,1.0,1.0
2019-11-15 16:32:27,26.0,61.0,1.0,1.0
2019-11-15 16:32:28,17.0,57.0,1.0,1.0
2019-11-15 16:32:29,7.0,60.0,1.0,1.0
2019-11-15 16:32:30,0.0,63.0,1.0,0.0
2019-11-15 16:32:31,0.0,60.0,1.0,0.0
2019-11-15 16:32:32,1.0,59.0,1.0,1.0
2019-11-15 16:32:33,1.0,62.0,1.0,1.0
2019-11-15 16:32:34,1.0,57.0,1.0,1.0
2019-11-15 16:32:35,1.0,55.0,1.0,1.0
2019-11-15 16:32:36,1.0,49.0,1.0,1.0
2019-11-15 16:32:37,0.0,42.0,1.0,0.0
2019-11-15 16:32:38,0.0,41.0,1.0,0.0
2019-11-15 16:32:39,1.0,39.0,1.0,1.0
2019-11-15 16:32:40,6.0,40.0,1.0,1.0
2019-11-15 16:32:41,19.0,53.0,1.0,1.0
2019-11-15 16:32:42,35.0,70.0,1.0,1.0
2019-11-15 16:32:43,40.0,64.0,1.0,1.0
2019-11-15 16:32:44,46.0,61.0,1.0,1.0
2019-11-15 16:32:45,44.0,47.0,1.0,1.0
2019-11-15 16:32:46,33.0,30.0,1.0,1.0
2019-11-15 16:32:47,17.0,8.0,1.0,1.0
2019-11-15 16:32:48,13.0,5.0,1.0,1.0
2019-11-15 16:32:49,8.0,4.0,1.0,1.0
2019-11-15 16:32:50,5.0,3.0,1.0,1.0
2019-11-15 16:32:51,3.0,1.0,1.0,1.0
2019-11-15 16:32:52,2.0,1.0,1.0,1.0
2019-11-15 16:32:53,2.0,1.0,1.0,1.0
2019-11-15 16:32:54,0.0,1.0,1.0,0.0
2019-11-15 16:32:55,0.0,1.0,1.0,0.0
2019-11-15 16:32:56,1.0,0.0,0.0,1.0
2019-11-15 16:32:57,1.0,0.0,0.0,1.0
2019-11-15 16:32:58,1.0,0.0,0.0,1.0
2019-11-15 16:32:59,2.0,0.0,0.0,1.0
2019-11-15 16:33:00,2.0,0.0,0.0,1.0
2019-11-15 16:33:01,1.0,0.0,0.0,1.0
2019-11-15 16:33:02,2.0,0.0,0.0,1.0
2019-11-15 16:33:03,3.0,0.0,0.0,1.0
2019-11-15 16:33:04,2.0,0.0,0.0,1.0
2019-11-15 16:33:05,2.0,0.0,0.0,1.0
2019-11-15 16:33:06,2.0,0.0,0.0,1.0
2019-11-15 16:33:07,1.0,0.0,0.0,1.0
2019-11-15 16:33:08,0.0,0.0,0.0,0.0
2019-11-15 16:33:09,0.0,0.0,0.0,0.0
2019-11-15 16:33:10,0.0,0.0,0.0,0.0
2019-11-15 16:33:11,0.0,0.0,0.0,0.0
2019-11-15 16:33:12,0.0,0.0,0.0,0.0
2019-11-15 16:33:13,0.0,0.0,0.0,0.0
2019-11-15 16:33:14,0.0,8.0,1.0,0.0
2019-11-15 16:33:15,0.0,25.0,1.0,0.0
2019-11-15 16:33:16,0.0,41.0,1.0,0.0
2019-11-15 16:33:17,0.0,48.0,1.0,0.0
2019-11-15 16:33:18,0.0,56.0,1.0,0.0
2019-11-15 16:33:19,0.0,58.0,1.0,0.0
2019-11-15 16:33:20,0.0,45.0,1.0,0.0
2019-11-15 16:33:21,0.0,30.0,1.0,0.0
2019-11-15 16:33:22,0.0,27.0,1.0,0.0
2019-11-15 16:33:23,0.0,22.0,1.0,0.0
2019-11-15 16:33:24,0.0,13.0,1.0,0.0
2019-11-15 16:33:25,0.0,11.0,1.0,0.0
2019-11-15 16:33:26,3.0,14.0,1.0,1.0
2019-11-15 16:33:27,6.0,23.0,1.0,1.0
2019-11-15 16:33:28,6.0,28.0,1.0,1.0
2019-11-15 16:33:29,6.0,30.0,1.0,1.0
2019-11-15 16:33:30,6.0,29.0,1.0,1.0
2019-11-15 16:33:31,3.0,27.0,1.0,1.0
2019-11-15 16:33:32,0.0,24.0,1.0,0.0
2019-11-15 16:33:33,0.0,30.0,1.0,0.0
2019-11-15 16:33:34,0.0,36.0,1.0,0.0
2019-11-15 16:33:35,0.0,38.0,1.0,0.0
2019-11-15 16:33:36,0.0,43.0,1.0,0.0
2019-11-15 16:33:37,0.0,38.0,1.0,0.0
2019-11-15 16:33:38,0.0,24.0,1.0,0.0
2019-11-15 16:33:39,0.0,15.0,1.0,0.0
2019-11-15 16:33:40,1.0,11.0,1.0,1.0
2019-11-15 16:33:41,4.0,4.0,1.0,1.0
2019-11-15 16:33:42,9.0,4.0,1.0,1.0
2019-11-15 16:33:43,13.0,15.0,1.0,1.0
2019-11-15 16:33:44,14.0,23.0,1.0,1.0
2019-11-15 16:33:45,13.0,26.0,1.0,1.0
2019-11-15 16:33:46,10.0,31.0,1.0,1.0
2019-11-15 16:33:47,5.0,29.0,1.0,1.0
2019-11-15 16:33:48,7.0,17.0,1.0,1.0
2019-11-15 16:33:49,12.0,10.0,1.0,1.0
2019-11-15 16:33:50,19.0,6.0,1.0,1.0
2019-11-15 16:33:51,20.0,1.0,1.0,1.0
2019-11-15 16:33:52,21.0,0.0,0.0,1.0
2019-11-15 16:33:53,21.0,0.0,0.0,1.0
2019-11-15 16:33:54,21.0,0.0,0.0,1.0
2019-11-15 16:33:55,21.0,0.0,0.0,1.0
2019-11-15 16:33:56,20.0,0.0,0.0,1.0
2019-11-15 16:33:57,21.0,0.0,0.0,1.0
2019-11-15 16:33:58,16.0,0.0,0.0,1.0
2019-11-15 16:33:59,20.0,3.0,1.0,1.0
2019-11-15 16:34:00,31.0,6.0,1.0,1.0
2019-11-15 16:34:01,43.0,13.0,1.0,1.0
2019-11-15 16:34:02,46.0,18.0,1.0,1.0
2019-11-15 16:34:03,45.0,18.0,1.0,1.0
2019-11-15 16:34:04,34.0,14.0,1.0,1.0
2019-11-15 16:34:05,17.0,21.0,1.0,1.0
2019-11-15 16:34:06,4.0,45.0,1.0,1.0
2019-11-15 16:34:07,0.0,69.0,1.0,0.0
2019-11-15 16:34:08,1.0,93.0,1.0,1.0
2019-11-15 16:34:09,2.0,143.0,1.0,1.0
2019-11-15 16:34:10,6.0,164.0,1.0,1.0
2019-11-15 16:34:11,11.0,140.0,1.0,1.0
2019-11-15 16:34:12,19.0,137.0,1.0,1.0
2019-11-15 16:34:13,18.0,137.0,1.0,1.0
2019-11-15 16:34:14,17.0,96.0,1.0,1.0
2019-11-15 16:34:15,14.0,69.0,1.0,1.0
2019-11-15 16:34:16,12.0,61.0,1.0,1.0
2019-11-15 16:34:17,4.0,35.0,1.0,1.0
2019-11-15 16:34:18,4.0,11.0,1.0,1.0
2019-11-15 16:34:19,6.0,3.0,1.0,1.0
2019-11-15 16:34:20,11.0,0.0,0.0,1.0
2019-11-15 16:34:21,11.0,0.0,0.0,1.0
2019-11-15 16:34:22,14.0,0.0,0.0,1.0
2019-11-15 16:34:23,15.0,0.0,0.0,1.0
2019-11-15 16:34:24,14.0,0.0,0.0,1.0
2019-11-15 16:34:25,11.0,0.0,0.0,1.0
2019-11-15 16:34:26,12.0,0.0,0.0,1.0
2019-11-15 16:34:27,12.0,0.0,0.0,1.0
2019-11-15 16:34:28,14.0,0.0,0.0,1.0
2019-11-15 16:34:29,14.0,0.0,0.0,1.0
2019-11-15 16:34:30,11.0,0.0,0.0,1.0
2019-11-15 16:34:31,7.0,0.0,0.0,1.0
2019-11-15 16:34:32,3.0,0.0,0.0,1.0
2019-11-15 16:34:33,0.0,0.0,0.0,0.0
2019-11-15 16:34:34,0.0,0.0,0.0,0.0
2019-11-15 16:34:35,0.0,0.0,0.0,0.0
2019-11-15 16:34:36,0.0,0.0,0.0,0.0
2019-11-15 16:34:37,4.0,0.0,0.0,1.0
2019-11-15 16:34:38,6.0,0.0,0.0,1.0
2019-11-15 16:34:39,6.0,0.0,0.0,1.0
2019-11-15 16:34:40,6.0,2.0,1.0,1.0
2019-11-15 16:34:41,6.0,7.0,1.0,1.0
2019-11-15 16:34:42,2.0,11.0,1.0,1.0
2019-11-15 16:34:43,0.0,11.0,1.0,0.0
2019-11-15 16:34:44,0.0,18.0,1.0,0.0
2019-11-15 16:34:45,0.0,22.0,1.0,0.0
2019-11-15 16:34:46,0.0,18.0,1.0,0.0
2019-11-15 16:34:47,0.0,14.0,1.0,0.0
2019-11-15 16:34:48,2.0,14.0,1.0,1.0
2019-11-15 16:34:49,4.0,9.0,1.0,1.0
2019-11-15 16:34:50,6.0,5.0,1.0,1.0
2019-11-15 16:34:51,7.0,4.0,1.0,1.0
2019-11-15 16:34:52,11.0,4.0,1.0,1.0
2019-11-15 16:34:53,10.0,4.0,1.0,1.0
2019-11-15 16:34:54,7.0,7.0,1.0,1.0
2019-11-15 16:34:55,5.0,14.0,1.0,1.0
2019-11-15 16:34:56,4.0,26.0,1.0,1.0
2019-11-15 16:34:57,1.0,34.0,1.0,1.0
2019-11-15 16:34:58,4.0,40.0,1.0,1.0
2019-11-15 16:34:59,7.0,37.0,1.0,1.0
2019-11-15 16:35:00,8.0,32.0,1.0,1.0
2019-11-15 16:35:01,8.0,36.0,1.0,1.0
2019-11-15 16:35:02,7.0,53.0,1.0,1.0
2019-11-15 16:35:03,4.0,57.0,1.0,1.0
2019-11-15 16:35:04,1.0,57.0,1.0,1.0
2019-11-15 16:35:05,0.0,59.0,1.0,0.0
2019-11-15 16:35:06,0.0,49.0,1.0,0.0
2019-11-15 16:35:07,7.0,39.0,1.0,1.0
2019-11-15 16:35:08,13.0,42.0,1.0,1.0
2019-11-15 16:35:09,15.0,45.0,1.0,1.0
2019-11-15 16:35:10,19.0,38.0,1.0,1.0
2019-11-15 16:35:11,19.0,31.0,1.0,1.0
2019-11-15 16:35:12,12.0,18.0,1.0,1.0
2019-11-15 16:35:13,6.0,4.0,1.0,1.0
2019-11-15 16:35:14,4.0,0.0,0.0,1.0
2019-11-15 16:35:15,0.0,0.0,0.0,0.0
2019-11-15 16:35:16,0.0,0.0,0.0,0.0
2019-11-15 16:35:17,0.0,0.0,0.0,0.0
2019-11-15 16:35:18,0.0,0.0,0.0,0.0
2019-11-15 16:35:19,0.0,0.0,0.0,0.0
2019-11-15 16:35:20,0.0,0.0,0.0,0.0
2019-11-15 16:35:21,0.0,0.0,0.0,0.0
2019-11-15 16:35:22,0.0,0.0,0.0,0.0
2019-11-15 16:35:23,0.0,0.0,0.0,0.0
2019-11-15 16:35:24,0.0,0.0,0.0,0.0
2019-11-15 16:35:25,0.0,0.0,0.0,0.0
2019-11-15 16:35:26,0.0,0.0,0.0,0.0
2019-11-15 16:35:27,0.0,0.0,0.0,0.0
2019-11-15 16:35:28,0.0,0.0,0.0,0.0
2019-11-15 16:35:29,9.0,0.0,0.0,1.0
2019-11-15 16:35:30,32.0,9.0,1.0,1.0
2019-11-15 16:35:31,58.0,19.0,1.0,1.0
2019-11-15 16:35:32,67.0,25.0,1.0,1.0
2019-11-15 16:35:33,75.0,30.0,1.0,1.0
2019-11-15 16:35:34,66.0,30.0,1.0,1.0
2019-11-15 16:35:35,44.0,21.0,1.0,1.0
2019-11-15 16:35:36,21.0,11.0,1.0,1.0
2019-11-15 16:35:37,14.0,6.0,1.0,1.0
2019-11-15 16:35:38,8.0,0.0,0.0,1.0
2019-11-15 16:35:39,9.0,0.0,0.0,1.0
2019-11-15 16:35:40,12.0,0.0,0.0,1.0
2019-11-15 16:35:41,10.0,0.0,0.0,1.0
2019-11-15 16:35:42,11.0,0.0,0.0,1.0
2019-11-15 16:35:43,8.0,22.0,1.0,1.0
2019-11-15 16:35:44,7.0,68.0,1.0,1.0
2019-11-15 16:35:45,10.0,108.0,1.0,1.0
2019-11-15 16:35:46,15.0,120.0,1.0,1.0
2019-11-15 16:35:47,15.0,125.0,1.0,1.0
2019-11-15 16:35:48,15.0,104.0,1.0,1.0
2019-11-15 16:35:49,15.0,58.0,1.0,1.0
2019-11-25 16:46:59,32.0,54.0,1.0,1.0
2019-11-25 16:47:00,80.0,60.0,1.0,1.0
2019-11-25 16:47:01,113.0,72.0,1.0,1.0
2019-11-25 16:47:02,136.0,80.0,1.0,1.0
2019-11-25 16:47:03,165.0,64.0,1.0,1.0
2019-11-25 16:47:04,147.0,57.0,1.0,1.0
2019-11-25 16:47:05,102.0,43.0,1.0,1.0
2019-11-25 16:47:06,66.0,22.0,1.0,1.0
2019-11-25 16:47:07,43.0,27.0,1.0,1.0
2019-11-25 16:47:08,14.0,54.0,1.0,1.0
2019-11-25 16:47:09,9.0,81.0,1.0,1.0
2019-11-25 16:47:10,0.0,105.0,1.0,0.0
2019-11-25 16:47:11,0.0,126.0,1.0,0.0
2019-11-25 16:47:12,0.0,125.0,1.0,0.0
2019-11-25 16:47:13,0.0,119.0,1.0,0.0
2019-11-25 16:47:14,0.0,135.0,1.0,0.0
2019-11-25 16:47:15,0.0,153.0,1.0,0.0
2019-11-25 16:47:16,0.0,144.0,1.0,0.0
2019-11-25 16:47:17,0.0,166.0,1.0,0.0
2019-11-25 16:47:18,0.0,175.0,1.0,0.0
2019-11-25 16:47:19,0.0,153.0,1.0,0.0
2019-11-25 16:47:20,0.0,163.0,1.0,0.0
2019-11-25 16:47:21,2.0,189.0,1.0,1.0
2019-11-25 16:47:22,6.0,177.0,1.0,1.0
2019-11-25 16:47:23,15.0,180.0,1.0,1.0
2019-11-25 16:47:24,24.0,181.0,1.0,1.0
2019-11-25 16:47:25,28.0,139.0,1.0,1.0
2019-11-25 16:47:26,28.0,111.0,1.0,1.0
2019-11-25 16:47:27,24.0,91.0,1.0,1.0
2019-11-25 16:47:28,15.0,56.0,1.0,1.0
2019-11-25 16:47:29,6.0,40.0,1.0,1.0
2019-11-25 16:47:30,2.0,37.0,1.0,1.0
2019-11-25 16:47:31,0.0,25.0,1.0,0.0
2019-11-25 16:47:32,0.0,27.0,1.0,0.0
2019-11-25 16:47:33,0.0,37.0,1.0,0.0
2019-11-25 16:47:34,0.0,31.0,1.0,0.0
2019-11-25 16:47:35,0.0,38.0,1.0,0.0
2019-11-25 16:47:36,0.0,51.0,1.0,0.0
2019-11-25 16:47:37,0.0,43.0,1.0,0.0
2019-11-25 16:47:38,0.0,37.0,1.0,0.0
2019-11-25 16:47:39,0.0,46.0,1.0,0.0
2019-11-25 16:47:40,0.0,43.0,1.0,0.0
2019-11-25 16:47:41,0.0,37.0,1.0,0.0
2019-11-25 16:47:42,0.0,42.0,1.0,0.0
2019-11-25 16:47:43,2.0,45.0,1.0,1.0
2019-11-25 16:47:44,5.0,51.0,1.0,1.0
2019-11-25 16:47:45,9.0,59.0,1.0,1.0
2019-11-25 16:47:46,10.0,54.0,1.0,1.0
2019-11-25 16:47:47,10.0,49.0,1.0,1.0
2019-11-25 16:47:48,8.0,41.0,1.0,1.0
2019-11-25 16:47:49,7.0,26.0,1.0,1.0
2019-11-25 16:47:50,5.0,5.0,1.0,1.0
2019-11-25 16:47:51,4.0,1.0,1.0,1.0
2019-11-25 16:47:52,7.0,0.0,0.0,1.0
2019-11-25 16:47:53,7.0,0.0,0.0,1.0
2019-11-25 16:47:54,5.0,0.0,0.0,1.0
2019-11-25 16:47:55,13.0,0.0,0.0,1.0
2019-11-25 16:47:56,25.0,0.0,0.0,1.0
2019-11-25 16:47:57,31.0,0.0,0.0,1.0
2019-11-25 16:47:58,39.0,0.0,0.0,1.0
2019-11-25 16:47:59,42.0,0.0,0.0,1.0
2019-11-25 16:48:00,45.0,0.0,0.0,1.0
2019-11-25 16:48:01,34.0,0.0,0.0,1.0
2019-11-25 16:48:02,28.0,0.0,0.0,1.0
2019-11-25 16:48:03,40.0,0.0,0.0,1.0
2019-11-25 16:48:04,57.0,0.0,0.0,1.0
2019-11-25 16:48:05,50.0,0.0,0.0,1.0
2019-11-25 16:48:06,50.0,0.0,0.0,1.0
2019-11-25 16:48:07,53.0,0.0,0.0,1.0
2019-11-25 16:48:08,39.0,0.0,0.0,1.0
2019-11-25 16:48:09,23.0,6.0,1.0,1.0
2019-11-25 16:48:10,19.0,14.0,1.0,1.0
2019-11-25 16:48:11,17.0,19.0,1.0,1.0
2019-11-25 16:48:12,11.0,25.0,1.0,1.0
2019-11-25 16:48:13,5.0,25.0,1.0,1.0
2019-11-25 16:48:14,0.0,19.0,1.0,0.0
2019-11-25 16:48:15,0.0,11.0,1.0,0.0
2019-11-25 16:48:16,0.0,6.0,1.0,0.0
2019-11-25 16:48:17,0.0,0.0,0.0,0.0
2019-11-25 16:48:18,0.0,3.0,1.0,0.0
2019-11-25 16:48:19,0.0,10.0,1.0,0.0
2019-11-25 16:48:20,0.0,15.0,1.0,0.0
2019-11-25 16:48:21,1.0,28.0,1.0,1.0
2019-11-25 16:48:22,3.0,50.0,1.0,1.0
2019-11-25 16:48:23,7.0,59.0,1.0,1.0
2019-11-25 16:48:24,31.0,74.0,1.0,1.0
2019-11-25 16:48:25,70.0,99.0,1.0,1.0
2019-11-25 16:48:26,89.0,99.0,1.0,1.0
2019-11-25 16:48:27,90.0,92.0,1.0,1.0
2019-11-25 16:48:28,86.0,108.0,1.0,1.0
2019-11-25 16:48:29,63.0,105.0,1.0,1.0
2019-11-25 16:48:30,28.0,83.0,1.0,1.0
2019-11-25 16:48:31,11.0,73.0,1.0,1.0
2019-11-25 16:48:32,16.0,63.0,1.0,1.0
2019-11-25 16:48:33,22.0,38.0,1.0,1.0
2019-11-25 16:48:34,21.0,24.0,1.0,1.0
2019-11-25 16:48:35,17.0,27.0,1.0,1.0
2019-11-25 16:48:36,13.0,40.0,1.0,1.0
2019-11-25 16:48:37,6.0,56.0,1.0,1.0
2019-11-25 16:48:38,0.0,66.0,1.0,0.0
2019-11-25 16:48:39,0.0,75.0,1.0,0.0
2019-11-25 16:48:40,0.0,73.0,1.0,0.0
2019-11-25 16:48:41,0.0,57.0,1.0,0.0
2019-11-25 16:48:42,0.0,36.0,1.0,0.0
2019-11-25 16:48:43,0.0,28.0,1.0,0.0
2019-11-25 16:48:44,10.0,32.0,1.0,1.0
2019-11-25 16:48:45,27.0,40.0,1.0,1.0
2019-11-25 16:48:46,40.0,43.0,1.0,1.0
2019-11-25 16:48:47,42.0,45.0,1.0,1.0
2019-11-25 16:48:48,42.0,40.0,1.0,1.0
2019-11-25 16:48:49,33.0,21.0,1.0,1.0
2019-11-25 16:48:50,15.0,5.0,1.0,1.0
2019-11-25 16:48:51,5.0,4.0,1.0,1.0
2019-11-25 16:48:52,8.0,13.0,1.0,1.0
2019-11-25 16:48:53,13.0,35.0,1.0,1.0
2019-11-25 16:48:54,13.0,57.0,1.0,1.0
2019-11-25 16:48:55,13.0,67.0,1.0,1.0
2019-11-25 16:48:56,10.0,73.0,1.0,1.0
2019-11-25 16:48:57,5.0,62.0,1.0,1.0
2019-11-25 16:48:58,0.0,40.0,1.0,0.0
2019-11-25 16:48:59,0.0,19.0,1.0,0.0
2019-11-25 16:49:00,0.0,8.0,1.0,0.0
2019-11-25 16:49:01,0.0,0.0,0.0,0.0
2019-11-25 16:49:02,0.0,0.0,0.0,0.0
2019-11-25 16:49:03,0.0,0.0,0.0,0.0
2019-11-25 16:49:04,0.0,0.0,0.0,0.0
2019-11-25 16:49:05,0.0,0.0,0.0,0.0
2019-11-25 16:49:06,12.0,0.0,0.0,1.0
2019-11-25 16:49:07,30.0,10.0,1.0,1.0
2019-11-25 16:49:08,43.0,49.0,1.0,1.0
2019-11-25 16:49:09,50.0,98.0,1.0,1.0
2019-11-25 16:49:10,54.0,131.0,1.0,1.0
2019-11-25 16:49:11,48.0,142.0,1.0,1.0
2019-11-25 16:49:12,31.0,147.0,1.0,1.0
2019-11-25 16:49:13,18.0,116.0,1.0,1.0
2019-11-25 16:49:14,10.0,68.0,1.0,1.0
2019-11-25 16:49:15,6.0,48.0,1.0,1.0
2019-11-25 16:49:16,0.0,58.0,1.0,0.0
2019-11-25 16:49:17,0.0,63.0,1.0,0.0
2019-11-25 16:49:18,16.0,62.0,1.0,1.0
2019-11-25 16:49:19,35.0,82.0,1.0,1.0
2019-11-25 16:49:20,44.0,91.0,1.0,1.0
2019-11-25 16:49:21,49.0,77.0,1.0,1.0
2019-11-25 16:49:22,51.0,58.0,1.0,1.0
2019-11-25 16:49:23,35.0,51.0,1.0,1.0
2019-11-25 16:49:24,16.0,29.0,1.0,1.0
2019-11-25 16:49:25,7.0,7.0,1.0,1.0
2019-11-25 16:49:26,2.0,0.0,0.0,1.0
2019-11-25 16:49:27,8.0,0.0,0.0,1.0
2019-11-25 16:49:28,31.0,0.0,0.0,1.0
2019-11-25 16:49:29,60.0,0.0,0.0,1.0
2019-11-25 16:49:30,72.0,0.0,0.0,1.0
2019-11-25 16:49:31,75.0,0.0,0.0,1.0
2019-11-25 16:49:32,75.0,0.0,0.0,1.0
2019-11-25 16:49:33,62.0,0.0,0.0,1.0
2019-11-25 16:49:34,48.0,5.0,1.0,1.0
2019-11-25 16:49:35,39.0,14.0,1.0,1.0
2019-11-25 16:49:36,40.0,23.0,1.0,1.0
2019-11-25 16:49:37,33.0,28.0,1.0,1.0
2019-11-25 16:49:38,29.0,28.0,1.0,1.0
2019-11-25 16:49:39,22.0,25.0,1.0,1.0
2019-11-25 16:49:40,38.0,18.0,1.0,1.0
2019-11-25 16:49:41,62.0,12.0,1.0,1.0
2019-11-25 16:49:42,68.0,8.0,1.0,1.0
2019-11-25 16:49:43,64.0,20.0,1.0,1.0
2019-11-25 16:49:44,75.0,54.0,1.0,1.0
2019-11-25 16:49:45,73.0,81.0,1.0,1.0
2019-11-25 16:49:46,48.0,84.0,1.0,1.0
2019-11-25 16:49:47,44.0,92.0,1.0,1.0
2019-11-25 16:49:48,45.0,81.0,1.0,1.0
2019-11-25 16:49:49,27.0,53.0,1.0,1.0
2019-11-25 16:49:50,12.0,31.0,1.0,1.0
2019-11-25 16:49:51,11.0,26.0,1.0,1.0
2019-11-25 16:49:52,16.0,23.0,1.0,1.0
2019-11-25 16:49:53,28.0,37.0,1.0,1.0
2019-11-25 16:49:54,34.0,36.0,1.0,1.0
2019-11-25 16:49:55,38.0,40.0,1.0,1.0
2019-11-25 16:49:56,36.0,51.0,1.0,1.0
2019-11-25 16:49:57,34.0,47.0,1.0,1.0
2019-11-25 16:49:58,26.0,44.0,1.0,1.0
2019-11-25 16:49:59,23.0,46.0,1.0,1.0
2019-11-25 16:50:00,40.0,48.0,1.0,1.0
2019-11-25 16:50:01,55.0,46.0,1.0,1.0
2019-11-25 16:50:02,53.0,62.0,1.0,1.0
2019-11-25 16:50:03,47.0,75.0,1.0,1.0
2019-11-25 16:50:04,43.0,80.0,1.0,1.0
2019-11-25 16:50:05,24.0,104.0,1.0,1.0
2019-11-25 16:50:06,17.0,135.0,1.0,1.0
2019-11-25 16:50:07,37.0,132.0,1.0,1.0
2019-11-25 16:50:08,43.0,108.0,1.0,1.0
2019-11-25 16:50:09,68.0,94.0,1.0,1.0
2019-11-25 16:50:10,99.0,58.0,1.0,1.0
2019-11-25 16:50:11,113.0,17.0,1.0,1.0
2019-11-25 16:50:12,104.0,2.0,1.0,1.0
2019-11-25 16:50:13,112.0,4.0,1.0,1.0
2019-11-25 16:50:14,107.0,12.0,1.0,1.0
2019-11-25 16:50:15,92.0,15.0,1.0,1.0
2019-11-25 16:50:16,76.0,21.0,1.0,1.0
2019-11-25 16:50:17,68.0,33.0,1.0,1.0
2019-11-25 16:50:18,54.0,49.0,1.0,1.0
2019-11-25 16:50:19,37.0,68.0,1.0,1.0
2019-11-25 16:50:20,20.0,104.0,1.0,1.0
2019-11-25 16:50:21,14.0,119.0,1.0,1.0
2019-11-25 16:50:22,10.0,117.0,1.0,1.0
2019-11-25 16:50:23,9.0,123.0,1.0,1.0
2019-11-25 16:50:24,10.0,128.0,1.0,1.0
2019-11-25 16:50:25,10.0,118.0,1.0,1.0
2019-11-25 16:50:26,9.0,115.0,1.0,1.0
2019-11-25 16:50:27,19.0,113.0,1.0,1.0
2019-11-25 16:50:28,39.0,101.0,1.0,1.0
2019-11-25 16:50:29,73.0,80.0,1.0,1.0
2019-11-25 16:50:30,112.0,60.0,1.0,1.0
2019-11-25 16:50:31,120.0,47.0,1.0,1.0
2019-11-25 16:50:32,121.0,42.0,1.0,1.0
2019-11-25 16:50:33,121.0,38.0,1.0,1.0
2019-11-25 16:50:34,137.0,45.0,1.0,1.0
2019-11-25 16:50:35,146.0,64.0,1.0,1.0
2019-11-25 16:50:36,152.0,92.0,1.0,1.0
2019-11-25 16:50:37,146.0,107.0,1.0,1.0
2019-11-25 16:50:38,129.0,106.0,1.0,1.0
2019-11-25 16:50:39,80.0,96.0,1.0,1.0
2019-11-25 16:50:40,34.0,67.0,1.0,1.0
2019-11-25 16:50:41,19.0,34.0,1.0,1.0
2019-11-25 16:50:42,13.0,16.0,1.0,1.0
2019-11-25 16:50:43,9.0,8.0,1.0,1.0
2019-11-25 16:50:44,4.0,1.0,1.0,1.0
2019-11-25 16:50:45,4.0,4.0,1.0,1.0
2019-11-25 16:50:46,16.0,11.0,1.0,1.0
2019-11-25 16:50:47,22.0,11.0,1.0,1.0
2019-11-25 16:50:48,24.0,11.0,1.0,1.0
2019-11-25 16:50:49,38.0,20.0,1.0,1.0
2019-11-25 16:50:50,61.0,27.0,1.0,1.0
2019-11-25 16:50:51,57.0,42.0,1.0,1.0
2019-11-25 16:50:52,58.0,58.0,1.0,1.0
2019-11-25 16:50:53,55.0,60.0,1.0,1.0
2019-11-25 16:50:54,44.0,59.0,1.0,1.0
2019-11-25 16:50:55,32.0,51.0,1.0,1.0
2019-11-25 16:50:56,38.0,30.0,1.0,1.0
2019-11-25 16:50:57,45.0,14.0,1.0,1.0
2019-11-25 16:50:58,75.0,15.0,1.0,1.0
2019-11-25 16:50:59,84.0,9.0,1.0,1.0
2019-11-25 16:51:00,91.0,11.0,1.0,1.0
2019-11-25 16:51:01,98.0,9.0,1.0,1.0
2019-11-25 16:51:02,98.0,9.0,1.0,1.0
2019-11-25 16:51:03,76.0,7.0,1.0,1.0
2019-11-25 16:51:04,65.0,12.0,1.0,1.0
2019-11-25 16:51:05,45.0,18.0,1.0,1.0
2019-11-25 16:51:06,24.0,18.0,1.0,1.0
2019-11-25 16:51:07,8.0,18.0,1.0,1.0
2019-11-25 16:51:08,2.0,16.0,1.0,1.0
2019-11-25 16:51:09,3.0,11.0,1.0,1.0
2019-11-25 16:51:10,12.0,12.0,1.0,1.0
2019-11-25 16:51:11,21.0,18.0,1.0,1.0
2019-11-25 16:51:12,23.0,20.0,1.0,1.0
2019-11-25 16:51:13,25.0,28.0,1.0,1.0
2019-11-25 16:51:14,28.0,36.0,1.0,1.0
2019-11-25 16:51:15,24.0,36.0,1.0,1.0
2019-11-25 16:51:16,21.0,32.0,1.0,1.0
2019-11-25 16:51:17,22.0,36.0,1.0,1.0
2019-11-25 16:51:18,20.0,28.0,1.0,1.0
2019-11-25 16:51:19,30.0,21.0,1.0,1.0
2019-11-25 16:51:20,44.0,17.0,1.0,1.0
2019-11-25 16:51:21,40.0,26.0,1.0,1.0
2019-11-25 16:51:22,46.0,31.0,1.0,1.0
2019-11-25 16:51:23,58.0,35.0,1.0,1.0
2019-11-25 16:51:24,61.0,36.0,1.0,1.0
2019-11-25 16:51:25,57.0,46.0,1.0,1.0
2019-11-25 16:51:26,56.0,47.0,1.0,1.0
2019-11-25 16:51:27,48.0,40.0,1.0,1.0
2019-11-25 16:51:28,39.0,36.0,1.0,1.0
2019-11-25 16:51:29,30.0,32.0,1.0,1.0
2019-11-25 16:51:30,25.0,20.0,1.0,1.0
2019-11-25 16:51:31,30.0,12.0,1.0,1.0
2019-11-25 16:51:32,41.0,13.0,1.0,1.0
2019-11-25 16:51:33,38.0,16.0,1.0,1.0
2019-11-25 16:51:34,33.0,15.0,1.0,1.0
2019-11-25 16:51:35,27.0,11.0,1.0,1.0
2019-11-25 16:51:36,24.0,7.0,1.0,1.0
2019-11-25 16:51:37,12.0,3.0,1.0,1.0
2019-11-25 16:51:38,11.0,0.0,0.0,1.0
2019-11-25 16:51:39,7.0,0.0,0.0,1.0
2019-11-25 16:51:40,4.0,0.0,0.0,1.0
2019-11-25 16:51:41,0.0,0.0,0.0,0.0
2019-11-25 16:51:42,0.0,0.0,0.0,0.0
2019-11-25 16:51:43,0.0,0.0,0.0,0.0
2019-11-25 16:51:44,0.0,0.0,0.0,0.0
2019-11-25 16:51:45,8.0,0.0,0.0,1.0
2019-11-25 16:51:46,32.0,0.0,0.0,1.0
2019-11-25 16:51:47,50.0,3.0,1.0,1.0
2019-11-25 16:51:48,61.0,7.0,1.0,1.0
2019-11-25 16:51:49,78.0,7.0,1.0,1.0
2019-11-25 16:51:50,72.0,13.0,1.0,1.0
2019-11-25 16:51:51,58.0,19.0,1.0,1.0
2019-11-25 16:51:52,55.0,21.0,1.0,1.0
2019-11-25 16:51:53,47.0,28.0,1.0,1.0
2019-11-25 16:51:54,33.0,30.0,1.0,1.0
2019-11-25 16:51:55,39.0,25.0,1.0,1.0
2019-11-25 16:51:56,31.0,20.0,1.0,1.0
2019-11-25 16:51:57,18.0,20.0,1.0,1.0
2019-11-25 16:51:58,21.0,16.0,1.0,1.0
2019-11-25 16:51:59,29.0,16.0,1.0,1.0
2019-11-25 16:52:00,25.0,18.0,1.0,1.0
2019-11-25 16:52:01,27.0,19.0,1.0,1.0
2019-11-25 16:52:02,29.0,16.0,1.0,1.0
2019-11-25 16:52:03,22.0,11.0,1.0,1.0
2019-11-25 16:52:04,12.0,15.0,1.0,1.0
2019-11-25 16:52:05,8.0,24.0,1.0,1.0
2019-11-25 16:52:06,4.0,48.0,1.0,1.0
2019-11-25 16:52:07,1.0,62.0,1.0,1.0
2019-11-25 16:52:08,2.0,70.0,1.0,1.0
2019-11-25 16:52:09,2.0,85.0,1.0,1.0
2019-11-25 16:52:10,11.0,97.0,1.0,1.0
2019-11-25 16:52:11,17.0,79.0,1.0,1.0
2019-11-25 16:52:12,16.0,75.0,1.0,1.0
2019-11-25 16:52:13,15.0,65.0,1.0,1.0
2019-11-25 16:52:14,15.0,43.0,1.0,1.0
2019-11-25 16:52:15,6.0,24.0,1.0,1.0
2019-11-25 16:52:16,16.0,26.0,1.0,1.0
2019-11-25 16:52:17,39.0,22.0,1.0,1.0
2019-11-25 16:52:18,46.0,30.0,1.0,1.0
2019-11-25 16:52:19,52.0,59.0,1.0,1.0
2019-11-25 16:52:20,58.0,81.0,1.0,1.0
2019-11-25 16:52:21,49.0,84.0,1.0,1.0
2019-11-25 16:52:22,31.0,79.0,1.0,1.0
2019-11-25 16:52:23,42.0,83.0,1.0,1.0
2019-11-25 16:52:24,66.0,58.0,1.0,1.0
2019-11-25 16:52:25,77.0,37.0,1.0,1.0
2019-11-25 16:52:26,71.0,25.0,1.0,1.0
2019-11-25 16:52:27,71.0,23.0,1.0,1.0
2019-11-25 16:52:28,69.0,14.0,1.0,1.0
2019-11-25 16:52:29,68.0,12.0,1.0,1.0
2019-11-25 16:52:30,62.0,12.0,1.0,1.0
2019-11-25 16:52:31,62.0,20.0,1.0,1.0
2019-11-25 16:52:32,56.0,33.0,1.0,1.0
2019-11-25 16:52:33,41.0,64.0,1.0,1.0
2019-11-25 16:52:34,12.0,90.0,1.0,1.0
2019-11-25 16:52:35,6.0,102.0,1.0,1.0
2019-11-25 16:52:36,15.0,107.0,1.0,1.0
2019-11-25 16:52:37,22.0,95.0,1.0,1.0
2019-11-25 16:52:38,25.0,64.0,1.0,1.0
2019-11-25 16:52:39,26.0,35.0,1.0,1.0
2019-11-25 16:52:40,25.0,22.0,1.0,1.0
2019-11-25 16:52:41,18.0,15.0,1.0,1.0
2019-11-25 16:52:42,11.0,16.0,1.0,1.0
2019-11-25 16:52:43,9.0,18.0,1.0,1.0
2019-11-25 16:52:44,11.0,21.0,1.0,1.0
2019-11-25 16:52:45,10.0,19.0,1.0,1.0
2019-11-25 16:52:46,9.0,13.0,1.0,1.0
2019-11-25 16:52:47,16.0,9.0,1.0,1.0
2019-11-25 16:52:48,22.0,5.0,1.0,1.0
2019-11-25 16:52:49,19.0,3.0,1.0,1.0
2019-11-25 16:52:50,17.0,0.0,0.0,1.0
2019-11-25 16:52:51,20.0,0.0,0.0,1.0
2019-11-25 16:52:52,16.0,0.0,0.0,1.0
2019-11-25 16:52:53,13.0,0.0,0.0,1.0
2019-11-25 16:52:54,16.0,0.0,0.0,1.0
2019-11-25 16:52:55,24.0,0.0,0.0,1.0
2019-11-25 16:52:56,49.0,0.0,0.0,1.0
2019-11-25 16:52:57,92.0,0.0,0.0,1.0
2019-11-25 16:52:58,114.0,0.0,0.0,1.0
2019-11-25 16:52:59,117.0,0.0,0.0,1.0
2019-11-25 16:53:00,120.0,0.0,0.0,1.0
2019-11-25 16:53:01,108.0,0.0,0.0,1.0
2019-11-25 16:53:02,80.0,0.0,0.0,1.0
2019-11-25 16:53:03,57.0,0.0,0.0,1.0
2019-11-25 16:53:04,55.0,0.0,0.0,1.0
2019-11-25 16:53:05,46.0,0.0,0.0,1.0
2019-11-25 16:53:06,35.0,11.0,1.0,1.0
2019-11-25 16:53:07,17.0,37.0,1.0,1.0
2019-11-25 16:53:08,13.0,57.0,1.0,1.0
2019-11-25 16:53:09,9.0,62.0,1.0,1.0
2019-11-25 16:53:10,6.0,76.0,1.0,1.0
2019-11-25 16:53:11,7.0,74.0,1.0,1.0
2019-11-25 16:53:12,17.0,49.0,1.0,1.0
2019-11-25 16:53:13,25.0,29.0,1.0,1.0
2019-11-25 16:53:14,29.0,23.0,1.0,1.0
2019-11-25 16:53:15,31.0,10.0,1.0,1.0
2019-11-25 16:53:16,24.0,6.0,1.0,1.0
2019-11-25 16:53:17,19.0,21.0,1.0,1.0
2019-11-25 16:53:18,19.0,46.0,1.0,1.0
2019-11-25 16:53:19,27.0,77.0,1.0,1.0
2019-11-25 16:53:20,31.0,105.0,1.0,1.0
2019-11-25 16:53:21,40.0,112.0,1.0,1.0
2019-11-25 16:53:22,40.0,102.0,1.0,1.0
2019-11-25 16:53:23,54.0,81.0,1.0,1.0
2019-11-25 16:53:24,59.0,53.0,1.0,1.0
2019-11-25 16:53:25,64.0,26.0,1.0,1.0
2019-11-25 16:53:26,56.0,14.0,1.0,1.0
2019-11-25 16:53:27,58.0,17.0,1.0,1.0
2019-11-25 16:53:28,35.0,39.0,1.0,1.0
2019-11-25 16:53:29,19.0,81.0,1.0,1.0
2019-11-25 16:53:30,11.0,139.0,1.0,1.0
2019-11-25 16:53:31,26.0,199.0,1.0,1.0
2019-11-25 16:53:32,63.0,230.0,1.0,1.0
2019-11-25 16:53:33,122.0,213.0,1.0,1.0
2019-11-25 16:53:34,153.0,196.0,1.0,1.0
2019-11-25 16:53:35,162.0,179.0,1.0,1.0
2019-11-25 16:53:36,160.0,175.0,1.0,1.0
2019-11-25 16:53:37,119.0,203.0,1.0,1.0
2019-11-25 16:53:38,62.0,249.0,1.0,1.0
2019-11-25 16:53:39,34.0,265.0,1.0,1.0
2019-11-25 16:53:40,32.0,304.0,1.0,1.0
2019-11-25 16:53:41,32.0,320.0,1.0,1.0
2019-11-25 16:53:42,40.0,285.0,1.0,1.0
2019-11-25 16:53:43,44.0,235.0,1.0,1.0
2019-11-25 16:53:44,44.0,202.0,1.0,1.0
2019-11-25 16:53:45,35.0,130.0,1.0,1.0
2019-11-25 16:53:46,21.0,60.0,1.0,1.0
2019-11-25 16:53:47,10.0,39.0,1.0,1.0
2019-11-25 16:53:48,6.0,48.0,1.0,1.0
2019-11-25 16:53:49,0.0,42.0,1.0,0.0
2019-11-25 16:53:50,0.0,34.0,1.0,0.0
2019-11-25 16:53:51,0.0,31.0,1.0,0.0
2019-11-25 16:53:52,0.0,21.0,1.0,0.0
2019-11-25 16:53:53,0.0,7.0,1.0,0.0
2019-11-25 16:53:54,0.0,0.0,0.0,0.0
2019-11-25 16:53:55,0.0,0.0,0.0,0.0
2019-11-25 16:53:56,0.0,9.0,1.0,0.0
2019-11-25 16:53:57,0.0,30.0,1.0,0.0
2019-11-25 16:53:58,0.0,46.0,1.0,0.0
2019-11-25 16:53:59,0.0,60.0,1.0,0.0
2019-11-25 16:54:00,0.0,67.0,1.0,0.0
2019-11-25 16:54:01,0.0,59.0,1.0,0.0
2019-11-25 16:54:02,0.0,38.0,1.0,0.0
2019-11-25 16:54:03,0.0,22.0,1.0,0.0
2019-11-25 16:54:04,0.0,8.0,1.0,0.0
2019-11-25 16:54:05,0.0,1.0,1.0,0.0
2019-11-25 16:54:06,0.0,0.0,0.0,0.0
2019-11-25 16:54:07,0.0,0.0,0.0,0.0
2019-11-25 16:54:08,0.0,0.0,0.0,0.0
2019-11-25 16:54:09,0.0,0.0,0.0,0.0
2019-11-25 16:54:10,0.0,0.0,0.0,0.0
2019-11-25 16:54:11,0.0,0.0,0.0,0.0
2019-11-25 16:54:12,1.0,7.0,1.0,1.0
2019-11-25 16:54:13,1.0,34.0,1.0,1.0
2019-11-25 16:54:14,5.0,76.0,1.0,1.0
2019-11-25 16:54:15,7.0,114.0,1.0,1.0
2019-11-25 16:54:16,20.0,157.0,1.0,1.0
2019-11-25 16:54:17,34.0,187.0,1.0,1.0
2019-11-25 16:54:18,41.0,182.0,1.0,1.0
2019-11-25 16:54:19,69.0,157.0,1.0,1.0
2019-11-25 16:54:20,133.0,133.0,1.0,1.0
2019-11-25 16:54:21,180.0,98.0,1.0,1.0
2019-11-25 16:54:22,187.0,67.0,1.0,1.0
2019-11-25 16:54:23,207.0,52.0,1.0,1.0
2019-11-25 16:54:24,213.0,54.0,1.0,1.0
2019-11-25 16:54:25,172.0,60.0,1.0,1.0
2019-11-25 16:54:26,136.0,78.0,1.0,1.0
2019-11-25 16:54:27,144.0,108.0,1.0,1.0
2019-11-25 16:54:28,127.0,139.0,1.0,1.0
2019-11-25 16:54:29,109.0,134.0,1.0,1.0
2019-11-25 16:54:30,97.0,121.0,1.0,1.0
2019-11-25 16:54:31,88.0,105.0,1.0,1.0
2019-11-25 16:54:32,72.0,85.0,1.0,1.0
2019-11-25 16:54:33,68.0,79.0,1.0,1.0
2019-11-25 16:54:34,53.0,97.0,1.0,1.0
2019-11-25 16:54:35,55.0,107.0,1.0,1.0
2019-11-25 16:54:36,59.0,111.0,1.0,1.0
2019-11-25 16:54:37,62.0,111.0,1.0,1.0
2019-11-25 16:54:38,60.0,93.0,1.0,1.0
2019-11-25 16:54:39,62.0,107.0,1.0,1.0
2019-11-25 16:54:40,56.0,143.0,1.0,1.0
2019-11-25 16:54:41,52.0,156.0,1.0,1.0
2019-11-25 16:54:42,56.0,146.0,1.0,1.0
2019-11-25 16:54:43,62.0,144.0,1.0,1.0
2019-11-25 16:54:44,58.0,104.0,1.0,1.0
2019-11-25 16:54:45,51.0,76.0,1.0,1.0
2019-11-25 16:54:46,38.0,97.0,1.0,1.0
2019-11-25 16:54:47,19.0,132.0,1.0,1.0
2019-11-25 16:54:48,21.0,139.0,1.0,1.0
2019-11-25 16:54:49,25.0,173.0,1.0,1.0
2019-11-25 16:54:50,37.0,186.0,1.0,1.0
2019-11-25 16:54:51,46.0,168.0,1.0,1.0
2019-11-25 16:54:52,63.0,155.0,1.0,1.0
2019-11-25 16:54:53,79.0,153.0,1.0,1.0
2019-11-25 16:54:54,101.0,133.0,1.0,1.0
2019-11-25 16:54:55,109.0,120.0,1.0,1.0
2019-11-25 16:54:56,101.0,108.0,1.0,1.0
2019-11-25 16:54:57,99.0,121.0,1.0,1.0
2019-11-25 16:54:58,84.0,136.0,1.0,1.0
2019-11-25 16:54:59,79.0,134.0,1.0,1.0
2019-11-25 16:55:00,85.0,118.0,1.0,1.0
2019-11-25 16:55:01,98.0,116.0,1.0,1.0
2019-11-25 16:55:02,97.0,92.0,1.0,1.0
2019-11-25 16:55:03,87.0,88.0,1.0,1.0
2019-11-25 16:55:04,76.0,111.0,1.0,1.0
2019-11-25 16:55:05,63.0,147.0,1.0,1.0
2019-11-25 16:55:06,56.0,172.0,1.0,1.0
2019-11-25 16:55:07,58.0,179.0,1.0,1.0
2019-11-25 16:55:08,72.0,171.0,1.0,1.0
2019-11-25 16:55:09,66.0,137.0,1.0,1.0
2019-11-25 16:55:10,55.0,111.0,1.0,1.0
2019-11-25 16:55:11,51.0,93.0,1.0,1.0
2019-11-25 16:55:12,38.0,82.0,1.0,1.0
2019-11-25 16:55:13,30.0,83.0,1.0,1.0
2019-11-25 16:55:14,41.0,125.0,1.0,1.0
2019-11-25 16:55:15,57.0,151.0,1.0,1.0
2019-11-25 16:55:16,70.0,148.0,1.0,1.0
2019-11-25 16:55:17,93.0,184.0,1.0,1.0
2019-11-25 16:55:18,99.0,193.0,1.0,1.0
2019-11-25 16:55:19,116.0,183.0,1.0,1.0
2019-11-25 16:55:20,125.0,169.0,1.0,1.0
2019-11-25 16:55:21,118.0,173.0,1.0,1.0
2019-11-25 16:55:22,104.0,137.0,1.0,1.0
2019-11-25 16:55:23,127.0,139.0,1.0,1.0
2019-11-25 16:55:24,149.0,141.0,1.0,1.0
2019-11-25 16:55:25,167.0,139.0,1.0,1.0
2019-11-25 16:55:26,189.0,118.0,1.0,1.0
2019-11-25 16:55:27,196.0,123.0,1.0,1.0
2019-11-25 16:55:28,172.0,101.0,1.0,1.0
2019-11-25 16:55:29,134.0,97.0,1.0,1.0
2019-11-25 16:55:30,100.0,108.0,1.0,1.0
2019-11-25 16:55:31,69.0,121.0,1.0,1.0
2019-11-25 16:55:32,57.0,118.0,1.0,1.0
2019-11-25 16:55:33,51.0,159.0,1.0,1.0
2019-11-25 16:55:34,47.0,187.0,1.0,1.0
2019-11-25 16:55:35,54.0,174.0,1.0,1.0
2019-11-25 16:55:36,77.0,201.0,1.0,1.0
2019-11-25 16:55:37,107.0,221.0,1.0,1.0
2019-11-25 16:55:38,128.0,177.0,1.0,1.0
2019-11-25 16:55:39,124.0,123.0,1.0,1.0
2019-11-25 16:55:40,114.0,107.0,1.0,1.0
2019-11-25 16:55:41,90.0,98.0,1.0,1.0
2019-11-25 16:55:42,54.0,108.0,1.0,1.0
2019-11-25 16:55:43,33.0,130.0,1.0,1.0
2019-11-25 16:55:44,35.0,158.0,1.0,1.0
2019-11-25 16:55:45,60.0,197.0,1.0,1.0
2019-11-25 16:55:46,76.0,190.0,1.0,1.0
2019-11-25 16:55:47,93.0,180.0,1.0,1.0
2019-11-25 16:55:48,95.0,198.0,1.0,1.0
2019-11-25 16:55:49,94.0,192.0,1.0,1.0
2019-11-25 16:55:50,72.0,162.0,1.0,1.0
2019-11-25 16:55:51,58.0,150.0,1.0,1.0
2019-11-25 16:55:52,46.0,129.0,1.0,1.0
2019-11-25 16:55:53,39.0,94.0,1.0,1.0
2019-11-25 16:55:54,39.0,77.0,1.0,1.0
2019-11-25 16:55:55,44.0,85.0,1.0,1.0
2019-11-25 16:55:56,47.0,84.0,1.0,1.0
2019-11-25 16:55:57,68.0,109.0,1.0,1.0
2019-11-25 16:55:58,90.0,154.0,1.0,1.0
2019-11-25 16:55:59,106.0,197.0,1.0,1.0
2019-11-25 16:56:00,110.0,233.0,1.0,1.0
2019-11-25 16:56:01,105.0,250.0,1.0,1.0
2019-11-25 16:56:02,89.0,221.0,1.0,1.0
2019-11-25 16:56:03,87.0,175.0,1.0,1.0
2019-11-25 16:56:04,111.0,143.0,1.0,1.0
2019-11-25 16:56:05,120.0,111.0,1.0,1.0
2019-11-25 16:56:06,132.0,92.0,1.0,1.0
2019-11-25 16:56:07,136.0,91.0,1.0,1.0
2019-11-25 16:56:08,116.0,106.0,1.0,1.0
2019-11-25 16:56:09,71.0,126.0,1.0,1.0
2019-11-25 16:56:10,45.0,118.0,1.0,1.0
2019-11-25 16:56:11,34.0,136.0,1.0,1.0
2019-11-25 16:56:12,22.0,176.0,1.0,1.0
2019-11-25 16:56:13,21.0,191.0,1.0,1.0
2019-11-25 16:56:14,22.0,161.0,1.0,1.0
2019-11-25 16:56:15,24.0,171.0,1.0,1.0
2019-11-25 16:56:16,22.0,160.0,1.0,1.0
2019-11-25 16:56:17,21.0,151.0,1.0,1.0
2019-11-25 16:56:18,23.0,152.0,1.0,1.0
2019-11-25 16:56:19,25.0,177.0,1.0,1.0
2019-11-25 16:56:20,31.0,177.0,1.0,1.0
2019-11-25 16:56:21,30.0,184.0,1.0,1.0
2019-11-25 16:56:22,54.0,172.0,1.0,1.0
2019-11-25 16:56:23,79.0,183.0,1.0,1.0
2019-11-25 16:56:24,78.0,198.0,1.0,1.0
2019-11-25 16:56:25,68.0,184.0,1.0,1.0
2019-11-25 16:56:26,68.0,185.0,1.0,1.0
2019-11-25 16:56:27,55.0,182.0,1.0,1.0
2019-11-25 16:56:28,55.0,149.0,1.0,1.0
2019-11-25 16:56:29,63.0,103.0,1.0,1.0
2019-11-25 16:56:30,91.0,93.0,1.0,1.0
2019-11-25 16:56:31,119.0,77.0,1.0,1.0
2019-11-25 16:56:32,123.0,68.0,1.0,1.0
2019-11-25 16:56:33,108.0,59.0,1.0,1.0
2019-11-25 16:56:34,103.0,63.0,1.0,1.0
2019-11-25 16:56:35,108.0,89.0,1.0,1.0
2019-11-25 16:56:36,120.0,133.0,1.0,1.0
2019-11-25 16:56:37,119.0,165.0,1.0,1.0
2019-11-25 16:56:38,114.0,176.0,1.0,1.0
2019-11-25 16:56:39,114.0,167.0,1.0,1.0
2019-11-25 16:56:40,103.0,149.0,1.0,1.0
2019-11-25 16:56:41,103.0,121.0,1.0,1.0
2019-11-25 16:56:42,137.0,90.0,1.0,1.0
2019-11-25 16:56:43,156.0,104.0,1.0,1.0
2019-11-25 16:56:44,155.0,145.0,1.0,1.0
2019-11-25 16:56:45,141.0,158.0,1.0,1.0
2019-11-25 16:56:46,121.0,197.0,1.0,1.0
2019-11-25 16:56:47,133.0,226.0,1.0,1.0
2019-11-25 16:56:48,159.0,195.0,1.0,1.0
2019-11-25 16:56:49,175.0,167.0,1.0,1.0
2019-11-25 16:56:50,173.0,150.0,1.0,1.0
2019-11-25 16:56:51,164.0,92.0,1.0,1.0
2019-11-25 16:56:52,109.0,55.0,1.0,1.0
2019-11-25 16:56:53,82.0,71.0,1.0,1.0
2019-11-25 16:56:54,99.0,66.0,1.0,1.0
2019-11-25 16:56:55,119.0,65.0,1.0,1.0
2019-11-25 16:56:56,114.0,66.0,1.0,1.0
2019-11-25 16:56:57,125.0,80.0,1.0,1.0
2019-11-25 16:56:58,115.0,87.0,1.0,1.0
2019-11-25 16:56:59,83.0,92.0,1.0,1.0
2019-11-25 16:57:00,56.0,135.0,1.0,1.0
2019-11-25 16:57:01,53.0,176.0,1.0,1.0
2019-11-25 16:57:02,47.0,159.0,1.0,1.0
2019-11-25 16:57:03,41.0,156.0,1.0,1.0
2019-11-25 16:57:04,33.0,164.0,1.0,1.0
2019-11-25 16:57:05,38.0,145.0,1.0,1.0
2019-11-25 16:57:06,44.0,119.0,1.0,1.0
2019-11-25 16:57:07,48.0,124.0,1.0,1.0
2019-11-25 16:57:08,59.0,113.0,1.0,1.0
2019-11-25 16:57:09,105.0,101.0,1.0,1.0
2019-11-25 16:57:10,125.0,83.0,1.0,1.0
2019-11-25 16:57:11,122.0,75.0,1.0,1.0
2019-11-25 16:57:12,115.0,88.0,1.0,1.0
2019-11-25 16:57:13,112.0,126.0,1.0,1.0
2019-11-25 16:57:14,91.0,168.0,1.0,1.0
2019-11-25 16:57:15,85.0,197.0,1.0,1.0
2019-11-25 16:57:16,82.0,230.0,1.0,1.0
2019-11-25 16:57:17,76.0,232.0,1.0,1.0
2019-11-25 16:57:18,61.0,222.0,1.0,1.0
2019-11-25 16:57:19,36.0,193.0,1.0,1.0
2019-11-25 16:57:20,21.0,198.0,1.0,1.0
2019-11-25 16:57:21,19.0,184.0,1.0,1.0
2019-11-25 16:57:22,23.0,184.0,1.0,1.0
2019-11-25 16:57:23,25.0,153.0,1.0,1.0
2019-11-25 16:57:24,25.0,148.0,1.0,1.0
2019-11-25 16:57:25,29.0,110.0,1.0,1.0
2019-11-25 16:57:26,36.0,97.0,1.0,1.0
2019-11-25 16:57:27,44.0,77.0,1.0,1.0
2019-11-25 16:57:28,53.0,119.0,1.0,1.0
2019-11-25 16:57:29,60.0,141.0,1.0,1.0
2019-11-25 16:57:30,69.0,130.0,1.0,1.0
2019-11-25 16:57:31,71.0,128.0,1.0,1.0
2019-11-25 16:57:32,69.0,138.0,1.0,1.0
2019-11-25 16:57:33,61.0,98.0,1.0,1.0
2019-11-25 16:57:34,55.0,74.0,1.0,1.0
2019-11-25 16:57:35,43.0,111.0,1.0,1.0
2019-11-25 16:57:36,31.0,148.0,1.0,1.0
2019-11-25 16:57:37,26.0,168.0,1.0,1.0
2019-11-25 16:57:38,32.0,211.0,1.0,1.0
2019-11-25 16:57:39,44.0,230.0,1.0,1.0
2019-11-25 16:57:40,55.0,216.0,1.0,1.0
2019-11-25 16:57:41,66.0,182.0,1.0,1.0
2019-11-25 16:57:42,77.0,163.0,1.0,1.0
2019-11-25 16:57:43,73.0,132.0,1.0,1.0
2019-11-25 16:57:44,81.0,117.0,1.0,1.0
2019-11-25 16:57:45,100.0,114.0,1.0,1.0
2019-11-25 16:57:46,98.0,123.0,1.0,1.0
2019-11-25 16:57:47,92.0,122.0,1.0,1.0
2019-11-25 16:57:48,85.0,104.0,1.0,1.0
2019-11-25 16:57:49,61.0,93.0,1.0,1.0
2019-11-25 16:57:50,27.0,122.0,1.0,1.0
2019-11-25 16:57:51,17.0,146.0,1.0,1.0
2019-11-25 16:57:52,15.0,152.0,1.0,1.0
2019-11-25 16:57:53,24.0,169.0,1.0,1.0
2019-11-25 16:57:54,51.0,177.0,1.0,1.0
2019-11-25 16:57:55,84.0,129.0,1.0,1.0
2019-11-25 16:57:56,115.0,87.0,1.0,1.0
2019-11-25 16:57:57,162.0,85.0,1.0,1.0
2019-11-25 16:57:58,184.0,72.0,1.0,1.0
2019-11-25 16:57:59,167.0,60.0,1.0,1.0
2019-11-25 16:58:00,151.0,71.0,1.0,1.0
2019-11-25 16:58:01,127.0,79.0,1.0,1.0
2019-11-25 16:58:02,93.0,90.0,1.0,1.0
2019-11-25 16:58:03,71.0,125.0,1.0,1.0
2019-11-25 16:58:04,81.0,148.0,1.0,1.0
2019-11-25 16:58:05,93.0,173.0,1.0,1.0
2019-11-25 16:58:06,89.0,196.0,1.0,1.0
2019-11-25 16:58:07,82.0,171.0,1.0,1.0
2019-11-25 16:58:08,90.0,151.0,1.0,1.0
2019-11-25 16:58:09,95.0,148.0,1.0,1.0
2019-11-25 16:58:10,74.0,124.0,1.0,1.0
2019-11-25 16:58:11,76.0,97.0,1.0,1.0
2019-11-25 16:58:12,65.0,140.0,1.0,1.0
2019-11-25 16:58:13,54.0,172.0,1.0,1.0
2019-11-25 16:58:14,32.0,159.0,1.0,1.0
2019-11-25 16:58:15,31.0,176.0,1.0,1.0
2019-11-25 16:58:16,29.0,177.0,1.0,1.0
2019-11-25 16:58:17,34.0,144.0,1.0,1.0
2019-11-25 16:58:18,33.0,111.0,1.0,1.0
2019-11-25 16:58:19,30.0,111.0,1.0,1.0
2019-11-25 16:58:20,31.0,100.0,1.0,1.0
2019-11-25 16:58:21,31.0,91.0,1.0,1.0
2019-11-25 16:58:22,38.0,85.0,1.0,1.0
2019-11-25 16:58:23,43.0,73.0,1.0,1.0
2019-11-25 16:58:24,54.0,63.0,1.0,1.0
2019-11-25 16:58:25,70.0,52.0,1.0,1.0
2019-11-25 16:58:26,79.0,80.0,1.0,1.0
2019-11-25 16:58:27,76.0,92.0,1.0,1.0
2019-11-25 16:58:28,94.0,92.0,1.0,1.0
2019-11-25 16:58:29,105.0,103.0,1.0,1.0
2019-11-25 16:58:30,95.0,112.0,1.0,1.0
2019-11-25 16:58:31,87.0,97.0,1.0,1.0
2019-11-25 16:58:32,81.0,124.0,1.0,1.0
2019-11-25 16:58:33,66.0,147.0,1.0,1.0
2019-11-25 16:58:34,53.0,177.0,1.0,1.0
2019-11-25 16:58:35,47.0,210.0,1.0,1.0
2019-11-25 16:58:36,42.0,234.0,1.0,1.0
2019-11-25 16:58:37,41.0,215.0,1.0,1.0
2019-11-25 16:58:38,38.0,235.0,1.0,1.0
2019-11-25 16:58:39,41.0,233.0,1.0,1.0
2019-11-25 16:58:40,51.0,234.0,1.0,1.0
2019-11-25 16:58:41,70.0,207.0,1.0,1.0
2019-11-25 16:58:42,96.0,204.0,1.0,1.0
2019-11-25 16:58:43,122.0,171.0,1.0,1.0
2019-11-25 16:58:44,140.0,153.0,1.0,1.0
2019-11-25 16:58:45,148.0,125.0,1.0,1.0
2019-11-25 16:58:46,152.0,172.0,1.0,1.0
2019-11-25 16:58:47,148.0,218.0,1.0,1.0
2019-11-25 16:58:48,124.0,232.0,1.0,1.0
2019-11-25 16:58:49,99.0,235.0,1.0,1.0
2019-11-25 16:58:50,86.0,242.0,1.0,1.0
2019-11-25 16:58:51,71.0,191.0,1.0,1.0
2019-11-25 16:58:52,53.0,140.0,1.0,1.0
2019-11-25 16:58:53,57.0,121.0,1.0,1.0
2019-11-25 16:58:54,54.0,101.0,1.0,1.0
2019-11-25 16:58:55,44.0,76.0,1.0,1.0
2019-11-25 16:58:56,33.0,62.0,1.0,1.0
2019-11-25 16:58:57,24.0,37.0,1.0,1.0
2019-11-25 16:58:58,8.0,23.0,1.0,1.0
2019-11-25 16:58:59,2.0,10.0,1.0,1.0
2019-11-25 16:59:00,0.0,0.0,0.0,0.0
2019-11-25 16:59:01,0.0,0.0,0.0,0.0
2019-11-25 16:59:02,0.0,0.0,0.0,0.0
2019-11-25 16:59:03,0.0,0.0,0.0,0.0
2019-11-25 16:59:04,0.0,0.0,0.0,0.0
2019-11-25 16:59:05,0.0,0.0,0.0,0.0
2019-11-25 16:59:06,0.0,0.0,0.0,0.0
2019-11-25 16:59:07,0.0,0.0,0.0,0.0
2019-11-25 16:59:08,0.0,0.0,0.0,0.0
2019-11-25 16:59:09,0.0,0.0,0.0,0.0
2019-11-25 16:59:10,1.0,5.0,1.0,1.0
2019-11-25 16:59:11,3.0,12.0,1.0,1.0
2019-11-25 16:59:12,8.0,24.0,1.0,1.0
2019-11-25 16:59:13,16.0,35.0,1.0,1.0
2019-11-25 16:59:14,21.0,57.0,1.0,1.0
2019-11-25 16:59:15,21.0,91.0,1.0,1.0
2019-11-25 16:59:16,24.0,119.0,1.0,1.0
2019-11-25 16:59:17,21.0,140.0,1.0,1.0
2019-11-25 16:59:18,13.0,179.0,1.0,1.0
2019-11-25 16:59:19,8.0,179.0,1.0,1.0
2019-11-25 16:59:20,7.0,158.0,1.0,1.0
2019-11-25 16:59:21,8.0,142.0,1.0,1.0
2019-11-25 16:59:22,24.0,133.0,1.0,1.0
2019-11-25 16:59:23,48.0,118.0,1.0,1.0
2019-11-25 16:59:24,60.0,135.0,1.0,1.0
2019-11-25 16:59:25,74.0,153.0,1.0,1.0
2019-11-25 16:59:26,80.0,171.0,1.0,1.0
2019-11-25 16:59:27,67.0,164.0,1.0,1.0
2019-11-25 16:59:28,52.0,148.0,1.0,1.0
2019-11-25 16:59:29,50.0,115.0,1.0,1.0
2019-11-25 16:59:30,46.0,90.0,1.0,1.0
2019-11-25 16:59:31,48.0,72.0,1.0,1.0
2019-11-25 16:59:32,69.0,84.0,1.0,1.0
2019-11-25 16:59:33,104.0,103.0,1.0,1.0
2019-11-25 16:59:34,140.0,136.0,1.0,1.0
2019-11-25 16:59:35,157.0,152.0,1.0,1.0
2019-11-25 16:59:36,162.0,141.0,1.0,1.0
2019-11-25 16:59:37,173.0,128.0,1.0,1.0
2019-11-25 16:59:38,145.0,103.0,1.0,1.0
2019-11-25 16:59:39,110.0,83.0,1.0,1.0
2019-11-25 16:59:40,93.0,70.0,1.0,1.0
2019-11-25 16:59:41,83.0,68.0,1.0,1.0
2019-11-25 16:59:42,68.0,63.0,1.0,1.0
2019-11-25 16:59:43,66.0,69.0,1.0,1.0
2019-11-25 16:59:44,76.0,103.0,1.0,1.0
2019-11-25 16:59:45,97.0,148.0,1.0,1.0
2019-11-25 16:59:46,116.0,159.0,1.0,1.0
2019-11-25 16:59:47,106.0,167.0,1.0,1.0
2019-11-25 16:59:48,103.0,181.0,1.0,1.0
2019-11-25 16:59:49,94.0,164.0,1.0,1.0
2019-11-25 16:59:50,65.0,142.0,1.0,1.0
2019-11-25 16:59:51,37.0,160.0,1.0,1.0
2019-11-25 16:59:52,26.0,161.0,1.0,1.0
2019-11-25 16:59:53,15.0,135.0,1.0,1.0
2019-11-25 16:59:54,3.0,112.0,1.0,1.0
2019-11-25 16:59:55,5.0,83.0,1.0,1.0
2019-11-25 16:59:56,5.0,69.0,1.0,1.0
2019-11-25 16:59:57,8.0,73.0,1.0,1.0
2019-11-25 16:59:58,6.0,76.0,1.0,1.0
2019-11-25 16:59:59,6.0,92.0,1.0,1.0
2019-11-25 17:00:00,3.0,128.0,1.0,1.0
2019-11-25 17:00:01,12.0,141.0,1.0,1.0
2019-11-25 17:00:02,37.0,155.0,1.0,1.0
2019-11-25 17:00:03,68.0,187.0,1.0,1.0
2019-11-25 17:00:04,81.0,179.0,1.0,1.0
2019-11-25 17:00:05,84.0,152.0,1.0,1.0
2019-11-25 17:00:06,84.0,147.0,1.0,1.0
2019-11-25 17:00:07,65.0,114.0,1.0,1.0
2019-11-25 17:00:08,60.0,105.0,1.0,1.0
2019-11-25 17:00:09,72.0,124.0,1.0,1.0
2019-11-25 17:00:10,87.0,146.0,1.0,1.0
2019-11-25 17:00:11,85.0,145.0,1.0,1.0
2019-11-25 17:00:12,77.0,168.0,1.0,1.0
2019-11-25 17:00:13,55.0,148.0,1.0,1.0
2019-11-25 17:00:14,38.0,124.0,1.0,1.0
2019-11-25 17:00:15,44.0,126.0,1.0,1.0
2019-11-25 17:00:16,69.0,158.0,1.0,1.0
2019-11-25 17:00:17,78.0,168.0,1.0,1.0
2019-11-25 17:00:18,87.0,216.0,1.0,1.0
2019-11-25 17:00:19,92.0,223.0,1.0,1.0
2019-11-25 17:00:20,86.0,204.0,1.0,1.0
2019-11-25 17:00:21,86.0,175.0,1.0,1.0
2019-11-25 17:00:22,98.0,162.0,1.0,1.0
2019-11-25 17:00:23,101.0,130.0,1.0,1.0
2019-11-25 17:00:24,129.0,130.0,1.0,1.0
2019-11-25 17:00:25,138.0,133.0,1.0,1.0
2019-11-25 17:00:26,114.0,118.0,1.0,1.0
2019-11-25 17:00:27,117.0,117.0,1.0,1.0
2019-11-25 17:00:28,122.0,107.0,1.0,1.0
2019-11-25 17:00:29,86.0,114.0,1.0,1.0
2019-11-25 17:00:30,70.0,110.0,1.0,1.0
2019-11-25 17:00:31,69.0,119.0,1.0,1.0
2019-11-25 17:00:32,44.0,119.0,1.0,1.0
2019-11-25 17:00:33,25.0,138.0,1.0,1.0
2019-11-25 17:00:34,23.0,153.0,1.0,1.0
2019-11-25 17:00:35,11.0,154.0,1.0,1.0
2019-11-25 17:00:36,5.0,148.0,1.0,1.0
2019-11-25 17:00:37,5.0,159.0,1.0,1.0
2019-11-25 17:00:38,4.0,150.0,1.0,1.0
2019-11-25 17:00:39,7.0,132.0,1.0,1.0
2019-11-25 17:00:40,14.0,138.0,1.0,1.0
2019-11-25 17:00:41,27.0,131.0,1.0,1.0
2019-11-25 17:00:42,45.0,139.0,1.0,1.0
2019-11-25 17:00:43,68.0,143.0,1.0,1.0
2019-11-25 17:00:44,78.0,121.0,1.0,1.0
2019-11-25 17:00:45,77.0,120.0,1.0,1.0
2019-11-25 17:00:46,70.0,127.0,1.0,1.0
2019-11-25 17:00:47,52.0,102.0,1.0,1.0
2019-11-25 17:00:48,29.0,72.0,1.0,1.0
2019-11-25 17:00:49,15.0,87.0,1.0,1.0
2019-11-25 17:00:50,9.0,90.0,1.0,1.0
2019-11-25 17:00:51,2.0,120.0,1.0,1.0
2019-11-25 17:00:52,6.0,147.0,1.0,1.0
2019-11-26 16:50:51,22.0,155.0,1.0,1.0
2019-11-26 16:50:52,55.0,165.0,1.0,1.0
2019-11-26 16:50:53,97.0,144.0,1.0,1.0
2019-11-26 16:50:54,113.0,99.0,1.0,1.0
2019-11-26 16:50:55,119.0,55.0,1.0,1.0
2019-11-26 16:50:56,107.0,44.0,1.0,1.0
2019-11-26 16:50:57,73.0,14.0,1.0,1.0
2019-11-26 16:50:58,31.0,5.0,1.0,1.0
2019-11-26 16:50:59,15.0,0.0,0.0,1.0
2019-11-26 16:51:00,4.0,0.0,0.0,1.0
2019-11-26 16:51:01,5.0,0.0,0.0,1.0
2019-11-26 16:51:02,12.0,0.0,0.0,1.0
2019-11-26 16:51:03,14.0,0.0,0.0,1.0
2019-11-26 16:51:04,22.0,0.0,0.0,1.0
2019-11-26 16:51:05,29.0,0.0,0.0,1.0
2019-11-26 16:51:06,30.0,0.0,0.0,1.0
2019-11-26 16:51:07,27.0,0.0,0.0,1.0
2019-11-26 16:51:08,26.0,0.0,0.0,1.0
2019-11-26 16:51:09,18.0,0.0,0.0,1.0
2019-11-26 16:51:10,14.0,0.0,0.0,1.0
2019-11-26 16:51:11,12.0,0.0,0.0,1.0
2019-11-26 16:51:12,12.0,0.0,0.0,1.0
2019-11-26 16:51:13,17.0,0.0,0.0,1.0
2019-11-26 16:51:14,21.0,0.0,0.0,1.0
2019-11-26 16:51:15,24.0,0.0,0.0,1.0
2019-11-26 16:51:16,22.0,0.0,0.0,1.0
2019-11-26 16:51:17,22.0,0.0,0.0,1.0
2019-11-26 16:51:18,17.0,0.0,0.0,1.0
2019-11-26 16:51:19,19.0,0.0,0.0,1.0
2019-11-26 16:51:20,21.0,0.0,0.0,1.0
2019-11-26 16:51:21,23.0,0.0,0.0,1.0
2019-11-26 16:51:22,23.0,0.0,0.0,1.0
2019-11-26 16:51:23,27.0,0.0,0.0,1.0
2019-11-26 16:51:24,29.0,0.0,0.0,1.0
2019-11-26 16:51:25,20.0,0.0,0.0,1.0
2019-11-26 16:51:26,20.0,0.0,0.0,1.0
2019-11-26 16:51:27,15.0,0.0,0.0,1.0
2019-11-26 16:51:28,15.0,0.0,0.0,1.0
2019-11-26 16:51:29,12.0,0.0,0.0,1.0
2019-11-26 16:51:30,16.0,0.0,0.0,1.0
2019-11-26 16:51:31,16.0,0.0,0.0,1.0
2019-11-26 16:51:32,21.0,0.0,0.0,1.0
2019-11-26 16:51:33,25.0,0.0,0.0,1.0
2019-11-26 16:51:34,23.0,0.0,0.0,1.0
2019-11-26 16:51:35,20.0,0.0,0.0,1.0
2019-11-26 16:51:36,27.0,0.0,0.0,1.0
2019-11-26 16:51:37,32.0,0.0,0.0,1.0
2019-11-26 16:51:38,31.0,0.0,0.0,1.0
2019-11-26 16:51:39,33.0,3.0,1.0,1.0
2019-11-26 16:51:40,31.0,3.0,1.0,1.0
2019-11-26 16:51:41,23.0,3.0,1.0,1.0
2019-11-26 16:51:42,12.0,3.0,1.0,1.0
2019-11-26 16:51:43,6.0,3.0,1.0,1.0
2019-11-26 16:51:44,0.0,0.0,0.0,0.0
2019-11-26 16:51:45,2.0,1.0,1.0,1.0
2019-11-26 16:51:46,2.0,4.0,1.0,1.0
2019-11-26 16:51:47,2.0,10.0,1.0,1.0
2019-11-26 16:51:48,2.0,10.0,1.0,1.0
2019-11-26 16:51:49,2.0,10.0,1.0,1.0
2019-11-26 16:51:50,0.0,17.0,1.0,0.0
2019-11-26 16:51:51,0.0,41.0,1.0,0.0
2019-11-26 16:51:52,0.0,70.0,1.0,0.0
2019-11-26 16:51:53,0.0,90.0,1.0,0.0
2019-11-26 16:51:54,1.0,94.0,1.0,1.0
2019-11-26 16:51:55,4.0,95.0,1.0,1.0
2019-11-26 16:51:56,4.0,68.0,1.0,1.0
2019-11-26 16:51:57,4.0,33.0,1.0,1.0
2019-11-26 16:51:58,4.0,12.0,1.0,1.0
2019-11-26 16:51:59,3.0,9.0,1.0,1.0
2019-11-26 16:52:00,5.0,1.0,1.0,1.0
2019-11-26 16:52:01,13.0,1.0,1.0,1.0
2019-11-26 16:52:02,14.0,1.0,1.0,1.0
2019-11-26 16:52:03,15.0,1.0,1.0,1.0
2019-11-26 16:52:04,18.0,0.0,0.0,1.0
2019-11-26 16:52:05,14.0,0.0,0.0,1.0
2019-11-26 16:52:06,6.0,0.0,0.0,1.0
2019-11-26 16:52:07,5.0,0.0,0.0,1.0
2019-11-26 16:52:08,4.0,0.0,0.0,1.0
2019-11-26 16:52:09,4.0,0.0,0.0,1.0
2019-11-26 16:52:10,3.0,0.0,0.0,1.0
2019-11-26 16:52:11,6.0,0.0,0.0,1.0
2019-11-26 16:52:12,7.0,0.0,0.0,1.0
2019-11-26 16:52:13,7.0,0.0,0.0,1.0
2019-11-26 16:52:14,6.0,0.0,0.0,1.0
2019-11-26 16:52:15,6.0,1.0,1.0,1.0
2019-11-26 16:52:16,5.0,4.0,1.0,1.0
2019-11-26 16:52:17,12.0,22.0,1.0,1.0
2019-11-26 16:52:18,23.0,50.0,1.0,1.0
2019-11-26 16:52:19,21.0,59.0,1.0,1.0
2019-11-26 16:52:20,21.0,61.0,1.0,1.0
2019-11-26 16:52:21,19.0,59.0,1.0,1.0
2019-11-26 16:52:22,11.0,45.0,1.0,1.0
2019-11-26 16:52:23,0.0,23.0,1.0,0.0
2019-11-26 16:52:24,0.0,21.0,1.0,0.0
2019-11-26 16:52:25,0.0,30.0,1.0,0.0
2019-11-26 16:52:26,0.0,48.0,1.0,0.0
2019-11-26 16:52:27,0.0,63.0,1.0,0.0
2019-11-26 16:52:28,0.0,61.0,1.0,0.0
2019-11-26 16:52:29,0.0,64.0,1.0,0.0
2019-11-26 16:52:30,0.0,57.0,1.0,0.0
2019-11-26 16:52:31,0.0,42.0,1.0,0.0
2019-11-26 16:52:32,0.0,26.0,1.0,0.0
2019-11-26 16:52:33,0.0,22.0,1.0,0.0
2019-11-26 16:52:34,0.0,12.0,1.0,0.0
2019-11-26 16:52:35,0.0,9.0,1.0,0.0
2019-11-26 16:52:36,0.0,6.0,1.0,0.0
2019-11-26 16:52:37,0.0,4.0,1.0,0.0
2019-11-26 16:52:38,0.0,4.0,1.0,0.0
2019-11-26 16:52:39,0.0,5.0,1.0,0.0
2019-11-26 16:52:40,0.0,9.0,1.0,0.0
2019-11-26 16:52:41,0.0,12.0,1.0,0.0
2019-11-26 16:52:42,0.0,17.0,1.0,0.0
2019-11-26 16:52:43,0.0,19.0,1.0,0.0
2019-11-26 16:52:44,0.0,18.0,1.0,0.0
2019-11-26 16:52:45,0.0,12.0,1.0,0.0
2019-11-26 16:52:46,0.0,8.0,1.0,0.0
2019-11-26 16:52:47,2.0,8.0,1.0,1.0
2019-11-26 16:52:48,3.0,14.0,1.0,1.0
2019-11-26 16:52:49,4.0,15.0,1.0,1.0
2019-11-26 16:52:50,4.0,15.0,1.0,1.0
2019-11-26 16:52:51,4.0,14.0,1.0,1.0
2019-11-26 16:52:52,2.0,9.0,1.0,1.0
2019-11-26 16:52:53,1.0,1.0,1.0,1.0
2019-11-26 16:52:54,0.0,0.0,0.0,0.0
2019-11-26 16:52:55,0.0,0.0,0.0,0.0
2019-11-26 16:52:56,0.0,0.0,0.0,0.0
2019-11-26 16:52:57,0.0,0.0,0.0,0.0
2019-11-26 16:52:58,0.0,0.0,0.0,0.0
2019-11-26 16:52:59,0.0,0.0,0.0,0.0
2019-11-26 16:53:00,0.0,0.0,0.0,0.0
2019-11-26 16:53:01,7.0,0.0,0.0,1.0
2019-11-26 16:53:02,17.0,1.0,1.0,1.0
2019-11-26 16:53:03,23.0,3.0,1.0,1.0
2019-11-26 16:53:04,27.0,8.0,1.0,1.0
2019-11-26 16:53:05,28.0,15.0,1.0,1.0
2019-11-26 16:53:06,24.0,30.0,1.0,1.0
2019-11-26 16:53:07,20.0,44.0,1.0,1.0
2019-11-26 16:53:08,13.0,50.0,1.0,1.0
2019-11-26 16:53:09,9.0,52.0,1.0,1.0
2019-11-26 16:53:10,8.0,47.0,1.0,1.0
2019-11-26 16:53:11,5.0,32.0,1.0,1.0
2019-11-26 16:53:12,0.0,17.0,1.0,0.0
2019-11-26 16:53:13,0.0,10.0,1.0,0.0
2019-11-26 16:53:14,0.0,5.0,1.0,0.0
2019-11-26 16:53:15,0.0,4.0,1.0,0.0
2019-11-26 16:53:16,0.0,7.0,1.0,0.0
2019-11-26 16:53:17,0.0,13.0,1.0,0.0
2019-11-26 16:53:18,0.0,18.0,1.0,0.0
2019-11-26 16:53:19,0.0,17.0,1.0,0.0
2019-11-26 16:53:20,0.0,16.0,1.0,0.0
2019-11-26 16:53:21,1.0,17.0,1.0,1.0
2019-11-26 16:53:22,1.0,21.0,1.0,1.0
2019-11-26 16:53:23,1.0,23.0,1.0,1.0
2019-11-26 16:53:24,1.0,24.0,1.0,1.0
2019-11-26 16:53:25,1.0,24.0,1.0,1.0
2019-11-26 16:53:26,2.0,19.0,1.0,1.0
2019-11-26 16:53:27,7.0,9.0,1.0,1.0
2019-11-26 16:53:28,11.0,3.0,1.0,1.0
2019-11-26 16:53:29,11.0,0.0,0.0,1.0
2019-11-26 16:53:30,15.0,0.0,0.0,1.0
2019-11-26 16:53:31,18.0,0.0,0.0,1.0
2019-11-26 16:53:32,17.0,0.0,0.0,1.0
2019-11-26 16:53:33,17.0,0.0,0.0,1.0
2019-11-26 16:53:34,20.0,1.0,1.0,1.0
2019-11-26 16:53:35,18.0,4.0,1.0,1.0
2019-11-26 16:53:36,19.0,5.0,1.0,1.0
2019-11-26 16:53:37,20.0,8.0,1.0,1.0
2019-11-26 16:53:38,21.0,11.0,1.0,1.0
2019-11-26 16:53:39,18.0,11.0,1.0,1.0
2019-11-26 16:53:40,17.0,8.0,1.0,1.0
2019-11-26 16:53:41,10.0,7.0,1.0,1.0
2019-11-26 16:53:42,5.0,4.0,1.0,1.0
2019-11-26 16:53:43,1.0,6.0,1.0,1.0
2019-11-26 16:53:44,0.0,9.0,1.0,0.0
2019-11-26 16:53:45,0.0,9.0,1.0,0.0
2019-11-26 16:53:46,0.0,9.0,1.0,0.0
2019-11-26 16:53:47,0.0,9.0,1.0,0.0
2019-11-26 16:53:48,0.0,4.0,1.0,0.0
2019-11-26 16:53:49,0.0,0.0,0.0,0.0
2019-11-26 16:53:50,0.0,0.0,0.0,0.0
2019-11-26 16:53:51,0.0,0.0,0.0,0.0
2019-11-26 16:53:52,0.0,0.0,0.0,0.0
2019-11-26 16:53:53,0.0,0.0,0.0,0.0
2019-11-26 16:53:54,2.0,0.0,0.0,1.0
2019-11-26 16:53:55,9.0,2.0,1.0,1.0
2019-11-26 16:53:56,12.0,4.0,1.0,1.0
2019-11-26 16:53:57,16.0,5.0,1.0,1.0
2019-11-26 16:53:58,18.0,5.0,1.0,1.0
2019-11-26 16:53:59,26.0,5.0,1.0,1.0
2019-11-26 16:54:00,37.0,3.0,1.0,1.0
2019-11-26 16:54:01,46.0,9.0,1.0,1.0
2019-11-26 16:54:02,42.0,15.0,1.0,1.0
2019-11-26 16:54:03,40.0,16.0,1.0,1.0
2019-11-26 16:54:04,36.0,16.0,1.0,1.0
2019-11-26 16:54:05,27.0,17.0,1.0,1.0
2019-11-26 16:54:06,17.0,11.0,1.0,1.0
2019-11-26 16:54:07,19.0,4.0,1.0,1.0
2019-11-26 16:54:08,22.0,4.0,1.0,1.0
2019-11-26 16:54:09,23.0,5.0,1.0,1.0
2019-11-26 16:54:10,21.0,4.0,1.0,1.0
2019-11-26 16:54:11,20.0,5.0,1.0,1.0
2019-11-26 16:54:12,19.0,9.0,1.0,1.0
2019-11-26 16:54:13,23.0,8.0,1.0,1.0
2019-11-26 16:54:14,29.0,6.0,1.0,1.0
2019-11-26 16:54:15,33.0,6.0,1.0,1.0
2019-11-26 16:54:16,38.0,4.0,1.0,1.0
2019-11-26 16:54:17,41.0,0.0,0.0,1.0
2019-11-26 16:54:18,37.0,0.0,0.0,1.0
2019-11-26 16:54:19,26.0,5.0,1.0,1.0
2019-11-26 16:54:20,19.0,14.0,1.0,1.0
2019-11-26 16:54:21,12.0,17.0,1.0,1.0
2019-11-26 16:54:22,9.0,17.0,1.0,1.0
2019-11-26 16:54:23,6.0,17.0,1.0,1.0
2019-11-26 16:54:24,4.0,12.0,1.0,1.0
2019-11-26 16:54:25,1.0,6.0,1.0,1.0
2019-11-26 16:54:26,1.0,9.0,1.0,1.0
2019-11-26 16:54:27,5.0,10.0,1.0,1.0
2019-11-26 16:54:28,5.0,22.0,1.0,1.0
2019-11-26 16:54:29,6.0,38.0,1.0,1.0
2019-11-26 16:54:30,7.0,35.0,1.0,1.0
2019-11-26 16:54:31,12.0,30.0,1.0,1.0
2019-11-26 16:54:32,10.0,29.0,1.0,1.0
2019-11-26 16:54:33,13.0,17.0,1.0,1.0
2019-11-26 16:54:34,18.0,1.0,1.0,1.0
2019-11-26 16:54:35,24.0,0.0,0.0,1.0
2019-11-26 16:54:36,20.0,0.0,0.0,1.0
2019-11-26 16:54:37,18.0,0.0,0.0,1.0
2019-11-26 16:54:38,14.0,3.0,1.0,1.0
2019-11-26 16:54:39,8.0,9.0,1.0,1.0
2019-11-26 16:54:40,0.0,10.0,1.0,0.0
2019-11-26 16:54:41,0.0,10.0,1.0,0.0
2019-11-26 16:54:42,0.0,10.0,1.0,0.0
2019-11-26 16:54:43,0.0,7.0,1.0,0.0
2019-11-26 16:54:44,0.0,1.0,1.0,0.0
2019-11-26 16:54:45,0.0,0.0,0.0,0.0
2019-11-26 16:54:46,0.0,0.0,0.0,0.0
2019-11-26 16:54:47,0.0,0.0,0.0,0.0
2019-11-26 16:54:48,0.0,0.0,0.0,0.0
2019-11-26 16:54:49,0.0,0.0,0.0,0.0
2019-11-26 16:54:50,0.0,0.0,0.0,0.0
2019-11-26 16:54:51,0.0,0.0,0.0,0.0
2019-11-26 16:54:52,0.0,0.0,0.0,0.0
2019-11-26 16:54:53,0.0,0.0,0.0,0.0
2019-11-26 16:54:54,0.0,0.0,0.0,0.0
2019-11-26 16:54:55,1.0,0.0,0.0,1.0
2019-11-26 16:54:56,2.0,5.0,1.0,1.0
2019-11-26 16:54:57,9.0,8.0,1.0,1.0
2019-11-26 16:54:58,16.0,8.0,1.0,1.0
2019-11-26 16:54:59,17.0,9.0,1.0,1.0
2019-11-26 16:55:00,21.0,10.0,1.0,1.0
2019-11-26 16:55:01,24.0,6.0,1.0,1.0
2019-11-26 16:55:02,29.0,3.0,1.0,1.0
2019-11-26 16:55:03,40.0,3.0,1.0,1.0
2019-11-26 16:55:04,44.0,3.0,1.0,1.0
2019-11-26 16:55:05,40.0,2.0,1.0,1.0
2019-11-26 16:55:06,36.0,1.0,1.0,1.0
2019-11-26 16:55:07,24.0,1.0,1.0,1.0
2019-11-26 16:55:08,5.0,1.0,1.0,1.0
2019-11-26 16:55:09,2.0,0.0,0.0,1.0
2019-11-26 16:55:10,2.0,0.0,0.0,1.0
2019-11-26 16:55:11,2.0,0.0,0.0,1.0
2019-11-26 16:55:12,2.0,0.0,0.0,1.0
2019-11-26 16:55:13,4.0,0.0,0.0,1.0
2019-11-26 16:55:14,8.0,4.0,1.0,1.0
2019-11-26 16:55:15,10.0,7.0,1.0,1.0
2019-11-26 16:55:16,17.0,13.0,1.0,1.0
2019-11-26 16:55:17,18.0,31.0,1.0,1.0
2019-11-26 16:55:18,16.0,70.0,1.0,1.0
2019-11-26 16:55:19,12.0,89.0,1.0,1.0
2019-11-26 16:55:20,16.0,104.0,1.0,1.0
2019-11-26 16:55:21,10.0,107.0,1.0,1.0
2019-11-26 16:55:22,10.0,100.0,1.0,1.0
2019-11-26 16:55:23,11.0,66.0,1.0,1.0
2019-11-26 16:55:24,9.0,45.0,1.0,1.0
2019-11-26 16:55:25,4.0,28.0,1.0,1.0
2019-11-26 16:55:26,4.0,20.0,1.0,1.0
2019-11-26 16:55:27,2.0,8.0,1.0,1.0
2019-11-26 16:55:28,1.0,4.0,1.0,1.0
2019-11-26 16:55:29,1.0,15.0,1.0,1.0
2019-11-26 16:55:30,7.0,23.0,1.0,1.0
2019-11-26 16:55:31,18.0,45.0,1.0,1.0
2019-11-26 16:55:32,23.0,73.0,1.0,1.0
2019-11-26 16:55:33,23.0,77.0,1.0,1.0
2019-11-26 16:55:34,23.0,66.0,1.0,1.0
2019-11-26 16:55:35,16.0,58.0,1.0,1.0
2019-11-26 16:55:36,6.0,36.0,1.0,1.0
2019-11-26 16:55:37,0.0,8.0,1.0,0.0
2019-11-26 16:55:38,0.0,3.0,1.0,0.0
2019-11-26 16:55:39,0.0,0.0,0.0,0.0
2019-11-26 16:55:40,0.0,0.0,0.0,0.0
2019-11-26 16:55:41,0.0,0.0,0.0,0.0
2019-11-26 16:55:42,0.0,0.0,0.0,0.0
2019-11-26 16:55:43,2.0,2.0,1.0,1.0
2019-11-26 16:55:44,7.0,3.0,1.0,1.0
2019-11-26 16:55:45,9.0,3.0,1.0,1.0
2019-11-26 16:55:46,9.0,3.0,1.0,1.0
2019-11-26 16:55:47,9.0,3.0,1.0,1.0
2019-11-26 16:55:48,7.0,0.0,0.0,1.0
2019-11-26 16:55:49,2.0,0.0,0.0,1.0
2019-11-26 16:55:50,0.0,0.0,0.0,0.0
2019-11-26 16:55:51,0.0,0.0,0.0,0.0
2019-11-26 16:55:52,0.0,0.0,0.0,0.0
2019-11-26 16:55:53,0.0,0.0,0.0,0.0
2019-11-26 16:55:54,0.0,0.0,0.0,0.0
2019-11-26 16:55:55,0.0,0.0,0.0,0.0
2019-11-26 16:55:56,0.0,0.0,0.0,0.0
2019-11-26 16:55:57,0.0,0.0,0.0,0.0
2019-11-26 16:55:58,0.0,0.0,0.0,0.0
2019-11-26 16:55:59,0.0,0.0,0.0,0.0
2019-11-26 16:56:00,0.0,0.0,0.0,0.0
2019-11-26 16:56:01,0.0,0.0,0.0,0.0
2019-11-26 16:56:02,0.0,0.0,0.0,0.0
2019-11-26 16:56:03,0.0,0.0,0.0,0.0
2019-11-26 16:56:04,0.0,0.0,0.0,0.0
2019-11-26 16:56:05,0.0,0.0,0.0,0.0
2019-11-26 16:56:06,0.0,0.0,0.0,0.0
2019-11-26 16:56:07,0.0,3.0,1.0,0.0
2019-11-26 16:56:08,3.0,4.0,1.0,1.0
2019-11-26 16:56:09,3.0,6.0,1.0,1.0
2019-11-26 16:56:10,6.0,10.0,1.0,1.0
2019-11-26 16:56:11,9.0,26.0,1.0,1.0
2019-11-26 16:56:12,17.0,49.0,1.0,1.0
2019-11-26 16:56:13,22.0,68.0,1.0,1.0
2019-11-26 16:56:14,33.0,74.0,1.0,1.0
2019-11-26 16:56:15,42.0,82.0,1.0,1.0
2019-11-26 16:56:16,45.0,87.0,1.0,1.0
2019-11-26 16:56:17,44.0,82.0,1.0,1.0
2019-11-26 16:56:18,38.0,89.0,1.0,1.0
2019-11-26 16:56:19,27.0,110.0,1.0,1.0
2019-11-26 16:56:20,15.0,115.0,1.0,1.0
2019-11-26 16:56:21,9.0,105.0,1.0,1.0
2019-11-26 16:56:22,3.0,95.0,1.0,1.0
2019-11-26 16:56:23,1.0,72.0,1.0,1.0
2019-11-26 16:56:24,1.0,59.0,1.0,1.0
2019-11-26 16:56:25,1.0,63.0,1.0,1.0
2019-11-26 16:56:26,0.0,58.0,1.0,0.0
2019-11-26 16:56:27,1.0,54.0,1.0,1.0
2019-11-26 16:56:28,3.0,76.0,1.0,1.0
2019-11-26 16:56:29,3.0,101.0,1.0,1.0
2019-11-26 16:56:30,3.0,142.0,1.0,1.0
2019-11-26 16:56:31,3.0,200.0,1.0,1.0
2019-11-26 16:56:32,2.0,222.0,1.0,1.0
2019-11-26 16:56:33,0.0,207.0,1.0,0.0
2019-11-26 16:56:34,1.0,201.0,1.0,1.0
2019-11-26 16:56:35,1.0,177.0,1.0,1.0
2019-11-26 16:56:36,2.0,125.0,1.0,1.0
2019-11-26 16:56:37,2.0,109.0,1.0,1.0
2019-11-26 16:56:38,2.0,101.0,1.0,1.0
2019-11-26 16:56:39,1.0,68.0,1.0,1.0
2019-11-26 16:56:40,4.0,50.0,1.0,1.0
2019-11-26 16:56:41,3.0,74.0,1.0,1.0
2019-11-26 16:56:42,3.0,93.0,1.0,1.0
2019-11-26 16:56:43,7.0,102.0,1.0,1.0
2019-11-26 16:56:44,9.0,104.0,1.0,1.0
2019-11-26 16:56:45,7.0,88.0,1.0,1.0
2019-11-26 16:56:46,13.0,65.0,1.0,1.0
2019-11-26 16:56:47,31.0,44.0,1.0,1.0
2019-11-26 16:56:48,41.0,44.0,1.0,1.0
2019-11-26 16:56:49,46.0,59.0,1.0,1.0
2019-11-26 16:56:50,46.0,63.0,1.0,1.0
2019-11-26 16:56:51,42.0,51.0,1.0,1.0
2019-11-26 16:56:52,27.0,46.0,1.0,1.0
2019-11-26 16:56:53,19.0,41.0,1.0,1.0
2019-11-26 16:56:54,20.0,33.0,1.0,1.0
2019-11-26 16:56:55,32.0,44.0,1.0,1.0
2019-11-26 16:56:56,36.0,59.0,1.0,1.0
2019-11-26 16:56:57,33.0,76.0,1.0,1.0
2019-11-26 16:56:58,28.0,95.0,1.0,1.0
2019-11-26 16:56:59,24.0,93.0,1.0,1.0
2019-11-26 16:57:00,12.0,79.0,1.0,1.0
2019-11-26 16:57:01,10.0,67.0,1.0,1.0
2019-11-26 16:57:02,20.0,46.0,1.0,1.0
2019-11-26 16:57:03,28.0,22.0,1.0,1.0
2019-11-26 16:57:04,30.0,14.0,1.0,1.0
2019-11-26 16:57:05,37.0,21.0,1.0,1.0
2019-11-26 16:57:06,39.0,46.0,1.0,1.0
2019-11-26 16:57:07,34.0,77.0,1.0,1.0
2019-11-26 16:57:08,24.0,80.0,1.0,1.0
2019-11-26 16:57:09,18.0,89.0,1.0,1.0
2019-11-26 16:57:10,10.0,86.0,1.0,1.0
2019-11-26 16:57:11,5.0,66.0,1.0,1.0
2019-11-26 16:57:12,0.0,58.0,1.0,0.0
2019-11-26 16:57:13,0.0,79.0,1.0,0.0
2019-11-26 16:57:14,0.0,100.0,1.0,0.0
2019-11-26 16:57:15,0.0,114.0,1.0,0.0
2019-11-26 16:57:16,0.0,109.0,1.0,0.0
2019-11-26 16:57:17,0.0,93.0,1.0,0.0
2019-11-26 16:57:18,0.0,71.0,1.0,0.0
2019-11-26 16:57:19,1.0,60.0,1.0,1.0
2019-11-26 16:57:20,13.0,66.0,1.0,1.0
2019-11-26 16:57:21,27.0,82.0,1.0,1.0
2019-11-26 16:57:22,30.0,88.0,1.0,1.0
2019-11-26 16:57:23,39.0,109.0,1.0,1.0
2019-11-26 16:57:24,48.0,122.0,1.0,1.0
2019-11-26 16:57:25,39.0,118.0,1.0,1.0
2019-11-26 16:57:26,35.0,110.0,1.0,1.0
2019-11-26 16:57:27,46.0,114.0,1.0,1.0
2019-11-26 16:57:28,43.0,107.0,1.0,1.0
2019-11-26 16:57:29,36.0,85.0,1.0,1.0
2019-11-26 16:57:30,33.0,80.0,1.0,1.0
2019-11-26 16:57:31,25.0,75.0,1.0,1.0
2019-11-26 16:57:32,25.0,68.0,1.0,1.0
2019-11-26 16:57:33,46.0,62.0,1.0,1.0
2019-11-26 16:57:34,66.0,57.0,1.0,1.0
2019-11-26 16:57:35,74.0,50.0,1.0,1.0
2019-11-26 16:57:36,82.0,54.0,1.0,1.0
2019-11-26 16:57:37,77.0,73.0,1.0,1.0
2019-11-26 16:57:38,57.0,77.0,1.0,1.0
2019-11-26 16:57:39,40.0,78.0,1.0,1.0
2019-11-26 16:57:40,37.0,80.0,1.0,1.0
2019-11-26 16:57:41,30.0,74.0,1.0,1.0
2019-11-26 16:57:42,23.0,49.0,1.0,1.0
2019-11-26 16:57:43,18.0,44.0,1.0,1.0
2019-11-26 16:57:44,21.0,47.0,1.0,1.0
2019-11-26 16:57:45,22.0,40.0,1.0,1.0
2020-01-03 16:14:58,24.0,59.0,1.0,1.0
2020-01-03 16:14:59,25.0,94.0,1.0,1.0
2020-01-03 16:15:00,27.0,106.0,1.0,1.0
2020-01-03 16:15:01,21.0,104.0,1.0,1.0
2020-01-03 16:15:02,27.0,113.0,1.0,1.0
2020-01-03 16:15:03,35.0,94.0,1.0,1.0
2020-01-03 16:15:04,32.0,59.0,1.0,1.0
2020-01-03 16:15:05,27.0,46.0,1.0,1.0
2020-01-03 16:15:06,25.0,47.0,1.0,1.0
2020-01-03 16:15:07,13.0,44.0,1.0,1.0
2020-01-03 16:15:08,10.0,51.0,1.0,1.0
2020-01-03 16:15:09,23.0,54.0,1.0,1.0
2020-01-03 16:15:10,44.0,47.0,1.0,1.0
2020-01-03 16:15:11,63.0,38.0,1.0,1.0
2020-01-03 16:15:12,71.0,25.0,1.0,1.0
2020-01-03 16:15:13,64.0,10.0,1.0,1.0
2020-01-03 16:15:14,56.0,1.0,1.0,1.0
2020-01-03 16:15:15,39.0,0.0,0.0,1.0
2020-01-03 16:15:16,20.0,0.0,0.0,1.0
2020-01-03 16:15:17,12.0,0.0,0.0,1.0
2020-01-03 16:15:18,20.0,0.0,0.0,1.0
2020-01-03 16:15:19,27.0,0.0,0.0,1.0
2020-01-03 16:15:20,23.0,0.0,0.0,1.0
2020-01-03 16:15:21,24.0,0.0,0.0,1.0
2020-01-03 16:15:22,27.0,0.0,0.0,1.0
2020-01-03 16:15:23,29.0,6.0,1.0,1.0
2020-01-03 16:15:24,36.0,21.0,1.0,1.0
2020-01-03 16:15:25,40.0,34.0,1.0,1.0
2020-01-03 16:15:26,43.0,40.0,1.0,1.0
2020-01-03 16:15:27,40.0,44.0,1.0,1.0
2020-01-03 16:15:28,29.0,44.0,1.0,1.0
2020-01-03 16:15:29,9.0,42.0,1.0,1.0
2020-01-03 16:15:30,4.0,36.0,1.0,1.0
2020-01-03 16:15:31,0.0,33.0,1.0,0.0
2020-01-03 16:15:32,0.0,41.0,1.0,0.0
2020-01-03 16:15:33,0.0,81.0,1.0,0.0
2020-01-03 16:15:34,0.0,145.0,1.0,0.0
2020-01-03 16:15:35,7.0,208.0,1.0,1.0
2020-01-03 16:15:36,22.0,242.0,1.0,1.0
2020-01-03 16:15:37,50.0,233.0,1.0,1.0
2020-01-03 16:15:38,69.0,194.0,1.0,1.0
2020-01-03 16:15:39,80.0,117.0,1.0,1.0
2020-01-03 16:15:40,76.0,53.0,1.0,1.0
2020-01-03 16:15:41,65.0,25.0,1.0,1.0
2020-01-03 16:15:42,38.0,29.0,1.0,1.0
2020-01-03 16:15:43,18.0,21.0,1.0,1.0
2020-01-03 16:15:44,11.0,29.0,1.0,1.0
2020-01-03 16:15:45,15.0,39.0,1.0,1.0
2020-01-03 16:15:46,13.0,49.0,1.0,1.0
2020-01-03 16:15:47,39.0,62.0,1.0,1.0
2020-01-03 16:15:48,67.0,82.0,1.0,1.0
2020-01-03 16:15:49,65.0,84.0,1.0,1.0
2020-01-03 16:15:50,59.0,77.0,1.0,1.0
2020-01-03 16:15:51,56.0,61.0,1.0,1.0
2020-01-03 16:15:52,43.0,48.0,1.0,1.0
2020-01-03 16:15:53,37.0,44.0,1.0,1.0
2020-01-03 16:15:54,52.0,42.0,1.0,1.0
2020-01-03 16:15:55,69.0,34.0,1.0,1.0
2020-01-03 16:15:56,80.0,31.0,1.0,1.0
2020-01-03 16:15:57,80.0,24.0,1.0,1.0
2020-01-03 16:15:58,67.0,8.0,1.0,1.0
2020-01-03 16:15:59,67.0,0.0,0.0,1.0
2020-01-03 16:16:00,54.0,0.0,0.0,1.0
2020-01-03 16:16:01,58.0,0.0,0.0,1.0
2020-01-03 16:16:02,55.0,0.0,0.0,1.0
2020-01-03 16:16:03,47.0,0.0,0.0,1.0
2020-01-03 16:16:04,34.0,0.0,0.0,1.0
2020-01-03 16:16:05,33.0,0.0,0.0,1.0
2020-01-03 16:16:06,40.0,0.0,0.0,1.0
2020-01-03 16:16:07,56.0,0.0,0.0,1.0
2020-01-03 16:16:08,70.0,0.0,0.0,1.0
2020-01-03 16:16:09,83.0,0.0,0.0,1.0
2020-01-03 16:16:10,87.0,0.0,0.0,1.0
2020-01-03 16:16:11,75.0,0.0,0.0,1.0
2020-01-03 16:16:12,59.0,0.0,0.0,1.0
2020-01-03 16:16:13,45.0,0.0,0.0,1.0
2020-01-03 16:16:14,29.0,0.0,0.0,1.0
2020-01-03 16:16:15,20.0,0.0,0.0,1.0
2020-01-03 16:16:16,10.0,0.0,0.0,1.0
2020-01-03 16:16:17,0.0,0.0,0.0,0.0
2020-01-03 16:16:18,3.0,0.0,0.0,1.0
2020-01-03 16:16:19,15.0,0.0,0.0,1.0
2020-01-03 16:16:20,23.0,0.0,0.0,1.0
2020-01-03 16:16:21,23.0,7.0,1.0,1.0
2020-01-03 16:16:22,23.0,21.0,1.0,1.0
2020-01-03 16:16:23,22.0,36.0,1.0,1.0
2020-01-03 16:16:24,12.0,45.0,1.0,1.0
2020-01-03 16:16:25,3.0,45.0,1.0,1.0
2020-01-03 16:16:26,9.0,48.0,1.0,1.0
2020-01-03 16:16:27,24.0,46.0,1.0,1.0
2020-01-03 16:16:28,44.0,49.0,1.0,1.0
2020-01-03 16:16:29,54.0,64.0,1.0,1.0
2020-01-03 16:16:30,59.0,81.0,1.0,1.0
2020-01-03 16:16:31,57.0,90.0,1.0,1.0
2020-01-03 16:16:32,43.0,95.0,1.0,1.0
2020-01-03 16:16:33,21.0,85.0,1.0,1.0
2020-01-03 16:16:34,11.0,69.0,1.0,1.0
2020-01-03 16:16:35,5.0,68.0,1.0,1.0
2020-01-03 16:16:36,1.0,61.0,1.0,1.0
2020-01-03 16:16:37,0.0,50.0,1.0,0.0
2020-01-03 16:16:38,13.0,61.0,1.0,1.0
2020-01-03 16:16:39,28.0,70.0,1.0,1.0
2020-01-03 16:16:40,29.0,63.0,1.0,1.0
2020-01-03 16:16:41,29.0,52.0,1.0,1.0
2020-01-03 16:16:42,29.0,45.0,1.0,1.0
2020-01-03 16:16:43,16.0,26.0,1.0,1.0
2020-01-03 16:16:44,1.0,13.0,1.0,1.0
2020-01-03 16:16:45,9.0,14.0,1.0,1.0
2020-01-03 16:16:46,23.0,24.0,1.0,1.0
2020-01-03 16:16:47,26.0,35.0,1.0,1.0
2020-01-03 16:16:48,33.0,51.0,1.0,1.0
2020-01-03 16:16:49,35.0,74.0,1.0,1.0
2020-01-03 16:16:50,40.0,77.0,1.0,1.0
2020-01-03 16:16:51,31.0,67.0,1.0,1.0
2020-01-03 16:16:52,45.0,57.0,1.0,1.0
2020-01-03 16:16:53,55.0,41.0,1.0,1.0
2020-01-03 16:16:54,56.0,15.0,1.0,1.0
2020-01-03 16:16:55,45.0,3.0,1.0,1.0
2020-01-03 16:16:56,53.0,4.0,1.0,1.0
2020-01-03 16:16:57,47.0,9.0,1.0,1.0
2020-01-03 16:16:58,38.0,31.0,1.0,1.0
2020-01-03 16:16:59,45.0,60.0,1.0,1.0
2020-01-03 16:17:00,52.0,76.0,1.0,1.0
2020-01-03 16:17:01,45.0,78.0,1.0,1.0
2020-01-03 16:17:02,41.0,80.0,1.0,1.0
2020-01-03 16:17:03,44.0,69.0,1.0,1.0
2020-01-03 16:17:04,44.0,66.0,1.0,1.0
2020-01-03 16:17:05,36.0,70.0,1.0,1.0
2020-01-03 16:17:06,32.0,68.0,1.0,1.0
2020-01-03 16:17:07,45.0,66.0,1.0,1.0
2020-01-03 16:17:08,60.0,55.0,1.0,1.0
2020-01-03 16:17:09,55.0,30.0,1.0,1.0
2020-01-03 16:17:10,59.0,16.0,1.0,1.0
2020-01-03 16:17:11,60.0,20.0,1.0,1.0
2020-01-03 16:17:12,46.0,16.0,1.0,1.0
2020-01-03 16:17:13,23.0,16.0,1.0,1.0
2020-01-03 16:17:14,19.0,16.0,1.0,1.0
2020-01-03 16:17:15,15.0,11.0,1.0,1.0
2020-01-03 16:17:16,12.0,6.0,1.0,1.0
2020-01-03 16:17:17,25.0,5.0,1.0,1.0
2020-01-03 16:17:18,54.0,5.0,1.0,1.0
2020-01-03 16:17:19,71.0,5.0,1.0,1.0
2020-01-03 16:17:20,104.0,4.0,1.0,1.0
2020-01-03 16:17:21,137.0,1.0,1.0,1.0
2020-01-03 16:17:22,125.0,0.0,0.0,1.0
2020-01-03 16:17:23,111.0,8.0,1.0,1.0
2020-01-03 16:17:24,99.0,31.0,1.0,1.0
2020-01-03 16:17:25,70.0,53.0,1.0,1.0
2020-01-03 16:17:26,37.0,55.0,1.0,1.0
2020-01-03 16:20:09,38.0,71.0,1.0,1.0
2020-01-03 16:20:10,53.0,99.0,1.0,1.0
2020-01-03 16:20:11,62.0,107.0,1.0,1.0
2020-01-03 16:20:12,81.0,95.0,1.0,1.0
2020-01-03 16:20:13,108.0,101.0,1.0,1.0
2020-01-03 16:20:14,103.0,90.0,1.0,1.0
2020-01-03 16:20:15,84.0,60.0,1.0,1.0
2020-01-03 16:20:16,68.0,34.0,1.0,1.0
2020-01-03 16:20:17,42.0,28.0,1.0,1.0
2020-01-03 16:20:18,17.0,24.0,1.0,1.0
2020-01-03 16:20:19,13.0,20.0,1.0,1.0
2020-01-03 16:20:20,3.0,49.0,1.0,1.0
2020-01-03 16:20:21,3.0,97.0,1.0,1.0
2020-01-03 16:20:22,6.0,121.0,1.0,1.0
2020-01-03 16:20:23,8.0,140.0,1.0,1.0
2020-01-03 16:20:24,10.0,180.0,1.0,1.0
2020-01-03 16:20:25,15.0,153.0,1.0,1.0
2020-01-03 16:20:26,22.0,138.0,1.0,1.0
2020-01-03 16:20:27,30.0,134.0,1.0,1.0
2020-01-03 16:20:28,38.0,131.0,1.0,1.0
2020-01-03 16:20:29,48.0,111.0,1.0,1.0
2020-01-03 16:20:30,47.0,115.0,1.0,1.0
2020-01-03 16:20:31,38.0,104.0,1.0,1.0
2020-01-03 16:20:32,27.0,89.0,1.0,1.0
2020-01-03 16:20:33,20.0,78.0,1.0,1.0
2020-01-03 16:20:34,11.0,56.0,1.0,1.0
2020-01-03 16:20:35,7.0,43.0,1.0,1.0
2020-01-03 16:20:36,7.0,16.0,1.0,1.0
2020-01-03 16:20:37,7.0,8.0,1.0,1.0
2020-01-03 16:20:38,4.0,0.0,0.0,1.0
2020-01-03 16:20:39,1.0,0.0,0.0,1.0
2020-01-03 16:20:40,1.0,0.0,0.0,1.0
2020-01-03 16:20:41,1.0,0.0,0.0,1.0
2020-01-03 16:20:42,1.0,0.0,0.0,1.0
2020-01-03 16:20:43,0.0,0.0,0.0,0.0
2020-01-03 16:20:44,0.0,0.0,0.0,0.0
2020-01-03 16:20:45,4.0,21.0,1.0,1.0
2020-01-03 16:20:46,7.0,56.0,1.0,1.0
2020-01-03 16:20:47,9.0,82.0,1.0,1.0
2020-01-03 16:20:48,11.0,98.0,1.0,1.0
2020-01-03 16:20:49,11.0,114.0,1.0,1.0
2020-01-03 16:20:50,7.0,115.0,1.0,1.0
2020-01-03 16:20:51,4.0,86.0,1.0,1.0
2020-01-03 16:20:52,2.0,61.0,1.0,1.0
2020-01-03 16:20:53,5.0,49.0,1.0,1.0
2020-01-03 16:20:54,10.0,37.0,1.0,1.0
2020-01-03 16:20:55,11.0,18.0,1.0,1.0
2020-01-03 16:20:56,11.0,15.0,1.0,1.0
2020-01-03 16:20:57,11.0,14.0,1.0,1.0
2020-01-03 16:20:58,10.0,9.0,1.0,1.0
2020-01-03 16:20:59,6.0,6.0,1.0,1.0
2020-01-03 16:21:00,8.0,2.0,1.0,1.0
2020-01-03 16:21:01,19.0,0.0,0.0,1.0
2020-01-03 16:21:02,36.0,0.0,0.0,1.0
2020-01-03 16:21:03,58.0,0.0,0.0,1.0
2020-01-03 16:21:04,76.0,0.0,0.0,1.0
2020-01-03 16:21:05,86.0,0.0,0.0,1.0
2020-01-03 16:21:06,82.0,0.0,0.0,1.0
2020-01-03 16:21:07,81.0,0.0,0.0,1.0
2020-01-03 16:21:08,69.0,0.0,0.0,1.0
2020-01-03 16:21:09,58.0,0.0,0.0,1.0
2020-01-03 16:21:10,58.0,3.0,1.0,1.0
2020-01-03 16:21:11,63.0,5.0,1.0,1.0
2020-01-03 16:21:12,57.0,15.0,1.0,1.0
2020-01-03 16:21:13,45.0,30.0,1.0,1.0
2020-01-03 16:21:14,36.0,40.0,1.0,1.0
2020-01-03 16:21:15,28.0,38.0,1.0,1.0
2020-01-03 16:21:16,22.0,38.0,1.0,1.0
2020-01-03 16:21:17,20.0,33.0,1.0,1.0
2020-01-03 16:21:18,27.0,24.0,1.0,1.0
2020-01-03 16:21:19,28.0,29.0,1.0,1.0
2020-01-03 16:21:20,27.0,65.0,1.0,1.0
2020-01-03 16:21:21,31.0,105.0,1.0,1.0
2020-01-03 16:21:22,33.0,113.0,1.0,1.0
2020-01-03 16:21:23,27.0,127.0,1.0,1.0
2020-01-03 16:21:24,30.0,128.0,1.0,1.0
2020-01-03 16:21:25,33.0,128.0,1.0,1.0
2020-01-03 16:21:26,27.0,105.0,1.0,1.0
2020-01-03 16:21:27,25.0,114.0,1.0,1.0
2020-01-16 12:23:34,48.0,0.0,0.0,1.0
2020-01-16 12:23:35,93.0,0.0,0.0,1.0
2020-01-16 12:23:36,113.0,0.0,0.0,1.0
2020-01-16 12:23:37,137.0,0.0,0.0,1.0
2020-01-16 12:23:38,157.0,0.0,0.0,1.0
2020-01-16 12:23:39,139.0,0.0,0.0,1.0
2020-01-16 12:23:40,95.0,0.0,0.0,1.0
2020-01-16 12:23:41,69.0,0.0,0.0,1.0
2020-01-16 12:23:42,41.0,0.0,0.0,1.0
2020-01-16 12:23:43,14.0,0.0,0.0,1.0
2020-01-16 12:23:44,6.0,0.0,0.0,1.0
2020-01-16 12:23:45,0.0,0.0,0.0,0.0
2020-01-16 12:23:46,0.0,0.0,0.0,0.0
2020-01-16 12:23:47,0.0,1.0,1.0,0.0
2020-01-16 12:23:48,0.0,3.0,1.0,0.0
2020-01-16 12:23:49,0.0,3.0,1.0,0.0
2020-01-16 12:23:50,0.0,3.0,1.0,0.0
2020-01-16 12:23:51,0.0,3.0,1.0,0.0
2020-01-16 12:23:52,0.0,2.0,1.0,0.0
2020-01-16 12:23:53,0.0,0.0,0.0,0.0
2020-01-16 12:23:54,0.0,0.0,0.0,0.0
2020-01-16 12:23:55,0.0,0.0,0.0,0.0
2020-01-16 12:23:56,0.0,0.0,0.0,0.0
2020-01-16 12:23:57,0.0,0.0,0.0,0.0
2020-01-16 12:23:58,0.0,1.0,1.0,0.0
2020-01-16 12:23:59,0.0,3.0,1.0,0.0
2020-01-16 12:24:00,0.0,6.0,1.0,0.0
2020-01-16 12:24:01,0.0,14.0,1.0,0.0
2020-01-16 12:24:02,0.0,25.0,1.0,0.0
2020-01-16 12:24:03,0.0,26.0,1.0,0.0
2020-01-16 12:24:04,0.0,25.0,1.0,0.0
2020-01-16 12:24:05,0.0,23.0,1.0,0.0
2020-01-16 12:24:06,0.0,15.0,1.0,0.0
2020-01-16 12:24:07,0.0,3.0,1.0,0.0
2020-01-16 12:24:08,0.0,2.0,1.0,0.0
2020-01-16 12:24:09,0.0,0.0,0.0,0.0
2020-01-16 12:24:10,0.0,0.0,0.0,0.0
2020-01-16 12:24:11,0.0,0.0,0.0,0.0
2020-01-16 12:24:12,0.0,0.0,0.0,0.0
2020-01-16 12:24:13,0.0,0.0,0.0,0.0
2020-01-16 12:24:14,0.0,2.0,1.0,0.0
2020-01-16 12:24:15,0.0,6.0,1.0,0.0
2020-01-16 12:24:16,0.0,11.0,1.0,0.0
2020-01-16 12:24:17,0.0,14.0,1.0,0.0
2020-01-16 12:24:18,0.0,14.0,1.0,0.0
2020-01-16 12:24:19,0.0,12.0,1.0,0.0
2020-01-16 12:24:20,0.0,8.0,1.0,0.0
2020-01-16 12:24:21,0.0,5.0,1.0,0.0
2020-01-16 12:24:22,0.0,2.0,1.0,0.0
2020-01-16 12:24:23,0.0,7.0,1.0,0.0
2020-01-16 12:24:24,0.0,14.0,1.0,0.0
2020-01-16 12:24:25,0.0,31.0,1.0,0.0
2020-01-16 12:24:26,0.0,42.0,1.0,0.0
2020-01-16 12:24:27,0.0,46.0,1.0,0.0
2020-01-16 12:24:28,0.0,43.0,1.0,0.0
2020-01-16 12:24:29,0.0,40.0,1.0,0.0
2020-01-16 12:24:30,0.0,25.0,1.0,0.0
2020-01-16 12:24:31,0.0,15.0,1.0,0.0
2020-01-16 12:24:32,0.0,10.0,1.0,0.0
2020-01-16 12:24:33,0.0,8.0,1.0,0.0
2020-01-16 12:24:34,0.0,8.0,1.0,0.0
2020-01-16 12:24:35,1.0,6.0,1.0,1.0
2020-01-16 12:24:36,6.0,14.0,1.0,1.0
2020-01-16 12:24:37,17.0,39.0,1.0,1.0
2020-01-16 12:24:38,25.0,52.0,1.0,1.0
2020-01-16 12:24:39,27.0,50.0,1.0,1.0
2020-01-16 12:24:40,28.0,50.0,1.0,1.0
2020-01-16 12:24:41,25.0,39.0,1.0,1.0
2020-01-16 12:24:42,19.0,15.0,1.0,1.0
2020-01-16 12:24:43,14.0,1.0,1.0,1.0
2020-01-16 12:24:44,14.0,0.0,0.0,1.0
2020-01-16 12:24:45,16.0,0.0,0.0,1.0
2020-01-16 12:24:46,19.0,0.0,0.0,1.0
2020-01-16 12:24:47,19.0,0.0,0.0,1.0
2020-01-16 12:24:48,23.0,0.0,0.0,1.0
2020-01-16 12:24:49,28.0,0.0,0.0,1.0
2020-01-16 12:24:50,26.0,0.0,0.0,1.0
2020-01-16 12:24:51,22.0,0.0,0.0,1.0
2020-01-16 12:24:52,20.0,0.0,0.0,1.0
2020-01-16 12:24:53,14.0,0.0,0.0,1.0
2020-01-16 12:24:54,5.0,0.0,0.0,1.0
2020-01-16 12:24:55,4.0,0.0,0.0,1.0
2020-01-16 12:24:56,3.0,0.0,0.0,1.0
2020-01-16 12:24:57,1.0,0.0,0.0,1.0
2020-01-16 12:24:58,0.0,0.0,0.0,0.0
2020-01-16 12:24:59,0.0,7.0,1.0,0.0
2020-01-16 12:25:00,0.0,18.0,1.0,0.0
2020-01-16 12:25:01,2.0,27.0,1.0,1.0
2020-01-16 12:25:02,3.0,36.0,1.0,1.0
2020-01-16 12:25:03,7.0,37.0,1.0,1.0
2020-01-16 12:25:04,9.0,34.0,1.0,1.0
2020-01-16 12:25:05,9.0,26.0,1.0,1.0
2020-01-16 12:25:06,8.0,18.0,1.0,1.0
2020-01-16 12:25:07,9.0,10.0,1.0,1.0
2020-01-16 12:25:08,4.0,15.0,1.0,1.0
2020-01-16 12:25:09,2.0,15.0,1.0,1.0
2020-01-16 12:25:10,2.0,12.0,1.0,1.0
2020-01-16 12:25:11,2.0,11.0,1.0,1.0
2020-01-16 12:25:12,0.0,11.0,1.0,0.0
2020-01-16 12:25:13,0.0,4.0,1.0,0.0
2020-01-16 12:25:14,0.0,0.0,0.0,0.0
2020-01-16 12:25:15,0.0,0.0,0.0,0.0
2020-01-16 12:25:16,0.0,0.0,0.0,0.0
2020-01-16 12:25:17,0.0,5.0,1.0,0.0
2020-01-16 12:25:18,0.0,11.0,1.0,0.0
2020-01-16 12:25:19,0.0,27.0,1.0,0.0
2020-01-16 12:25:20,0.0,45.0,1.0,0.0
2020-01-16 12:25:21,0.0,48.0,1.0,0.0
2020-01-16 12:25:22,0.0,47.0,1.0,0.0
2020-01-16 12:25:23,0.0,43.0,1.0,0.0
2020-01-16 12:25:24,0.0,30.0,1.0,0.0
2020-01-16 12:25:25,0.0,12.0,1.0,0.0
2020-01-16 12:25:26,0.0,17.0,1.0,0.0
2020-01-16 12:25:27,1.0,24.0,1.0,1.0
2020-01-16 12:25:28,1.0,32.0,1.0,1.0
2020-01-16 12:25:29,1.0,36.0,1.0,1.0
2020-01-16 12:25:30,1.0,41.0,1.0,1.0
2020-01-16 12:25:31,1.0,40.0,1.0,1.0
2020-01-16 12:25:32,0.0,36.0,1.0,0.0
2020-01-16 12:25:33,0.0,31.0,1.0,0.0
2020-01-16 12:25:34,0.0,27.0,1.0,0.0
2020-01-16 12:25:35,0.0,24.0,1.0,0.0
2020-01-16 12:25:36,0.0,38.0,1.0,0.0
2020-01-16 12:25:37,0.0,52.0,1.0,0.0
2020-01-16 12:25:38,0.0,61.0,1.0,0.0
2020-01-16 12:25:39,0.0,68.0,1.0,0.0
2020-01-16 12:25:40,0.0,70.0,1.0,0.0
2020-01-16 12:25:41,5.0,52.0,1.0,1.0
2020-01-16 12:25:42,7.0,35.0,1.0,1.0
2020-01-16 12:25:43,11.0,22.0,1.0,1.0
2020-01-16 12:25:44,13.0,15.0,1.0,1.0
2020-01-16 12:25:45,13.0,11.0,1.0,1.0
2020-01-16 12:25:46,10.0,8.0,1.0,1.0
2020-01-16 12:25:47,11.0,4.0,1.0,1.0
2020-01-16 12:25:48,7.0,2.0,1.0,1.0
2020-01-16 12:25:49,5.0,0.0,0.0,1.0
2020-01-16 12:25:50,5.0,0.0,0.0,1.0
2020-01-16 12:25:51,4.0,0.0,0.0,1.0
2020-01-16 12:25:52,2.0,9.0,1.0,1.0
2020-01-16 12:25:53,2.0,17.0,1.0,1.0
2020-01-16 12:25:54,2.0,27.0,1.0,1.0
2020-01-16 12:25:55,2.0,47.0,1.0,1.0
2020-01-16 12:25:56,1.0,71.0,1.0,1.0
2020-01-16 12:25:57,0.0,89.0,1.0,0.0
2020-01-16 12:25:58,0.0,94.0,1.0,0.0
2020-01-16 12:25:59,0.0,105.0,1.0,0.0
2020-01-16 12:26:00,0.0,127.0,1.0,0.0
2020-01-16 12:26:01,0.0,130.0,1.0,0.0
2020-01-16 12:26:02,0.0,109.0,1.0,0.0
2020-01-16 12:26:03,0.0,106.0,1.0,0.0
2020-01-16 12:26:04,1.0,100.0,1.0,1.0
2020-01-16 12:26:05,1.0,71.0,1.0,1.0
2020-01-16 12:26:06,1.0,53.0,1.0,1.0
2020-01-16 12:26:07,1.0,54.0,1.0,1.0
2020-01-16 12:26:08,1.0,60.0,1.0,1.0
2020-01-16 12:26:09,0.0,53.0,1.0,0.0
2020-01-16 12:26:10,0.0,54.0,1.0,0.0
2020-01-16 12:26:11,0.0,51.0,1.0,0.0
2020-01-16 12:26:12,4.0,45.0,1.0,1.0
2020-01-16 12:26:13,9.0,40.0,1.0,1.0
2020-01-16 12:26:14,10.0,44.0,1.0,1.0
2020-01-16 12:26:15,10.0,35.0,1.0,1.0
2020-01-16 12:26:16,10.0,44.0,1.0,1.0
2020-01-16 12:26:17,5.0,60.0,1.0,1.0
2020-01-16 12:26:18,1.0,68.0,1.0,1.0
2020-01-16 12:26:19,0.0,64.0,1.0,0.0
2020-01-16 12:26:20,0.0,67.0,1.0,0.0
2020-01-16 12:26:21,0.0,56.0,1.0,0.0
2020-01-16 12:26:22,0.0,42.0,1.0,0.0
2020-01-16 12:26:23,0.0,24.0,1.0,0.0
2020-01-16 12:26:24,0.0,18.0,1.0,0.0
2020-01-16 12:26:25,0.0,13.0,1.0,0.0
2020-01-16 12:26:26,0.0,15.0,1.0,0.0
2020-01-16 12:26:27,0.0,20.0,1.0,0.0
2020-01-16 12:26:28,0.0,31.0,1.0,0.0
2020-01-16 12:26:29,0.0,35.0,1.0,0.0
2020-01-16 12:26:30,0.0,33.0,1.0,0.0
2020-01-16 12:26:31,0.0,29.0,1.0,0.0
2020-01-16 12:26:32,0.0,21.0,1.0,0.0
2020-01-16 12:26:33,0.0,10.0,1.0,0.0
2020-01-16 12:26:34,0.0,4.0,1.0,0.0
2020-01-16 12:26:35,0.0,3.0,1.0,0.0
2020-01-16 12:26:36,0.0,2.0,1.0,0.0
2020-01-16 12:26:37,0.0,2.0,1.0,0.0
2020-01-16 12:26:38,0.0,2.0,1.0,0.0
2020-01-16 12:26:39,0.0,2.0,1.0,0.0
2020-01-16 12:26:40,0.0,2.0,1.0,0.0
2020-01-16 12:29:51,1.0,5.0,1.0,1.0
2020-01-16 12:29:52,5.0,26.0,1.0,1.0
2020-01-16 12:29:53,10.0,40.0,1.0,1.0
2020-01-16 12:29:54,10.0,62.0,1.0,1.0
2020-01-16 12:29:55,10.0,84.0,1.0,1.0
2020-01-16 12:29:56,8.0,82.0,1.0,1.0
2020-01-16 12:29:57,5.0,60.0,1.0,1.0
2020-01-16 12:29:58,0.0,46.0,1.0,0.0
2020-01-16 12:29:59,0.0,23.0,1.0,0.0
2020-01-16 12:30:00,0.0,2.0,1.0,0.0
2020-01-16 12:30:01,0.0,0.0,0.0,0.0
2020-01-16 12:30:02,1.0,3.0,1.0,1.0
2020-01-16 12:30:03,1.0,7.0,1.0,1.0
2020-01-16 12:30:04,2.0,10.0,1.0,1.0
2020-01-16 12:30:05,3.0,13.0,1.0,1.0
2020-01-16 12:30:06,7.0,15.0,1.0,1.0
2020-01-16 12:30:07,6.0,18.0,1.0,1.0
2020-01-16 12:30:08,6.0,32.0,1.0,1.0
2020-01-16 12:30:09,4.0,47.0,1.0,1.0
2020-01-16 12:30:10,4.0,53.0,1.0,1.0
2020-01-16 12:30:11,0.0,57.0,1.0,0.0
2020-01-16 12:30:12,0.0,54.0,1.0,0.0
2020-01-16 12:30:13,0.0,36.0,1.0,0.0
2020-01-16 12:30:14,0.0,19.0,1.0,0.0
2020-01-16 12:30:15,0.0,9.0,1.0,0.0
2020-01-16 12:30:16,0.0,5.0,1.0,0.0
2020-01-16 12:30:17,0.0,10.0,1.0,0.0
2020-01-16 12:30:18,0.0,22.0,1.0,0.0
2020-01-16 12:30:19,0.0,25.0,1.0,0.0
2020-01-16 12:30:20,0.0,26.0,1.0,0.0
2020-01-16 12:30:21,0.0,24.0,1.0,0.0
2020-01-16 12:30:22,0.0,16.0,1.0,0.0
2020-01-16 12:30:23,0.0,4.0,1.0,0.0
2020-01-16 12:30:24,0.0,4.0,1.0,0.0
2020-01-16 12:30:25,0.0,7.0,1.0,0.0
2020-01-16 12:30:26,0.0,15.0,1.0,0.0
2020-01-16 12:30:27,1.0,16.0,1.0,1.0
2020-01-16 12:30:28,1.0,33.0,1.0,1.0
2020-01-16 12:30:29,1.0,44.0,1.0,1.0
2020-01-16 12:30:30,1.0,41.0,1.0,1.0
2020-01-16 12:30:31,2.0,38.0,1.0,1.0
2020-01-16 12:30:32,3.0,43.0,1.0,1.0
2020-01-16 12:30:33,3.0,39.0,1.0,1.0
2020-01-16 12:30:34,4.0,34.0,1.0,1.0
2020-01-16 12:30:35,5.0,36.0,1.0,1.0
2020-01-16 12:30:36,3.0,37.0,1.0,1.0
2020-01-16 12:30:37,3.0,45.0,1.0,1.0
2020-01-16 12:30:38,2.0,58.0,1.0,1.0
2020-01-16 12:30:39,1.0,73.0,1.0,1.0
